date,username,followers,name,category,country,type,rank,also_in
2026-09-25,433,79654283,433,Media,,org,54,
2026-09-25,9gag,51955772,9GAG: Go Fun The World,Media,HK,org,126,
2026-09-25,adele,55957481,Adele,Music,GB,person,114,
2026-09-25,agustd,55091406,SUGA of BTS 민윤기,Music,KR,person,118,
2026-09-25,akshaykumar,64955179,Akshay Kumar,Film & TV,IN,person,84,
2026-09-25,aliaabhatt,85252305,Alia Bhatt,Film & TV,IN,person,48,
2026-09-25,amitabhbachchan,36325369,Amitabh Bachchan,Film & TV,IN,person,206,
2026-09-25,anitta,61067411,Anitta,Music,BR,person,91,
2026-09-25,anushkasharma,67311871,AnushkaSharma1588,Film & TV,IN,person,78,
2026-09-25,arianagrande,362665878,Ariana Grande,Music,US,person,7,Film & TV
2026-09-25,badbunnypr,53414968,Benito Antonio,Music,PR,person,124,
2026-09-25,badgalriri,145747032,badgalriri,Music,BB,person,27,Fashion & beauty
2026-09-25,beingsalmankhan,72699546,Salman Khan,Film & TV,IN,person,66,
2026-09-25,bellahadid,59083023,Bella,Fashion & beauty,US,person,95,
2026-09-25,beyonce,299039695,Beyoncé,Music,US,person,9,
2026-09-25,billieeilish,123863551,BILLIE EILISH,Music,US,person,32,
2026-09-25,blackpinkofficial,57724449,BLΛƆKPIИK,Music,KR,org,104,
2026-09-25,brunomars,43529905,Bruno Mars,Music,US,person,173,
2026-09-25,bts.bighitofficial,81626192,BTS official,Music,KR,org,50,
2026-09-25,camila_cabello,61618683,camila,Music,US,person,89,
2026-09-25,caradelevingne,38140255,Cara Delevingne,Fashion & beauty,GB,person,197,Film & TV
2026-09-25,champagnepapi,139950986,champagnepapi,Music,US,person,28,
2026-09-25,championsleague,120587251,UEFA Champions League,Sports,,org,33,
2026-09-25,chanelofficial,59017528,CHANEL,Brands,FR,org,96,
2026-09-25,charlidamelio,40128435,charli,Creators,US,person,183,
2026-09-25,chrisbrownofficial,139951287,BROWN,Music,US,person,29,
2026-09-25,chrishemsworth,58113195,Chris Hemsworth,Film & TV,AU,person,102,
2026-09-25,cristiano,679532239,Cristiano Ronaldo,Sports,PT,person,2,
2026-09-25,daddyyankee,50607141,DY,Music,US,person,135,
2026-09-25,davidbeckham,87713229,David Beckham,Sports,GB,person,46,
2026-09-25,ddlovato,147619850,Demi Lovato,Music,US,person,26,Film & TV
2026-09-25,deepikapadukone,78035972,दीपिका पादुकोण,Film & TV,IN,person,57,
2026-09-25,dior,46622184,Dior Official,Fashion & beauty,FR,org,151,
2026-09-25,dishapatani,60330116,disha patani (paatni),Film & TV,IN,person,92,
2026-09-25,dojacat,24345003,Doja Cat,Music,US,person,331,
2026-09-25,dualipa,88755489,DUA LIPA,Music,GB,person,44,
2026-09-25,emmawatson,70890510,Emma Watson,Film & TV,GB,person,67,
2026-09-25,espn,28773154,ESPN,Media,US,org,265,
2026-09-25,fcbarcelona,148837661,FC Barcelona,Sports,ES,org,25,
2026-09-25,fifaworldcup,67013411,FIFA World Cup,Sports,,org,81,
2026-09-25,gal_gadot,103446842,Gal Gadot,Film & TV,IL,person,38,
2026-09-25,georginagio,78337534,Georgina Rodríguez,Fashion & beauty,ES,person,56,
2026-09-25,gigihadid,73540758,Gigi Hadid,Fashion & beauty,US,person,65,
2026-09-25,gucci,50560015,GUCCI,Fashion & beauty,IT,org,134,
2026-09-25,haileybieber,58756836,Hailey Rhode Bieber,Fashion & beauty,US,person,99,
2026-09-25,harrystyles,45761498,Harry Styles,Music,GB,person,158,
2026-09-25,hudabeauty,56238672,HUDA BEAUTY,Brands,,org,113,
2026-09-25,iamcardib,160978078,Cardi B,Music,US,person,23,
2026-09-25,iamsrk,48417548,Shah Rukh Khan,Film & TV,IN,person,144,
2026-09-25,instagram,686693469,Instagram,Brands,US,org,1,
2026-09-25,j.m,60140209,JIMIN,Music,KR,person,93,
2026-09-25,jamesrodriguez10,50182214,James Rodríguez,Sports,CO,person,136,
2026-09-25,jbalvin,49248500,J Balvin,Music,CO,person,140,
2026-09-25,jennierubyjane,89456572,J,Music,KR,person,43,
2026-09-25,jin,56617205,Jin of BTS,Music,KR,person,110,
2026-09-25,jlo,240059712,Jennifer Lopez,Music,US,person,17,Film & TV
2026-09-25,justintimberlake,68899429,Justin Timberlake,Music,US,person,71,Film & TV
2026-09-25,juventus,58998967,Juventus,Sports,IT,org,97,
2026-09-25,k.mbappe,136898133,Kylian Mbappé,Sports,FR,person,30,
2026-09-25,kareenakapoorkhan,14018939,Kareena Kapoor Khan,Film & TV,IN,person,640,
2026-09-25,karimbenzema,74404586,Karim Benzema,Sports,FR,person,64,
2026-09-25,karolg,70422481,KAROL G,Music,CO,person,69,
2026-09-25,katrinakaif,78682174,Katrina Kaif,Film & TV,IN,person,55,
2026-09-25,katyperry,195332696,KATY PERRY,Music,US,person,19,
2026-09-25,kendalljenner,277554209,Kendall,Fashion & beauty,US,person,12,Film & TV
2026-09-25,kevinhart4real,172012978,Kevin Hart,Film & TV,US,person,22,
2026-09-25,khaby00,78063278,Khabane Lame,Creators,IT,person,58,
2026-09-25,khloekardashian,291613693,Khloé Kardashian,Film & TV,US,person,10,
2026-09-25,kimkardashian,343896529,Kim Kardashian,Film & TV,US,person,8,Fashion & beauty
2026-09-25,kingjames,153788760,kingjames,Sports,US,person,24,
2026-09-25,kourtneykardash,209230796,Kourtney Kardashian Barker,Film & TV,US,person,18,
2026-09-25,krisjenner,50116375,Kris Jenner,Film & TV,US,person,138,
2026-09-25,kritisanon,57922943,Kriti Sanon,Film & TV,IN,person,103,
2026-09-25,kyliejenner,380903929,Kylie,Fashion & beauty,US,person,6,Film & TV
2026-09-25,ladygaga,61174684,Lady Gaga,Music,US,person,90,Film & TV
2026-09-25,lalalalisa_m,105975150,LISA,Music,TH,person,35,Film & TV
2026-09-25,laliga,55612905,LALIGA,Sports,ES,org,116,
2026-09-25,lelepons,52109080,Lele Pons,Creators,VE,person,125,
2026-09-25,leomessi,517058397,Leo Messi,Sports,AR,person,3,
2026-09-25,leonardodicaprio,58763940,Leonardo DiCaprio,Film & TV,US,person,100,
2026-09-25,louisvuitton,55094383,Louis Vuitton,Fashion & beauty,FR,org,119,
2026-09-25,maluma,63445373,MALUMA,Music,CO,person,86,
2026-09-25,marcelotwelve,67122233,Marcelo Vieira,Sports,BR,person,80,
2026-09-25,marvel,65105746,Marvel Entertainment,Brands,US,org,83,
2026-09-25,mosalah,67936972,Mohamed Salah,Sports,EG,person,74,
2026-09-25,mrbeast,89526860,MrBeast,Creators,US,person,42,
2026-09-25,narendramodi,106806277,Narendra Modi,Public figures,IN,person,34,
2026-09-25,nasa,104339410,NASA,Media,US,org,36,
2026-09-25,natgeo,268539314,National Geographic,Media,US,org,15,
2026-09-25,nba,87957258,NBA,Sports,US,org,45,
2026-09-25,nehakakkar,76131551,Neha Kakkar,Music,IN,person,63,
2026-09-25,netflix,42381033,Netflix US,Film & TV,US,org,176,
2026-09-25,neymarjr,241838543,Neymar Jr,Sports,BR,person,16,
2026-09-25,nfl,32710324,NFL,Sports,US,org,230,
2026-09-25,nike,291137171,Nike,Brands,US,org,11,
2026-09-25,paulpogba,63467459,Paul Labile Shakur Pogba,Sports,FR,person,87,
2026-09-25,postmalone,26399487,postmalone,Music,US,person,297,
2026-09-25,premierleague,80393303,Premier League,Sports,GB,org,52,
2026-09-25,priyankachopra,92904500,Priyanka,Film & TV,IN,person,41,
2026-09-25,psg,67386830,Paris Saint-Germain,Sports,FR,org,77,
2026-09-25,realdonaldtrump,44037865,President Donald J. Trump,Public figures,US,person,169,
2026-09-25,realmadrid,181202078,Real Madrid C.F.,Sports,ES,org,20,
2026-09-25,rkive,53736872,RM,Music,KR,person,123,
2026-09-25,robertdowneyjr,58840864,Robert Downey Jr.,Film & TV,US,person,98,
2026-09-25,ronaldinho,81100191,Ronaldo de Assis Moreira,Sports,BR,person,51,
2026-09-25,roses_are_rosie,83099925,ROSÉ,Music,NZ,person,49,
2026-09-25,selenagomez,403204861,Selena Gomez,Music,US,person,4,Film & TV
2026-09-25,sergioramos,69864173,Sergio Ramos,Sports,ES,person,70,
2026-09-25,shakira,103336569,Shakira,Music,CO,person,39,
2026-09-25,shawnmendes,68553625,Shawn Mendes,Music,CA,person,73,
2026-09-25,shraddhakapoor,92950964,Shraddha,Film & TV,IN,person,40,
2026-09-25,snoopdogg,86776565,snoopdogg,Music,US,person,47,
2026-09-25,sunnyleone,54716899,Sunny Leone,Film & TV,US,person,120,
2026-09-25,tatawerneck,54551265,Tata Werneck,Film & TV,BR,person,121,
2026-09-25,taylorswift,272837570,Taylor Swift,Music,US,person,13,
2026-09-25,teddysphotos,47260303,Ed Sheeran,Music,GB,person,149,
2026-09-25,therock,381209293,Dwayne Johnson,Film & TV,US,person,5,Sports
2026-09-25,theweeknd,77830503,Abel,Music,CA,person,59,
2026-09-25,thv,76784051,V,Music,KR,person,61,
2026-09-25,tigerjackieshroff,39214826,Tiger shroff,Film & TV,IN,person,189,
2026-09-25,tomholland2013,68656913,Tom Holland,Film & TV,GB,person,72,
2026-09-25,travisscott,58755680,flame,Music,US,person,101,
2026-09-25,uarmyhope,56752819,jhope,Music,KR,person,109,
2026-09-25,ufc,50854460,UFC,Sports,US,org,132,
2026-09-25,varundvn,45098525,VarunDhawan,Film & TV,IN,person,161,
2026-09-25,victoriassecret,76766151,Victoria's Secret,Fashion & beauty,US,org,62,
2026-09-25,vindiesel,103483940,Vin Diesel,Film & TV,US,person,37,
2026-09-25,vinijr,64049844,Vinicius Jr.,Sports,BR,person,85,
2026-09-25,virat.kohli,271598889,Virat Kohli,Sports,IN,person,14,
2026-09-25,whinderssonnunes,54328553,Whindersson Nunes,Creators,BR,person,122,
2026-09-25,willsmith,67670558,Will Smith,Film & TV,US,person,76,Music
2026-09-25,wwe,35437532,WWE,Brands,US,org,210,
2026-09-25,zachking,31921176,Zach King,Creators,US,person,242,
2026-09-25,zara,61646878,ZARA,Fashion & beauty,ES,org,88,
2026-09-25,zendaya,178626512,Zendaya,Film & TV,US,person,21,
2026-09-26,433,79646598,433,Media,,org,54,
2026-09-26,9gag,51951905,9GAG: Go Fun The World,Media,HK,org,126,
2026-09-26,adele,55954655,Adele,Music,GB,person,114,
2026-09-26,akshaykumar,64949395,Akshay Kumar,Film & TV,IN,person,84,
2026-09-26,aliaabhatt,85249943,Alia Bhatt,Film & TV,IN,person,48,
2026-09-26,anitta,61066290,Anitta,Music,BR,person,91,
2026-09-26,anushkasharma,67306820,AnushkaSharma1588,Film & TV,IN,person,78,
2026-09-26,arianagrande,362639759,Ariana Grande,Music,US,person,7,Film & TV
2026-09-26,badgalriri,145731899,badgalriri,Music,BB,person,27,Fashion & beauty
2026-09-26,beingsalmankhan,72697700,Salman Khan,Film & TV,IN,person,66,
2026-09-26,bellahadid,59080352,Bella,Fashion & beauty,US,person,95,
2026-09-26,beyonce,299015234,Beyoncé,Music,US,person,9,
2026-09-26,billieeilish,123852700,BILLIE EILISH,Music,US,person,32,
2026-09-26,blackpinkofficial,57722165,BLΛƆKPIИK,Music,KR,org,104,
2026-09-26,brunomars,43533289,Bruno Mars,Music,US,person,173,
2026-09-26,bts.bighitofficial,81626193,BTS official,Music,KR,org,50,
2026-09-26,camila_cabello,61615664,camila,Music,US,person,89,
2026-09-26,champagnepapi,139941411,champagnepapi,Music,US,person,28,
2026-09-26,championsleague,120585101,UEFA Champions League,Sports,,org,33,
2026-09-26,chanelofficial,59016998,CHANEL,Brands,FR,org,96,
2026-09-26,chrisbrownofficial,139937365,BROWN,Music,US,person,29,
2026-09-26,chrishemsworth,58133529,Chris Hemsworth,Film & TV,AU,person,102,
2026-09-26,cristiano,679493561,Cristiano Ronaldo,Sports,PT,person,2,
2026-09-26,davidbeckham,87708413,David Beckham,Sports,GB,person,46,
2026-09-26,ddlovato,147610636,Demi Lovato,Music,US,person,26,Film & TV
2026-09-26,deepikapadukone,78033261,दीपिका पादुकोण,Film & TV,IN,person,57,
2026-09-26,dishapatani,60323800,disha patani (paatni),Film & TV,IN,person,92,
2026-09-26,dojacat,24343105,Doja Cat,Music,US,person,331,
2026-09-26,dualipa,88753252,DUA LIPA,Music,GB,person,44,
2026-09-26,emmawatson,70889245,Emma Watson,Film & TV,GB,person,67,
2026-09-26,fcbarcelona,148845730,FC Barcelona,Sports,ES,org,25,
2026-09-26,fifaworldcup,67008848,FIFA World Cup,Sports,,org,81,
2026-09-26,gal_gadot,103437532,Gal Gadot,Film & TV,IL,person,38,
2026-09-26,georginagio,78326595,Georgina Rodríguez,Fashion & beauty,ES,person,56,
2026-09-26,gigihadid,73537267,Gigi Hadid,Fashion & beauty,US,person,65,
2026-09-26,haileybieber,58756050,Hailey Rhode Bieber,Fashion & beauty,US,person,99,
2026-09-26,hudabeauty,56237357,HUDA BEAUTY,Brands,,org,113,
2026-09-26,iamcardib,160967567,Cardi B,Music,US,person,23,
2026-09-26,instagram,686673261,Instagram,Brands,US,org,1,
2026-09-26,j.m,60138957,JIMIN,Music,KR,person,93,
2026-09-26,jennierubyjane,89453008,J,Music,KR,person,43,
2026-09-26,jin,56617959,Jin of BTS,Music,KR,person,110,
2026-09-26,jlo,240045287,Jennifer Lopez,Music,US,person,17,Film & TV
2026-09-26,justintimberlake,68896116,Justin Timberlake,Music,US,person,71,Film & TV
2026-09-26,juventus,58994401,Juventus,Sports,IT,org,97,
2026-09-26,k.mbappe,136892361,Kylian Mbappé,Sports,FR,person,30,
2026-09-26,kareenakapoorkhan,14018044,Kareena Kapoor Khan,Film & TV,IN,person,640,
2026-09-26,karimbenzema,74403916,Karim Benzema,Sports,FR,person,64,
2026-09-26,karolg,70421724,KAROL G,Music,CO,person,69,
2026-09-26,katrinakaif,78676502,Katrina Kaif,Film & TV,IN,person,55,
2026-09-26,katyperry,195321166,KATY PERRY,Music,US,person,19,
2026-09-26,kendalljenner,277531089,Kendall,Fashion & beauty,US,person,12,Film & TV
2026-09-26,kevinhart4real,171997972,Kevin Hart,Film & TV,US,person,22,
2026-09-26,khaby00,78048995,Khabane Lame,Creators,IT,person,58,
2026-09-26,khloekardashian,291589175,Khloé Kardashian,Film & TV,US,person,10,
2026-09-26,kimkardashian,343875778,Kim Kardashian,Film & TV,US,person,8,Fashion & beauty
2026-09-26,kingjames,153772495,kingjames,Sports,US,person,24,
2026-09-26,kourtneykardash,209212201,Kourtney Kardashian Barker,Film & TV,US,person,18,
2026-09-26,kritisanon,57920445,Kriti Sanon,Film & TV,IN,person,103,
2026-09-26,kyliejenner,380872619,Kylie,Fashion & beauty,US,person,6,Film & TV
2026-09-26,ladygaga,61172788,Lady Gaga,Music,US,person,90,Film & TV
2026-09-26,lalalalisa_m,105972852,LISA,Music,TH,person,35,Film & TV
2026-09-26,leomessi,517025308,Leo Messi,Sports,AR,person,3,
2026-09-26,leonardodicaprio,58759452,Leonardo DiCaprio,Film & TV,US,person,100,
2026-09-26,maluma,63453484,MALUMA,Music,CO,person,86,
2026-09-26,marcelotwelve,67118358,Marcelo Vieira,Sports,BR,person,80,
2026-09-26,marvel,65106835,Marvel Entertainment,Brands,US,org,83,
2026-09-26,mosalah,67933858,Mohamed Salah,Sports,EG,person,74,
2026-09-26,mrbeast,89551366,MrBeast,Creators,US,person,42,
2026-09-26,narendramodi,106801101,Narendra Modi,Public figures,IN,person,34,
2026-09-26,nasa,104337510,NASA,Media,US,org,36,
2026-09-26,natgeo,268520677,National Geographic,Media,US,org,15,
2026-09-26,nba,87950239,NBA,Sports,US,org,45,
2026-09-26,nehakakkar,76125036,Neha Kakkar,Music,IN,person,63,
2026-09-26,neymarjr,241820036,Neymar Jr,Sports,BR,person,16,
2026-09-26,nike,291113931,Nike,Brands,US,org,11,
2026-09-26,paulpogba,63464207,Paul Labile Shakur Pogba,Sports,FR,person,87,
2026-09-26,postmalone,26396212,postmalone,Music,US,person,297,
2026-09-26,premierleague,80391590,Premier League,Sports,GB,org,52,
2026-09-26,priyankachopra,92899749,Priyanka,Film & TV,IN,person,41,
2026-09-26,psg,67381902,Paris Saint-Germain,Sports,FR,org,77,
2026-09-26,realmadrid,181195167,Real Madrid C.F.,Sports,ES,org,20,
2026-09-26,robertdowneyjr,58856959,Robert Downey Jr.,Film & TV,US,person,98,
2026-09-26,ronaldinho,81097028,Ronaldo de Assis Moreira,Sports,BR,person,51,
2026-09-26,roses_are_rosie,83082006,ROSÉ,Music,NZ,person,49,
2026-09-26,selenagomez,403172425,Selena Gomez,Music,US,person,4,Film & TV
2026-09-26,sergioramos,69860711,Sergio Ramos,Sports,ES,person,70,
2026-09-26,shakira,103332690,Shakira,Music,CO,person,39,
2026-09-26,shawnmendes,68583673,Shawn Mendes,Music,CA,person,73,
2026-09-26,shraddhakapoor,92944643,Shraddha,Film & TV,IN,person,40,
2026-09-26,snoopdogg,86767867,snoopdogg,Music,US,person,47,
2026-09-26,tatawerneck,54548605,Tata Werneck,Film & TV,BR,person,121,
2026-09-26,taylorswift,272820782,Taylor Swift,Music,US,person,13,
2026-09-26,therock,381175619,Dwayne Johnson,Film & TV,US,person,5,Sports
2026-09-26,theweeknd,77717381,Abel,Music,CA,person,59,
2026-09-26,thv,76786190,V,Music,KR,person,61,
2026-09-26,tomholland2013,68658277,Tom Holland,Film & TV,GB,person,72,
2026-09-26,travisscott,58745413,flame,Music,US,person,101,
2026-09-26,uarmyhope,56749603,jhope,Music,KR,person,109,
2026-09-26,victoriassecret,76766236,Victoria's Secret,Fashion & beauty,US,org,62,
2026-09-26,vindiesel,103476728,Vin Diesel,Film & TV,US,person,37,
2026-09-26,vinijr,64038868,Vinicius Jr.,Sports,BR,person,85,
2026-09-26,virat.kohli,271575567,Virat Kohli,Sports,IN,person,14,
2026-09-26,whinderssonnunes,54325281,Whindersson Nunes,Creators,BR,person,122,
2026-09-26,willsmith,67665411,Will Smith,Film & TV,US,person,76,Music
2026-09-26,zara,61647568,ZARA,Fashion & beauty,ES,org,88,
2026-09-26,zendaya,178619145,Zendaya,Film & TV,US,person,21,
2026-09-27,433,79639235,433,Media,,org,54,
2026-09-27,adele,55951706,Adele,Music,GB,person,114,
2026-09-27,akshaykumar,64942435,Akshay Kumar,Film & TV,IN,person,84,
2026-09-27,aliaabhatt,85247321,Alia Bhatt,Film & TV,IN,person,48,
2026-09-27,anitta,61074732,Anitta,Music,BR,person,91,
2026-09-27,anushkasharma,67300874,AnushkaSharma1588,Film & TV,IN,person,78,
2026-09-27,arianagrande,362616280,Ariana Grande,Music,US,person,7,Film & TV
2026-09-27,badgalriri,145727314,badgalriri,Music,BB,person,27,Fashion & beauty
2026-09-27,beingsalmankhan,72700949,Salman Khan,Film & TV,IN,person,66,
2026-09-27,bellahadid,59079002,Bella,Fashion & beauty,US,person,95,
2026-09-27,beyonce,298993198,Beyoncé,Music,US,person,9,
2026-09-27,billieeilish,123839464,BILLIE EILISH,Music,US,person,32,
2026-09-27,blackpinkofficial,57720249,BLΛƆKPIИK,Music,KR,org,104,
2026-09-27,bts.bighitofficial,81631706,BTS official,Music,KR,org,50,
2026-09-27,camila_cabello,61612440,camila,Music,US,person,89,
2026-09-27,caradelevingne,38147406,Cara Delevingne,Fashion & beauty,GB,person,197,Film & TV
2026-09-27,champagnepapi,139932928,champagnepapi,Music,US,person,28,
2026-09-27,championsleague,120583800,UEFA Champions League,Sports,,org,33,
2026-09-27,chanelofficial,59018228,CHANEL,Brands,FR,org,96,
2026-09-27,chrisbrownofficial,139927845,BROWN,Music,US,person,29,
2026-09-27,chrishemsworth,58145296,Chris Hemsworth,Film & TV,AU,person,102,
2026-09-27,cristiano,679448495,Cristiano Ronaldo,Sports,PT,person,2,
2026-09-27,davidbeckham,87703473,David Beckham,Sports,GB,person,46,
2026-09-27,ddlovato,147601122,Demi Lovato,Music,US,person,26,Film & TV
2026-09-27,deepikapadukone,78032528,दीपिका पादुकोण,Film & TV,IN,person,57,
2026-09-27,dishapatani,60317794,disha patani (paatni),Film & TV,IN,person,92,
2026-09-27,dualipa,88752204,DUA LIPA,Music,GB,person,44,
2026-09-27,emmawatson,70889031,Emma Watson,Film & TV,GB,person,67,
2026-09-27,espn,28775879,ESPN,Media,US,org,265,
2026-09-27,fcbarcelona,148857396,FC Barcelona,Sports,ES,org,25,
2026-09-27,fifaworldcup,67002564,FIFA World Cup,Sports,,org,81,
2026-09-27,gal_gadot,103430132,Gal Gadot,Film & TV,IL,person,38,
2026-09-27,georginagio,78313191,Georgina Rodríguez,Fashion & beauty,ES,person,56,
2026-09-27,gigihadid,73533568,Gigi Hadid,Fashion & beauty,US,person,65,
2026-09-27,haileybieber,58757743,Hailey Rhode Bieber,Fashion & beauty,US,person,99,
2026-09-27,hudabeauty,56236773,HUDA BEAUTY,Brands,,org,113,
2026-09-27,iamcardib,160956100,Cardi B,Music,US,person,23,
2026-09-27,instagram,686659544,Instagram,Brands,US,org,1,
2026-09-27,j.m,60139683,JIMIN,Music,KR,person,93,
2026-09-27,jennierubyjane,89451109,J,Music,KR,person,43,
2026-09-27,jin,56620378,Jin of BTS,Music,KR,person,110,
2026-09-27,jlo,240033170,Jennifer Lopez,Music,US,person,17,Film & TV
2026-09-27,justintimberlake,68893335,Justin Timberlake,Music,US,person,71,Film & TV
2026-09-27,juventus,58989408,Juventus,Sports,IT,org,97,
2026-09-27,k.mbappe,136902653,Kylian Mbappé,Sports,FR,person,30,
2026-09-27,karimbenzema,74402677,Karim Benzema,Sports,FR,person,64,
2026-09-27,karolg,70420766,KAROL G,Music,CO,person,69,
2026-09-27,katrinakaif,78670433,Katrina Kaif,Film & TV,IN,person,55,
2026-09-27,katyperry,195308862,KATY PERRY,Music,US,person,19,
2026-09-27,kendalljenner,277511184,Kendall,Fashion & beauty,US,person,12,Film & TV
2026-09-27,kevinhart4real,171984035,Kevin Hart,Film & TV,US,person,22,
2026-09-27,khaby00,78034854,Khabane Lame,Creators,IT,person,58,
2026-09-27,khloekardashian,291570187,Khloé Kardashian,Film & TV,US,person,10,
2026-09-27,kimkardashian,343863250,Kim Kardashian,Film & TV,US,person,8,Fashion & beauty
2026-09-27,kingjames,153757074,kingjames,Sports,US,person,24,
2026-09-27,kourtneykardash,209195405,Kourtney Kardashian Barker,Film & TV,US,person,18,
2026-09-27,krisjenner,50110895,Kris Jenner,Film & TV,US,person,138,
2026-09-27,kritisanon,57920349,Kriti Sanon,Film & TV,IN,person,103,
2026-09-27,kyliejenner,380842799,Kylie,Fashion & beauty,US,person,6,Film & TV
2026-09-27,ladygaga,61176822,Lady Gaga,Music,US,person,90,Film & TV
2026-09-27,lalalalisa_m,105973027,LISA,Music,TH,person,35,Film & TV
2026-09-27,leomessi,516993971,Leo Messi,Sports,AR,person,3,
2026-09-27,leonardodicaprio,58755308,Leonardo DiCaprio,Film & TV,US,person,100,
2026-09-27,maluma,63461946,MALUMA,Music,CO,person,86,
2026-09-27,marcelotwelve,67114292,Marcelo Vieira,Sports,BR,person,80,
2026-09-27,marvel,65110550,Marvel Entertainment,Brands,US,org,83,
2026-09-27,mosalah,67929641,Mohamed Salah,Sports,EG,person,74,
2026-09-27,mrbeast,89609459,MrBeast,Creators,US,person,42,
2026-09-27,narendramodi,106790894,Narendra Modi,Public figures,IN,person,34,
2026-09-27,nasa,104336300,NASA,Media,US,org,36,
2026-09-27,natgeo,268506514,National Geographic,Media,US,org,15,
2026-09-27,nba,87943658,NBA,Sports,US,org,45,
2026-09-27,nehakakkar,76124781,Neha Kakkar,Music,IN,person,63,
2026-09-27,neymarjr,241804535,Neymar Jr,Sports,BR,person,16,
2026-09-27,nike,291096206,Nike,Brands,US,org,11,
2026-09-27,paulpogba,63473774,Paul Labile Shakur Pogba,Sports,FR,person,87,
2026-09-27,premierleague,80391664,Premier League,Sports,GB,org,52,
2026-09-27,priyankachopra,92894115,Priyanka,Film & TV,IN,person,41,
2026-09-27,psg,67377078,Paris Saint-Germain,Sports,FR,org,77,
2026-09-27,realdonaldtrump,44097773,President Donald J. Trump,Public figures,US,person,169,
2026-09-27,realmadrid,181189098,Real Madrid C.F.,Sports,ES,org,20,
2026-09-27,robertdowneyjr,58870311,Robert Downey Jr.,Film & TV,US,person,98,
2026-09-27,ronaldinho,81093867,Ronaldo de Assis Moreira,Sports,BR,person,51,
2026-09-27,roses_are_rosie,83072029,ROSÉ,Music,NZ,person,49,
2026-09-27,selenagomez,403129893,Selena Gomez,Music,US,person,4,Film & TV
2026-09-27,sergioramos,69856703,Sergio Ramos,Sports,ES,person,70,
2026-09-27,shakira,103328850,Shakira,Music,CO,person,39,
2026-09-27,shawnmendes,68597443,Shawn Mendes,Music,CA,person,73,
2026-09-27,shraddhakapoor,92938676,Shraddha,Film & TV,IN,person,40,
2026-09-27,snoopdogg,86760775,snoopdogg,Music,US,person,47,
2026-09-27,taylorswift,272791981,Taylor Swift,Music,US,person,13,
2026-09-27,teddysphotos,47251599,Ed Sheeran,Music,GB,person,149,
2026-09-27,therock,381135960,Dwayne Johnson,Film & TV,US,person,5,Sports
2026-09-27,theweeknd,77663431,Abel,Music,CA,person,59,
2026-09-27,thv,76793231,V,Music,KR,person,61,
2026-09-27,tomholland2013,68654073,Tom Holland,Film & TV,GB,person,72,
2026-09-27,travisscott,58734646,flame,Music,US,person,101,
2026-09-27,uarmyhope,56747431,jhope,Music,KR,person,109,
2026-09-27,victoriassecret,76766993,Victoria's Secret,Fashion & beauty,US,org,62,
2026-09-27,vindiesel,103471014,Vin Diesel,Film & TV,US,person,37,
2026-09-27,vinijr,64030671,Vinicius Jr.,Sports,BR,person,85,
2026-09-27,virat.kohli,271556066,Virat Kohli,Sports,IN,person,14,
2026-09-27,willsmith,67665390,Will Smith,Film & TV,US,person,76,Music
2026-09-27,wwe,35431332,WWE,Brands,US,org,210,
2026-09-27,zara,61649002,ZARA,Fashion & beauty,ES,org,88,
2026-09-27,zendaya,178619017,Zendaya,Film & TV,US,person,21,
2026-09-28,03_hu,4286928,박지후,Film & TV,KR,person,1727,
2026-09-28,433,79646460,433,Media,,org,54,
2026-09-28,50cent,38698160,50 Cent,Music,US,person,195,
2026-09-28,_choiiii__,8920898,최현욱,Film & TV,KR,person,994,
2026-09-28,_maxhaase_,4135952,Max Haase - German Travel Influencer,Creators,DE,person,1770,
2026-09-28,_seorina,10031098,설인아 sᴇᴏʀɪɴᴀ,Film & TV,KR,person,892,
2026-09-28,ab,15577960,Yawah Ben,Sports,US,person,566,
2026-09-28,acmilan,18192765,AC Milan,Sports,IT,org,472,
2026-09-28,actorvijay,19122309,Vijay,Film & TV,IN,person,437,
2026-09-28,adele,55949327,Adele,Music,GB,person,114,
2026-09-28,agustd,55091586,SUGA of BTS 민윤기,Music,KR,person,118,
2026-09-28,akshaykumar,64936572,Akshay Kumar,Film & TV,IN,person,84,
2026-09-28,alexandramalenaleclerc,5607625,Alexandra Leclerc,Creators,FR,person,1434,
2026-09-28,aliaabhatt,85248105,Alia Bhatt,Film & TV,IN,person,48,
2026-09-28,alishalehmann7,15006712,Alisha Lehmann,Sports,CH,person,585,
2026-09-28,alla_orfey,3771591,ALLA PUGACHEVA,Music,RU,person,1865,
2026-09-28,amberheard,4883034,Amber Heard,Film & TV,US,person,1584,
2026-09-28,ananyapanday,26217510,Ananya,Film & TV,IN,person,301,
2026-09-28,andreas.szakacs,4081623,Andreas Szakacs,Public figures,US,person,1779,
2026-09-28,anitta,61076036,Anitta,Music,BR,person,91,
2026-09-28,annacathcart,6314999,Anna Cathcart,Film & TV,CA,person,1310,
2026-09-28,annehathaway,44535412,Anne Hathaway,Film & TV,US,person,165,
2026-09-28,anushkasharma,67297708,AnushkaSharma1588,Film & TV,IN,person,78,
2026-09-28,anyataylorjoy,12042049,Anya Taylor-Joy,Film & TV,GB,person,744,
2026-09-28,arianagrande,362620904,Ariana Grande,Music,US,person,7,Film & TV
2026-09-28,avani,14826902,avani,Creators,US,person,597,
2026-09-28,ayanakamura_officiel,4794073,LA NAKAMURANCE,Music,FR,person,1604,
2026-09-28,ayezakhan.ak,14633474,Ayeza Khan,Film & TV,PK,person,606,
2026-09-28,badgalriri,145761118,badgalriri,Music,BB,person,27,Fashion & beauty
2026-09-28,beingsalmankhan,72705013,Salman Khan,Film & TV,IN,person,66,
2026-09-28,bellahadid,59082383,Bella,Fashion & beauty,US,person,95,
2026-09-28,beyonce,298997933,Beyoncé,Music,US,person,9,
2026-09-28,billieeilish,123829904,BILLIE EILISH,Music,US,person,32,
2026-09-28,blackpinkofficial,57718557,BLΛƆKPIИK,Music,KR,org,104,
2026-09-28,britneyspears,41873141,Britney Spears,Music,US,person,180,
2026-09-28,bts.bighitofficial,81636363,BTS official,Music,KR,org,50,
2026-09-28,camdenstewarts,927282,Camden Stewart,Music,GB,person,4237,
2026-09-28,camila_cabello,61612384,camila,Music,US,person,89,
2026-09-28,candiceking,12043158,Candice King,Film & TV,US,person,745,
2026-09-28,champagnepapi,139944704,champagnepapi,Music,US,person,28,
2026-09-28,championsleague,120593069,UEFA Champions League,Sports,,org,33,
2026-09-28,chandlerhallow,5181581,Chandler Hallow,Creators,US,person,1525,
2026-09-28,chanelofficial,59021294,CHANEL,Brands,FR,org,96,
2026-09-28,charlidamelio,40125145,charli,Creators,US,person,183,
2026-09-28,charlottewwe,5301742,Charlotte Flair,Sports,US,person,1495,
2026-09-28,chrisbrownofficial,139940763,BROWN,Music,US,person,29,
2026-09-28,chrishemsworth,58156482,Chris Hemsworth,Film & TV,AU,person,102,
2026-09-28,cristiano,679393882,Cristiano Ronaldo,Sports,PT,person,2,
2026-09-28,danbilzerian,28655215,Dan Bilzerian,Creators,US,person,267,
2026-09-28,danishtaimoor16,8865824,Danish Taimoor,Film & TV,PK,person,995,
2026-09-28,davidalaba,15031302,David Alaba,Sports,AT,person,584,
2026-09-28,davidbeckham,87702859,David Beckham,Sports,GB,person,46,
2026-09-28,daviddobrik,9202119,DAVID DOBRIK,Creators,US,person,961,
2026-09-28,ddlovato,147602487,Demi Lovato,Music,US,person,26,Film & TV
2026-09-28,deepikapadukone,78033420,दीपिका पादुकोण,Film & TV,IN,person,57,
2026-09-28,diljitdosanjh,26637449,DILJIT DOSANJH,Music,IN,person,292,Film & TV
2026-09-28,dishapatani,60318240,disha patani (paatni),Film & TV,IN,person,92,
2026-09-28,ds17_fg,5213373,Dennis Schröder,Sports,DE,person,1522,
2026-09-28,dualipa,88761647,DUA LIPA,Music,GB,person,44,
2026-09-28,durefishans,8576907,Durefishan Saleem,Film & TV,PK,person,1025,
2026-09-28,elalfaeljefe,13779854,Emanuel Herrera Batista,Music,DO,person,659,
2026-09-28,elliotpage,5040562,Elliot Page,Film & TV,CA,person,1545,
2026-09-28,elrubiuswtf,17395206,el rubius WTF,Creators,ES,person,492,
2026-09-28,eminem,43889091,Marshall Mathers,Music,US,person,172,
2026-09-28,emmawatson,70891217,Emma Watson,Film & TV,GB,person,67,
2026-09-28,enhypen,22453301,ENHYPEN,Music,KR,org,358,
2026-09-28,farfetch,6141697,FARFETCH,Brands,PT,org,1341,
2026-09-28,fariana,6495705,FARIANA,Music,CO,person,1275,
2026-09-28,fcbarcelona,148874476,FC Barcelona,Sports,ES,org,25,
2026-09-28,fcbesports,638425,Barça eSports,Sports,ES,org,4970,
2026-09-28,fernandoalo_oficial,7893926,Fernando Alonso,Sports,ES,person,1106,
2026-09-28,fifaworldcup,66997920,FIFA World Cup,Sports,,org,81,
2026-09-28,gal_gadot,103425662,Gal Gadot,Film & TV,IL,person,38,
2026-09-28,garethbale11,51090003,Gareth Bale,Sports,GB,person,130,
2026-09-28,geewonii,14251828,김지원,Film & TV,KR,person,626,
2026-09-28,georginagio,78301275,Georgina Rodríguez,Fashion & beauty,ES,person,56,
2026-09-28,ggonekim,6863956,Kim Go-eun,Film & TV,KR,person,1227,
2026-09-28,gigihadid,73535566,Gigi Hadid,Fashion & beauty,US,person,65,
2026-09-28,giorgino_abraham,5950439,Papi G,Film & TV,ID,person,1378,
2026-09-28,gongyoo_official,6093034,YOO,Film & TV,KR,person,1352,
2026-09-28,gordongram,19490061,Gordon Ramsay,Film & TV,GB,person,424,
2026-09-28,got7.with.igot7,6260699,GOT7,Music,KR,org,1322,
2026-09-28,goyounjung,13138281,고윤정,Film & TV,KR,person,684,
2026-09-28,gucci,50576736,GUCCI,Fashion & beauty,IT,org,134,
2026-09-28,gun_atthaphan,6318422,Atthaphan Phunsawat,Film & TV,TH,person,1308,
2026-09-28,haileesteinfeld,20305403,hailee steinfeld,Film & TV,US,person,403,
2026-09-28,haileybieber,58762391,Hailey Rhode Bieber,Fashion & beauty,US,person,99,
2026-09-28,handemiyy,32226067,Hande Erçel,Film & TV,TR,person,241,
2026-09-28,hegdepooja,28059002,Pooja Hegde,Film & TV,IN,person,278,
2026-09-28,hi_high_hiy,24096960,황인엽,Film & TV,KR,person,334,
2026-09-28,hrvy,3378291,HRVY,Music,GB,person,1999,
2026-09-28,hudabeauty,56238613,HUDA BEAUTY,Brands,,org,113,
2026-09-28,hunterschafer,6935261,Hunter,Film & TV,US,person,1218,
2026-09-28,hye_yoon1110,6235171,김혜윤,Film & TV,KR,person,1326,
2026-09-28,iamcardib,160966551,Cardi B,Music,US,person,23,
2026-09-28,illit_official,8121978,ILLIT 아일릿,Music,KR,org,1078,
2026-09-28,illusomina,5912719,Shinmina,Film & TV,KR,person,1388,
2026-09-28,imaginedragons,10066139,Imagine Dragons,Music,US,org,890,
2026-09-28,imhyoseop,14209245,안효섭,Film & TV,KR,person,627,
2026-09-28,instagram,686646691,Instagram,Brands,US,org,1,
2026-09-28,itsbobbyshmurda,4709420,Bobby Shmurda,Music,US,person,1625,
2026-09-28,ivestarship,6958350,IVE 아이브,Music,KR,org,1213,
2026-09-28,j.m,60141022,JIMIN,Music,KR,person,93,
2026-09-28,jackblack,16539725,Jack Black,Film & TV,US,person,526,
2026-09-28,jadelavoie,1334214,Jade Lavoie,Creators,CA,person,3571,
2026-09-28,jamesrodriguez10,50170625,James Rodríguez,Sports,CO,person,136,
2026-09-28,jamieoliver,10580952,Jamie Oliver,Film & TV,GB,person,856,
2026-09-28,janienineeleven,4686619,911,Music,US,person,1630,
2026-09-28,jannatmirza_,6322524,Jannat Mirza,Creators,PK,person,1307,
2026-09-28,jaytatum0,7150282,Jayson Tatum,Sports,US,person,1195,
2026-09-28,jbayleaf,6630430,JONATHAN BAILEY,Film & TV,GB,person,1258,
2026-09-28,jeffbezos,4999140,Jeff Bezos,Public figures,US,person,1551,
2026-09-28,jennierubyjane,89450642,J,Music,KR,person,43,
2026-09-28,jichangwook,27538771,지창욱,Film & TV,KR,person,287,
2026-09-28,jilwww,4065062,정일우 JUNGILWOO,Film & TV,KR,person,1781,
2026-09-28,jin,56619998,Jin of BTS,Music,KR,person,110,
2026-09-28,jlo,240039663,Jennifer Lopez,Music,US,person,17,Film & TV
2026-09-28,jmena,7038296,Jimena Barón,Music,AR,person,1203,
2026-09-28,jolin_cai,4807151,JOLIN 蔡依林,Music,TW,person,1601,
2026-09-28,joshlilj,6942300,𝐉𝐨𝐬𝐡 𝐋𝐢𝐥𝐣𝐞𝐧𝐪𝐮𝐢𝐬𝐭,Creators,US,person,1216,
2026-09-28,juma_jux,8119544,Juma_jux,Music,TZ,person,1080,
2026-09-28,justintimberlake,68894370,Justin Timberlake,Music,US,person,71,Film & TV
2026-09-28,juttaleerdam,6299770,Jutta Leerdam,Sports,NL,person,1313,
2026-09-28,juventus,58989004,Juventus,Sports,IT,org,97,
2026-09-28,k.kbeom,6896673,김범 kimbum,Film & TV,KR,person,1225,
2026-09-28,k.mbappe,136903776,Kylian Mbappé,Sports,FR,person,30,
2026-09-28,kagramana,4111901,Роман Каграманов,Music,RU,person,1765,
2026-09-28,kajol,18732420,Kajol Devgan,Film & TV,IN,person,450,
2026-09-28,karimbenzema,74408796,Karim Benzema,Sports,FR,person,64,
2026-09-28,karolg,70424202,KAROL G,Music,CO,person,69,
2026-09-28,katrinakaif,78667226,Katrina Kaif,Film & TV,IN,person,55,
2026-09-28,katyperry,195310670,KATY PERRY,Music,US,person,19,
2026-09-28,kendalljenner,277518076,Kendall,Fashion & beauty,US,person,12,Film & TV
2026-09-28,kevinhart4real,171987777,Kevin Hart,Film & TV,US,person,22,
2026-09-28,khaby00,78028088,Khabane Lame,Creators,IT,person,58,
2026-09-28,khloekardashian,291581178,Khloé Kardashian,Film & TV,US,person,10,
2026-09-28,kimkardashian,343874686,Kim Kardashian,Film & TV,US,person,8,Fashion & beauty
2026-09-28,kingjames,153759549,kingjames,Sports,US,person,24,
2026-09-28,kourtneykardash,209201019,Kourtney Kardashian Barker,Film & TV,US,person,18,
2026-09-28,kristenanniebell,15818920,kristen bell,Film & TV,US,person,551,
2026-09-28,kritisanon,57920775,Kriti Sanon,Film & TV,IN,person,103,
2026-09-28,kwakdongyeon0,3778081,곽동연,Film & TV,KR,person,1863,
2026-09-28,kygomusic,5533320,Kygo,Music,NO,person,1447,
2026-09-28,kyliejenner,380854196,Kylie,Fashion & beauty,US,person,6,Film & TV
2026-09-28,ladygaga,61176650,Lady Gaga,Music,US,person,90,Film & TV
2026-09-28,lalalalisa_m,105978443,LISA,Music,TH,person,35,Film & TV
2026-09-28,laliga,55616595,LALIGA,Sports,ES,org,116,
2026-09-28,lanacondor,10587963,Lana Condor,Film & TV,US,person,855,
2026-09-28,lauraacunaayala,4406892,Laurita Acuña - Presentadora,Film & TV,CO,person,1701,
2026-09-28,le2jh,8049021,이준호,Film & TV,KR,person,1092,Music
2026-09-28,leagueoflegends,4594881,League of Legends,Brands,US,org,1656,
2026-09-28,leesoohyuk,5374089,Lee Soo-hyuk,Film & TV,KR,person,1479,
2026-09-28,leeyoum262,6308650,이유미,Film & TV,KR,person,1312,
2026-09-28,lenameyerlandrut,5523137,Lena,Music,DE,person,1448,
2026-09-28,leomessi,516996317,Leo Messi,Sports,AR,person,3,
2026-09-28,leonardodicaprio,58753339,Leonardo DiCaprio,Film & TV,US,person,100,
2026-09-28,lestikejora,28419499,Lestikejora,Music,ID,person,272,
2026-09-28,lewishamilton,44046335,Lewis Hamilton,Sports,GB,person,171,
2026-09-28,lizzobeeating,11181280,Lizzo,Music,US,person,808,
2026-09-28,logitechg,4339364,Logitech G,Brands,,org,1713,
2026-09-28,louist91,18491364,Louis Tomlinson,Music,GB,person,460,
2026-09-28,luciia,3926945,Lucia Lachkovic,Public figures,SK,person,1822,
2026-09-28,lululemon,5882855,lululemon,Fashion & beauty,CA,org,1391,
2026-09-28,m_kayoung,13490334,MUN KA YOUNG,Film & TV,KR,person,666,
2026-09-28,maluma,63470971,MALUMA,Music,CO,person,86,
2026-09-28,manurios,9059865,Manu Rios,Film & TV,ES,person,981,
2026-09-28,marcelotwelve,67114592,Marcelo Vieira,Sports,BR,person,80,
2026-09-28,marvel,65117330,Marvel Entertainment,Brands,US,org,83,
2026-09-28,mercedesamgf1,16781265,Mercedes-AMG PETRONAS F1 Team,Sports,GB,org,516,
2026-09-28,michaelbjordan,25877121,Michael B. Jordan,Film & TV,US,person,308,
2026-09-28,minalkhan.official,10609278,Minal khan,Film & TV,PK,person,852,
2026-09-28,minniedlamini,5200345,Minnie Dlamini,Film & TV,ZA,person,1518,
2026-09-28,montaner,8813397,Ricardo Montaner,Music,VE,person,999,
2026-09-28,mosalah,67928708,Mohamed Salah,Sports,EG,person,74,
2026-09-28,mrbeast,89769091,MrBeast,Creators,US,person,42,
2026-09-28,mrsamclaflin,3878696,Sam Claflin,Film & TV,GB,person,1839,
2026-09-28,museelouvre,5341609,Musée du Louvre,Other,FR,org,1486,
2026-09-28,my_songjihyo,3889961,송지효(Song Ji Hyo),Film & TV,KR,person,1836,
2026-09-28,nala_cat,4260971,Nala Cat,Creators,,org,1733,
2026-09-28,narendramodi,106784752,Narendra Modi,Public figures,IN,person,34,
2026-09-28,nasa,104335530,NASA,Media,US,org,36,
2026-09-28,natgeo,268514219,National Geographic,Media,US,org,15,
2026-09-28,nba,87946689,NBA,Sports,US,org,45,
2026-09-28,nehakakkar,76120771,Neha Kakkar,Music,IN,person,63,
2026-09-28,netflix,42403510,Netflix US,Film & TV,US,org,176,
2026-09-28,neymarjr,241793553,Neymar Jr,Sports,BR,person,16,
2026-09-28,nike,291104534,Nike,Brands,US,org,11,
2026-09-28,nina,27888005,Nina Dobrev,Film & TV,CA,person,281,
2026-09-28,odegaard.98,7759935,Martin Ødegaard,Sports,NO,person,1120,
2026-09-28,olamide,11049913,Olamidé,Music,NG,person,823,
2026-09-28,oliviarodrigo,42299099,Olivia Rodrigo,Music,US,person,177,
2026-09-28,oohsehun,22084916,SEHUN,Music,KR,person,370,
2026-09-28,ozgecangurelofficial,6007675,Özge Gürel,Film & TV,TR,person,1366,
2026-09-28,paulpogba,63482274,Paul Labile Shakur Pogba,Sports,FR,person,87,
2026-09-28,prattprattpratt,43085218,Chris Pratt,Film & TV,US,person,174,
2026-09-28,premierleague,80404540,Premier League,Sports,GB,org,52,
2026-09-28,priyankachopra,92888611,Priyanka,Film & TV,IN,person,41,
2026-09-28,psg,67377722,Paris Saint-Germain,Sports,FR,org,77,
2026-09-28,rachel_mypark,11943880,박민영 Park Min Young,Film & TV,KR,person,753,
2026-09-28,rafaelnadal,21075056,Rafa Nadal,Sports,ES,person,386,
2026-09-28,raftaarmusic,4045619,RAFTAAЯ,Music,IN,person,1783,
2026-09-28,rayssalealsk8,8245339,Rayssa Leal,Sports,BR,person,1068,
2026-09-28,realmadrid,181192162,Real Madrid C.F.,Sports,ES,org,20,
2026-09-28,realstraykids,33663286,Stray Kids,Music,KR,org,220,
2026-09-28,redvelvet.smtown,11543374,Red Velvet Official,Music,KR,org,777,
2026-09-28,rkive,53743144,RM,Music,KR,person,123,
2026-09-28,robertdowneyjr,58878522,Robert Downey Jr.,Film & TV,US,person,98,
2026-09-28,rogerfederer,13348819,Roger Federer,Sports,CH,person,675,
2026-09-28,ronaldinho,81093898,Ronaldo de Assis Moreira,Sports,BR,person,51,
2026-09-28,rosalia.vt,27836049,LA ROSALÍA,Music,ES,person,283,
2026-09-28,roses_are_rosie,83071293,ROSÉ,Music,NZ,person,49,
2026-09-28,sadiesink_,35099621,Sadie Sink,Film & TV,US,person,213,
2026-09-28,sangrejaponesa,7462507,EUGENIA,Film & TV,AR,person,1161,
2026-09-28,sarahkhanofficial,12729124,Mrs.Falak,Film & TV,PK,person,706,
2026-09-28,saraya,5920708,Saraya Bevis,Sports,GB,person,1381,
2026-09-28,schwarzenegger,26767332,Arnold Schwarzenegger,Film & TV,AT,person,291,Sports; Public figures
2026-09-28,seanmikekelly,12085051,Sean Kelly,Public figures,US,person,746,
2026-09-28,selenagomez,403119980,Selena Gomez,Music,US,person,4,Film & TV
2026-09-28,seokj1012,5106103,서강준,Film & TV,KR,person,1531,
2026-09-28,seonho__kim,12949599,김선호,Film & TV,KR,person,696,
2026-09-28,serenawilliams,17803631,Serena Williams,Sports,US,person,481,
2026-09-28,sergioramos,69854025,Sergio Ramos,Sports,ES,person,70,
2026-09-28,seriea,12005690,Lega Serie A,Sports,IT,org,748,
2026-09-28,shakira,103325639,Shakira,Music,CO,person,39,
2026-09-28,shawnmendes,68606963,Shawn Mendes,Music,CA,person,73,
2026-09-28,shinhs831,5272389,신혜선 Shin hae sun,Film & TV,KR,person,1503,
2026-09-28,shraddhakapoor,92935824,Shraddha,Film & TV,IN,person,40,
2026-09-28,sidhu_moosewala,18109993,Sidhu Moosewala (ਮੂਸੇ ਆਲਾ),Music,IN,person,474,
2026-09-28,simonebiles,11811918,SIMONE BILES,Sports,US,person,761,
2026-09-28,smtown,13916934,SM Entertainment Group,Music,KR,org,650,
2026-09-28,snoopdogg,86765590,snoopdogg,Music,US,person,47,
2026-09-28,somin_jj,6324694,정소민,Film & TV,KR,person,1306,
2026-09-28,souhilamallem,5829095,سهيلة معلم | Souhila Mallem,Film & TV,DZ,person,1399,
2026-09-28,sriritajensen,4118275,Sririta Jensen Narongdej,Film & TV,TH,person,1761,
2026-09-28,ssinz7,14942845,박신혜/Shin Hye Park,Film & TV,KR,person,592,
2026-09-28,tagesschau,6977554,tagesschau,Media,DE,org,1208,
2026-09-28,tatemcrae,10003214,Tate McRae,Music,CA,person,895,
2026-09-28,tavicastro,5026864,Tavi Castro,Creators,NL,person,1549,
2026-09-28,taylorswift,272770194,Taylor Swift,Music,US,person,13,
2026-09-28,thebursin,11217227,Kerem Bürsin,Film & TV,TR,person,804,
2026-09-28,themuseumofmodernart,6133302,MoMA The Museum of Modern Art,Other,US,org,1346,
2026-09-28,therock,381126565,Dwayne Johnson,Film & TV,US,person,5,Sports
2026-09-28,theweeknd,77702040,Abel,Music,CA,person,59,
2026-09-28,thv,76805852,V,Music,KR,person,61,
2026-09-28,tiaraandini,8256354,TIARA,Music,ID,person,1063,
2026-09-28,tigerjackieshroff,39200987,Tiger shroff,Film & TV,IN,person,189,
2026-09-28,tinistoessel,21717055,tini,Music,AR,person,374,Film & TV
2026-09-28,tokyodisneyresort_official,4454874,東京ディズニーリゾート,Brands,JP,org,1692,
2026-09-28,tomholland2013,68659771,Tom Holland,Film & TV,GB,person,72,
2026-09-28,toniruediger,13225910,Antonio Rüdiger,Sports,DE,person,682,
2026-09-28,trash_italiano,4430880,Trash Italiano,Media,,org,1698,
2026-09-28,travisscott,58730991,flame,Music,US,person,101,
2026-09-28,uarmyhope,56747067,jhope,Music,KR,person,109,
2026-09-28,upworthy,4865157,Upworthy,Media,US,org,1589,
2026-09-28,usainbolt,14061474,Usain St.Leo Bolt,Sports,JM,person,636,
2026-09-28,usher,14026859,Usher,Music,US,person,637,
2026-09-28,vanessahudgens,47728832,Vanessa Hudgens,Film & TV,US,person,148,Music
2026-09-28,vegetta777,6485134,Samuel De Luque,Creators,ES,person,1278,
2026-09-28,victoriassecret,76769621,Victoria's Secret,Fashion & beauty,US,org,62,
2026-09-28,vindiesel,103470686,Vin Diesel,Film & TV,US,person,37,
2026-09-28,vinijr,64018976,Vinicius Jr.,Sports,BR,person,85,
2026-09-28,virat.kohli,271579871,Virat Kohli,Sports,IN,person,14,
2026-09-28,wdohwan,8386464,우도환,Film & TV,KR,person,1046,
2026-09-28,willsmith,67670657,Will Smith,Film & TV,US,person,76,Music
2026-09-28,wjmild,3799003,𝑾𝑱𝑴𝑰𝑳𝑫,Film & TV,TH,person,1858,
2026-09-28,xeesoxee,16717215,한소희,Film & TV,KR,person,520,
2026-09-28,yim_siwang,4290502,임시완,Film & TV,KR,person,1726,
2026-09-28,yong.lixx,36612100,Felix,Music,AU,person,205,
2026-09-28,yoo_yeonseok,4505490,유연석,Film & TV,KR,person,1678,
2026-09-28,yungmiami305,6406156,Caresha Brownlee,Music,US,person,1292,
2026-09-28,zacefron,57549708,Zac Efron,Film & TV,US,person,105,
2026-09-28,zachking,31930891,Zach King,Creators,US,person,242,
2026-09-28,zara,61653426,ZARA,Fashion & beauty,ES,org,88,
2026-09-28,zaralarsson,13328164,Zara Larsson,Music,SE,person,673,
2026-09-28,zendaya,178632323,Zendaya,Film & TV,US,person,21,
2026-09-29,03_hu,4286818,박지후,Film & TV,KR,person,1727,
2026-09-29,0529.jihoon.ig,7781635,박지훈 Park Jihoon,Music,KR,person,1118,
2026-09-29,0myoung_0526,2014635,공명,Film & TV,KR,person,2778,
2026-09-29,0seungyeon,1671358,공승연,Film & TV,KR,person,3123,
2026-09-29,10042n00,1962770,나인우 NA INWOO,Film & TV,KR,person,2823,
2026-09-29,1jnnf,1101059,Jennifer Lawrence,Film & TV,US,person,3910,
2026-09-29,216jung,1070143,이민정,Film & TV,KR,person,3951,
2026-09-29,290_83,468185,이규형,Film & TV,KR,person,5624,
2026-09-29,2janejane,601418,이재인,Film & TV,KR,person,5087,
2026-09-29,2k,1325157,2K,Brands,US,org,3582,
2026-09-29,2xj_hee,1111420,진지희 JIN JI HEE,Film & TV,KR,person,3889,
2026-09-29,433,79649427,433,Media,,org,54,
2026-09-29,50cent,38697224,50 Cent,Music,US,person,195,
2026-09-29,9gag,51940550,9GAG: Go Fun The World,Media,HK,org,126,
2026-09-29,__matsumotokaren,631557,松本かれん( FRUITS ZIPPER ),Music,JP,person,4997,
2026-09-29,_ale_crippa_,428699,Alessia Crippa,Sports,IT,person,5808,
2026-09-29,_choiiii__,8920649,최현욱,Film & TV,KR,person,994,
2026-09-29,_maxhaase_,4135831,Max Haase - German Travel Influencer,Creators,DE,person,1770,
2026-09-29,_ryeoun,3459196,려운,Film & TV,KR,person,1958,
2026-09-29,_seorina,10031114,설인아 sᴇᴏʀɪɴᴀ,Film & TV,KR,person,892,
2026-09-29,a_n_o2mass,1494570,aNo2mass,Music,JP,person,3330,
2026-09-29,aagbanjh,2960143,안재현,Film & TV,KR,person,2191,
2026-09-29,ab,15577525,Yawah Ben,Sports,US,person,566,
2026-09-29,abba,2238900,ABBA,Music,SE,org,2611,
2026-09-29,abcnews,5819569,ABC News,Media,US,org,1400,
2026-09-29,abdevilliers17,29534451,AB de Villiers,Sports,ZA,person,256,
2026-09-29,achilleidol,2591156,ACHILLE LAURO,Music,IT,person,2395,
2026-09-29,acmilan,18192251,AC Milan,Sports,IT,org,472,
2026-09-29,actorsashapetrov,3142527,Alexander Petrov,Film & TV,RU,person,2103,
2026-09-29,actorvijay,19122357,Vijay,Film & TV,IN,person,437,
2026-09-29,addnfahrer,510922,Addnfahrer,Film & TV,DE,person,5434,
2026-09-29,adele,55945246,Adele,Music,GB,person,114,
2026-09-29,adib.waez,276690,Adib Waez,Public figures,SY,person,6691,
2026-09-29,agazetaes,1242133,A Gazeta ES,Media,BR,org,3691,
2026-09-29,agustd,55089500,SUGA of BTS 민윤기,Music,KR,person,118,
2026-09-29,ahegerberg,743307,Ada Stolsmo Hegerberg,Sports,NO,person,4656,
2026-09-29,ahmedeldin,1173932,Ahmed Eldin | أحمد الدين,Media,KW,person,3793,
2026-09-29,aimpintongta,480663,Aim Pintongta,Public figures,TH,person,5574,
2026-09-29,akapismak,3066072,Aşkım Kapışmak,Public figures,TR,person,2135,
2026-09-29,aksakfn12,2040804,김영광,Film & TV,KR,person,2760,
2026-09-29,akshaykumar,64929685,Akshay Kumar,Film & TV,IN,person,84,
2026-09-29,alanchikinchow,2220814,Alan Chikin Chow,Film & TV,US,person,2625,
2026-09-29,aleksandar_vuksanovic_official,382357,ACA LUKAS,Music,RS,person,6063,
2026-09-29,alexandramalenaleclerc,5607471,Alexandra Leclerc,Creators,FR,person,1434,
2026-09-29,alexmortonmindset,991375,Alex Morton,Public figures,US,person,4102,
2026-09-29,alhadayacenter,2001315,الهدايا سنتر | Alhadaya Center,Brands,SA,org,2792,
2026-09-29,aliaabhatt,85259861,Alia Bhatt,Film & TV,IN,person,48,
2026-09-29,alishalehmann7,15005467,Alisha Lehmann,Sports,CH,person,585,
2026-09-29,alishbahannjum,3651541,ALISHBAH ANJUM,Creators,PK,person,1898,
2026-09-29,alla_orfey,3771588,ALLA PUGACHEVA,Music,RU,person,1865,
2026-09-29,allanbadillaofficial,430009,Allan Badilla Jiménez,Public figures,CR,person,5799,
2026-09-29,alxjames,992787,ALX JAMES,Creators,US,person,4100,
2026-09-29,amanzasmith,1292494,Amanza Smith,Fashion & beauty,US,person,3626,
2026-09-29,amberheard,4882923,Amber Heard,Film & TV,US,person,1584,
2026-09-29,amitabhbachchan,36314587,Amitabh Bachchan,Film & TV,IN,person,206,
2026-09-29,amunstarr,2091848,Amun Starr,Music,US,person,2740,
2026-09-29,anabella,1433958,Anabella,Music,VE,person,3409,
2026-09-29,anamenaoficial,1581641,Ana Mena,Music,ES,person,3237,
2026-09-29,anan.ped,654655,Anan Ekchaweng,Creators,TH,person,4925,
2026-09-29,ananyapanday,26216849,Ananya,Film & TV,IN,person,301,
2026-09-29,andreas.szakacs,4081606,Andreas Szakacs,Public figures,US,person,1779,
2026-09-29,andreaveresovaofficial,407104,Andrea Verešová Official,Fashion & beauty,SK,person,5927,
2026-09-29,andyle_official,704351,ANDY LE 武館,Film & TV,US,person,4773,
2026-09-29,angelbcuriel,412776,Angel Curiel,Film & TV,US,person,5893,
2026-09-29,anitta,61074542,Anitta,Music,BR,person,91,
2026-09-29,annacathcart,6315067,Anna Cathcart,Film & TV,CA,person,1310,
2026-09-29,annafpadilla,922787,ANNA PADILLA,Creators,ES,person,4247,
2026-09-29,annehathaway,44537286,Anne Hathaway,Film & TV,US,person,165,
2026-09-29,anushkasharma,67291874,AnushkaSharma1588,Film & TV,IN,person,78,
2026-09-29,anyataylorjoy,12041667,Anya Taylor-Joy,Film & TV,GB,person,744,
2026-09-29,ardmediathek,1027621,ARD Mediathek,Media,DE,org,4031,
2026-09-29,arianagrande,362608861,Ariana Grande,Music,US,person,7,Film & TV
2026-09-29,artdikaya_,1984173,Anastasia Andreenkova,Creators,RU,person,2805,
2026-09-29,aruma.pe,501480,Aruma,Fashion & beauty,PE,org,5477,
2026-09-29,astridsofficial,584439,Astrid S,Music,NO,person,5134,
2026-09-29,asvindal,526510,Aksel Lund Svindal,Sports,NO,person,5354,
2026-09-29,athoms_mbuma,787531,Athom's Mbuma,Music,CD,person,4529,
2026-09-29,avani,14826165,avani,Creators,US,person,597,
2026-09-29,avpbeach,410213,AVP Pro Beach Volleyball,Sports,US,org,5911,
2026-09-29,ayanakamura_officiel,4794173,LA NAKAMURANCE,Music,FR,person,1604,
2026-09-29,ayezakhan.ak,14633096,Ayeza Khan,Film & TV,PK,person,606,
2026-09-29,aymenabdennour_,2224348,Aymen Abdennour,Sports,TN,person,2628,
2026-09-29,aynuraydin,765409,Aynur Aydin,Music,TR,person,4599,
2026-09-29,aznar_pedro,532012,Pedro Aznar,Music,AR,person,5331,
2026-09-29,babygang_1,2959682,Baby Gang,Music,IT,person,2190,
2026-09-29,badbunnypr,53385782,Benito Antonio,Music,PR,person,124,
2026-09-29,badgalriri,145772547,badgalriri,Music,BB,person,27,Fashion & beauty
2026-09-29,bakaprase,1714872,Bogdan Ilic,Music,RS,person,3070,
2026-09-29,balenshah,2404820,Balen,Music,NP,person,2507,
2026-09-29,beingsalmankhan,72706391,Salman Khan,Film & TV,IN,person,66,
2026-09-29,bekvalceva,908357,Nataša Bekvalac,Music,RS,person,4267,
2026-09-29,belindabencic,444721,Belinda Bencic,Sports,SK,person,5725,
2026-09-29,bell.ysj,593440,양세종,Film & TV,KR,person,5108,
2026-09-29,bellahadid,59081199,Bella,Fashion & beauty,US,person,95,
2026-09-29,belonika,1116592,Ника Белоцерковская,Film & TV,RU,person,3883,
2026-09-29,beyonce,298988162,Beyoncé,Music,US,person,9,
2026-09-29,bigmatthewww,2704233,BM 비엠,Music,KR,person,2321,
2026-09-29,billieeilish,123815070,BILLIE EILISH,Music,US,person,32,
2026-09-29,billkaulitz,2612701,Bill Kaulitz,Music,DE,person,2373,
2026-09-29,biscuitdemer,3262191,Emilia,Creators,CM,person,2042,
2026-09-29,blackpinkofficial,57715410,BLΛƆKPIИK,Music,KR,org,104,
2026-09-29,bleona,635091,B L E O N A,Music,US,person,4981,
2026-09-29,bloodyhawkofficial,232642,Bloody Hawk,Music,GR,person,6967,
2026-09-29,bni46,1976975,Bank Negara Indonesia,Brands,ID,org,2818,
2026-09-29,bobbialthoff,124,Teresa Keyla,Film & TV,US,person,11078,
2026-09-29,bokrkic,951733,Bojan Krkic,Sports,ES,person,4173,
2026-09-29,bondisands,1059223,Bondi Sands | Self Tan + Suncare,Brands,FR,org,3972,
2026-09-29,boniver,1065099,Bon Iver,Music,US,org,3960,
2026-09-29,booboo2injo,1452411,강기영 Kiyoung Kang,Film & TV,KR,person,3389,
2026-09-29,bpagester,1821244,BRIAN PAGE,Public figures,US,person,2972,
2026-09-29,britneyspears,41874397,Britney Spears,Music,US,person,180,
2026-09-29,brunomars,43571507,Bruno Mars,Music,US,person,173,
2026-09-29,bts.bighitofficial,81637688,BTS official,Music,KR,org,50,
2026-09-29,bundeswehr,642923,Bundeswehr,Public figures,DE,org,4960,
2026-09-29,bus.becauseofyouishine,1584758,BUS because of you i shine,Music,,org,3228,
2026-09-29,byunyohan_official,469683,변요한 ByunYohan,Film & TV,KR,person,5615,
2026-09-29,calle7panama,982218,CALLE 7 PANAMÁ,Film & TV,PA,org,4124,
2026-09-29,callmedoctor.p,154539,Dr. Kerry-Anne Perkins,Other,US,person,7653,
2026-09-29,callmikenzy,513370,Ezike uche Kelvin,Film & TV,NG,person,5422,
2026-09-29,calvinbecerra,731044,Calvin Becerra,Public figures,US,person,4699,
2026-09-29,camdenstewarts,927274,Camden Stewart,Music,GB,person,4237,
2026-09-29,camila_cabello,61609325,camila,Music,US,person,89,
2026-09-29,canal_in,346074,Canal IN,Media,BR,org,6285,
2026-09-29,candiceking,12042920,Candice King,Film & TV,US,person,745,
2026-09-29,canyon,2146414,Canyon,Brands,DE,org,2686,
2026-09-29,caradelevingne,38173006,Cara Delevingne,Fashion & beauty,GB,person,197,Film & TV
2026-09-29,cecaraznatovic,1218221,C E C A,Music,RS,person,3728,
2026-09-29,cesar_cultureg,2317962,César Roussel,Creators,FR,person,2552,
2026-09-29,ch7hd_news,476945,Ch7HD News,Media,TH,org,5589,
2026-09-29,champagnepapi,139956732,champagnepapi,Music,US,person,28,
2026-09-29,championsleague,120595196,UEFA Champions League,Sports,,org,33,
2026-09-29,chandlerhallow,5181260,Chandler Hallow,Creators,US,person,1525,
2026-09-29,chanelofficial,59022511,CHANEL,Brands,FR,org,96,
2026-09-29,chappellroan,7700860,･ﾟ: * Chappell Roan *:･ﾟ,Music,US,person,1130,
2026-09-29,charlidamelio,40123448,charli,Creators,US,person,183,
2026-09-29,charlottewwe,5301679,Charlotte Flair,Sports,US,person,1495,
2026-09-29,charmgirl_1005,1011140,박주현,Film & TV,KR,person,4061,
2026-09-29,chitpas,960385,Tant Chitpas Kridakon,Public figures,TH,person,4183,
2026-09-29,chocolatewhipcream,2078454,Shannel,Music,US,person,2739,
2026-09-29,chrisbrownofficial,139939533,BROWN,Music,US,person,29,
2026-09-29,chrisfroome,1052888,Chris Froome,Sports,GB,person,3984,
2026-09-29,chrishemsworth,58163724,Chris Hemsworth,Film & TV,AU,person,102,
2026-09-29,christianlalama,349346,c,Music,CA,person,6258,
2026-09-29,chuuo3o,2798692,츄,Music,KR,person,2271,
2026-09-29,claudiashkim,591462,Claudia Kim • Soo Hyun 수현,Film & TV,KR,person,5113,
2026-09-29,clocksandcolours,627347,Clocks + Colours,Brands,CA,org,5008,
2026-09-29,clutchpoints,993857,ClutchPoints,Media,US,org,4099,
2026-09-29,coachstormy,1654083,Dr. Stormy Wellington,Public figures,US,person,3148,
2026-09-29,colorsxstudios,2436441,COLORS,Brands,,org,2480,
2026-09-29,comedycentral,2530902,Comedy Central,Film & TV,US,org,2432,
2026-09-29,cooperativa,1341003,Cooperativa,Media,CL,org,3553,
2026-09-29,cristiano,679319101,Cristiano Ronaldo,Sports,PT,person,2,
2026-09-29,culturetrip,604357,Culture Trip,Brands,GB,org,5078,
2026-09-29,daddyyankee,50594462,DY,Music,US,person,135,
2026-09-29,dahee0315,2359227,이다희,Film & TV,KR,person,2523,
2026-09-29,danbilzerian,28653829,Dan Bilzerian,Creators,US,person,267,
2026-09-29,danieladarcourtoficial,3174582,Daniela Darcourt,Music,PE,person,2090,
2026-09-29,danigambino_therockandrolla,124683,DANI THE PRINCE,Music,GR,person,8022,
2026-09-29,danishtaimoor16,8865831,Danish Taimoor,Film & TV,PK,person,995,
2026-09-29,darabubamara_official,1136292,Dara Bubamara,Music,RS,person,3844,
2026-09-29,dararolins_vermi,719213,Dara Rolins,Music,SK,person,4729,
2026-09-29,daryo.rasmiy,2148863,Daryo Nashri,Media,UZ,org,2683,
2026-09-29,davidalaba,15030267,David Alaba,Sports,AT,person,584,
2026-09-29,davidbeckham,87699329,David Beckham,Sports,GB,person,46,
2026-09-29,daviddobrik,9201685,DAVID DOBRIK,Creators,US,person,961,
2026-09-29,davidimonitie,477471,DAVID IMONITIE,Public figures,US,person,5585,
2026-09-29,ddlovato,147598617,Demi Lovato,Music,US,person,26,Film & TV
2026-09-29,deepikapadukone,78026228,दीपिका पादुकोण,Film & TV,IN,person,57,
2026-09-29,defrijuliant,346937,Defri Juliant,Music,ID,person,6275,
2026-09-29,delaneyrowe,1287025,Delaney Rowe,Film & TV,,person,3634,
2026-09-29,delaysports_berlin,589056,Delay Sports Berlin e.V,Sports,DE,org,5121,
2026-09-29,denise.mski,661293,Denise Mski,Creators,DE,person,4904,
2026-09-29,denyzee_,441644,DENYZEE,Creators,CA,person,5739,
2026-09-29,depthsofwikipedia,1652149,Wikipedia is weird!,Creators,US,org,3149,
2026-09-29,devinahermawan,1790772,Devina Hermawan,Public figures,ID,person,2993,
2026-09-29,diana_mondino,375001,Diana Mondino,Public figures,AR,person,6108,
2026-09-29,didibofficial,3346750,Didi B Mojaveli,Music,CI,person,2016,
2026-09-29,diljitdosanjh,26638858,DILJIT DOSANJH,Music,IN,person,292,Film & TV
2026-09-29,dior,46627529,Dior Official,Fashion & beauty,FR,org,151,
2026-09-29,discord,2611085,Discord,Brands,US,org,2374,
2026-09-29,dishapatani,60315430,disha patani (paatni),Film & TV,IN,person,92,
2026-09-29,divyakirti.vikas,2629578,Vikas Divyakirti,Film & TV,IN,person,2366,
2026-09-29,dizastavina,105981,Dizasta Vina,Music,TZ,person,8282,
2026-09-29,dlehdgnl,1497344,이동휘,Film & TV,KR,person,3326,
2026-09-29,doctor.yousef,2241749,𝐃𝐫. 𝐘𝐨𝐮𝐬𝐞𝐟 𝐀𝐛𝐨 𝐙𝐚𝐫𝐚𝐝 | دكتور يوسف,Creators,SY,person,2620,
2026-09-29,doflwl,1553196,윤승아,Film & TV,KR,person,3269,
2026-09-29,dogukangungor7,1559793,Doğukan Güngör,Film & TV,TR,person,3273,
2026-09-29,dojacat,24342039,Doja Cat,Music,US,person,331,
2026-09-29,domicibulkova,465589,Dominika Cibulkova,Sports,SK,person,5632,
2026-09-29,dongyoon_0712,697423,장동윤 Jang dong Yoon,Film & TV,KR,person,4801,
2026-09-29,douzefevrier,6777,Association Douzefevrier,Creators,FR,person,10620,
2026-09-29,dr_kasia_sterriker,1641073,Dr Eng. Kasia Sterriker,Other,,person,3180,
2026-09-29,dragana_mirkovic,1406345,Dragana Mirković,Music,RS,person,3451,
2026-09-29,ds17_fg,5213095,Dennis Schröder,Sports,DE,person,1522,
2026-09-29,dualipa,88777788,DUA LIPA,Music,GB,person,44,
2026-09-29,dunknatachai,4267286,Dunk Natachai B.,Film & TV,TH,person,1731,
2026-09-29,durefishans,8577922,Durefishan Saleem,Film & TV,PK,person,1025,
2026-09-29,eceseckin,1808656,Ece Seçkin,Music,TR,person,2979,
2026-09-29,edenben_zaken,1130606,Eden Ben Zaken,Music,IL,person,3857,
2026-09-29,efprocycling,605879,EF Education–EasyPost,Sports,CH,org,5075,
2026-09-29,elalfaeljefe,13779462,Emanuel Herrera Batista,Music,DO,person,659,
2026-09-29,elenahuelva02,756463,ᴇʟᴇɴᴀ ʜᴜᴇʟᴠᴀ,Creators,ES,person,4618,
2026-09-29,ellendegeneres,129868586,Ellen DeGeneres,Film & TV,US,person,31,
2026-09-29,elliotpage,5040184,Elliot Page,Film & TV,CA,person,1545,
2026-09-29,elmagopopoficial,1710347,El Mago Pop,Film & TV,ES,person,3083,
2026-09-29,elown_kiffnobeat,1754671,EANIE MEANIE ST THOMAS,Music,CI,person,3030,
2026-09-29,elrubiuswtf,17394663,el rubius WTF,Creators,ES,person,492,
2026-09-29,elsabinox,676278,SABINO - SabHop,Music,MX,person,4860,
2026-09-29,elsabois,1627026,Elsa Bois,Film & TV,FR,person,3184,
2026-09-29,elvirapitznerofficial,424277,ELVIRA PITZNER,Music,,person,5833,
2026-09-29,eminem,43886732,Marshall Mathers,Music,US,person,172,
2026-09-29,emmaellingsenn,630722,emma the vampire slayer,Creators,NO,person,5000,
2026-09-29,emmawatson,70891303,Emma Watson,Film & TV,GB,person,67,
2026-09-29,enhypen,22454239,ENHYPEN,Music,KR,org,358,
2026-09-29,enzo,1325751,Enzo Zidane,Sports,FR,person,3581,
2026-09-29,ericworre,869164,Eric Worre,Film & TV,US,person,4349,
2026-09-29,espn,28785751,ESPN,Media,US,org,265,
2026-09-29,esskateboarding,546198,éS Skateboarding,Brands,,org,5265,
2026-09-29,estevaowilian_,5265670,Estevão Willian,Sports,BR,person,1504,
2026-09-29,eugene__jung,490327,정유진,Film & TV,KR,person,5531,
2026-09-29,evgenygrinko,520007,Evgeny Grinko,Music,RU,person,5387,
2026-09-29,fabirommel,663735,Fabi Rommel,Film & TV,DE,person,4895,
2026-09-29,fageras_sculpture,449655,Håkon Anton Fagerås,Other,NO,person,5700,
2026-09-29,fahd.el,1039000,Fahd EL,Creators,FR,person,4004,
2026-09-29,famousbirthdays,1824749,Famous Birthdays,Media,US,org,2959,
2026-09-29,farfetch,6141900,FARFETCH,Brands,PT,org,1341,
2026-09-29,fariana,6495599,FARIANA,Music,CO,person,1275,
2026-09-29,fcbarcelona,148883532,FC Barcelona,Sports,ES,org,25,
2026-09-29,fcbesports,638417,Barça eSports,Sports,ES,org,4970,
2026-09-29,federicabrignone,490207,Federica Brignone,Sports,IT,person,5532,
2026-09-29,felidonoseofficial,559272,Feli,Music,RO,person,5218,
2026-09-29,felipsuperior,747697,FELIP,Music,PH,person,4643,
2026-09-29,fernandoalo_oficial,7893850,Fernando Alonso,Sports,ES,person,1106,
2026-09-29,fever_global,458927,Fever Global,Brands,ES,org,5660,
2026-09-29,fiawec_official,1419092,FIA World Endurance Championship,Sports,,org,3435,
2026-09-29,ficogutierrez,1289318,Fico Gutiérrez,Public figures,CO,person,3630,
2026-09-29,fifaworldcup,66992495,FIFA World Cup,Sports,,org,81,
2026-09-29,flograppling,1048433,FloGrappling,Sports,,org,3989,
2026-09-29,frida_aasen,1053970,Frida Aasen Chiabra,Fashion & beauty,NO,person,3982,
2026-09-29,fruits_zipper,815422,FRUITS ZIPPER【Official】,Music,JP,org,4461,
2026-09-29,fujiikaze,3405543,Fujii Kaze,Music,JP,person,1987,
2026-09-29,g2esports,1354534,G2 Esports,Sports,ES,org,3528,
2026-09-29,gal_gadot,103415949,Gal Gadot,Film & TV,IL,person,38,
2026-09-29,galvaobjj,730385,Andre Galvao Official,Sports,BR,person,4691,
2026-09-29,ganni,1683024,GANNI,Fashion & beauty,DK,org,3109,
2026-09-29,garethbale11,51088990,Gareth Bale,Sports,GB,person,130,
2026-09-29,gatorsfb,611818,Florida Gators Football,Sports,US,org,5052,
2026-09-29,geewonii,14251564,김지원,Film & TV,KR,person,626,
2026-09-29,georgerussell63,9231566,George Russell,Sports,GB,person,953,
2026-09-29,georginagio,78287672,Georgina Rodríguez,Fashion & beauty,ES,person,56,
2026-09-29,geprekbensu,810734,Geprek Bensu,Brands,ID,org,4474,
2026-09-29,getyourguide,1717514,GetYourGuide,Brands,DE,org,3062,
2026-09-29,ggani8918,610008,김가은,Film & TV,KR,person,5061,
2026-09-29,ggonekim,6863772,Kim Go-eun,Film & TV,KR,person,1227,
2026-09-29,gigihadid,73540773,Gigi Hadid,Fashion & beauty,US,person,65,
2026-09-29,ginta,990646,GINTA,Music,CH,person,4126,
2026-09-29,giorgino_abraham,5950416,Papi G,Film & TV,ID,person,1378,
2026-09-29,gippygrewal,8001262,𝗚𝗶𝗽𝗽𝘆 𝗚𝗿𝗲𝘄𝗮𝗹,Film & TV,IN,person,1100,Music
2026-09-29,givemesport,559463,GiveMeSport,Sports,,org,5216,
2026-09-29,glorykickboxing,1570838,GLORY Kickboxing,Brands,,org,3247,
2026-09-29,go_wonhee,856747,고원희 wonheego,Film & TV,KR,person,4380,
2026-09-29,goldenglare_,377667,Gold,Creators,CA,person,6091,
2026-09-29,gongyoo_official,6092758,YOO,Film & TV,KR,person,1352,
2026-09-29,gordongram,19489788,Gordon Ramsay,Film & TV,GB,person,424,
2026-09-29,got7.with.igot7,6260557,GOT7,Music,KR,org,1322,
2026-09-29,goyounjung,13148283,고윤정,Film & TV,KR,person,684,
2026-09-29,gucci,50579897,GUCCI,Fashion & beauty,IT,org,134,
2026-09-29,guerlain,2474454,Guerlain,Fashion & beauty,FR,org,2464,
2026-09-29,gukesh.official,1675249,Gukesh,Sports,IN,person,3115,
2026-09-29,gun_atthaphan,6318464,Atthaphan Phunsawat,Film & TV,TH,person,1308,
2026-09-29,guweiz,1132849,炜炜,Other,SG,person,3850,
2026-09-29,haileesteinfeld,20304766,hailee steinfeld,Film & TV,US,person,403,
2026-09-29,haileybieber,58762234,Hailey Rhode Bieber,Fashion & beauty,US,person,99,
2026-09-29,han_bling_,509671,한보름 Han BoReum,Film & TV,KR,person,5442,
2026-09-29,handemiyy,32227339,Hande Erçel,Film & TV,TR,person,241,
2026-09-29,harkat_zahra,648760,Zahraharkat,Film & TV,DZ,person,4943,
2026-09-29,harrystyles,45756309,Harry Styles,Music,GB,person,158,
2026-09-29,haseokjin,761446,하석진 Ha Seokjin,Film & TV,KR,person,4608,
2026-09-29,hayoonsong1202,755533,송하윤,Film & TV,KR,person,4625,
2026-09-29,heeae_official,492285,김희애 KIM HEE AE,Film & TV,KR,person,5525,
2026-09-29,hegdepooja,28058010,Pooja Hegde,Film & TV,IN,person,278,
2026-09-29,helenlindesgrif,369353,Helen Lindes Griffiths,Fashion & beauty,ES,person,6139,
2026-09-29,hellopapa11,1533985,임수향 Imsoohyang,Film & TV,KR,person,3288,
2026-09-29,henkeholm,646260,Henrik Holm,Film & TV,NO,person,4949,
2026-09-29,heosungtae,1343057,heosungtae,Film & TV,KR,person,3550,
2026-09-29,herthabsc,407739,Hertha BSC,Sports,DE,org,5924,
2026-09-29,hi_high_hiy,24098115,황인엽,Film & TV,KR,person,334,
2026-09-29,hihyunwoo,3265650,이현우,Film & TV,KR,person,2041,
2026-09-29,hikaru_takahashi_official,685147,髙橋 ひかる,Film & TV,JP,person,4834,
2026-09-29,hjonghyun,1806259,홍종현,Film & TV,KR,person,2976,
2026-09-29,hoteldefamosos,333774,El hotel de los famosos,Film & TV,AR,org,6356,
2026-09-29,hotwiu30,1902935,WIU,Music,BR,person,2894,
2026-09-29,hrvy,3378244,HRVY,Music,GB,person,1999,
2026-09-29,hudabeauty,56237023,HUDA BEAUTY,Brands,,org,113,
2026-09-29,hunterschafer,6935089,Hunter,Film & TV,US,person,1218,
2026-09-29,huskervb,588743,Nebraska Volleyball,Sports,US,org,5123,
2026-09-29,hye_yoon1110,6234871,김혜윤,Film & TV,KR,person,1326,
2026-09-29,hyello._.o,854384,Hyejun Kim,Film & TV,KR,person,4384,
2026-09-29,hyeon0_0soo,901746,김현수,Film & TV,KR,person,4281,
2026-09-29,hyorin_min,2178770,민효린,Film & TV,KR,person,2659,
2026-09-29,hyunbeenshin,671946,신현빈 Hyunbeen Shin,Film & TV,KR,person,4872,
2026-09-29,hyuniiiiiii_95917,1371300,Nam Ji-hyun,Film & TV,KR,person,3498,
2026-09-29,iamcardib,160964411,Cardi B,Music,US,person,23,
2026-09-29,iamjuhichawla,2328242,Juhi Chawla Mehta,Film & TV,IN,person,2549,
2026-09-29,iamsarkivibez,723,Sarki Vibez,Music,NG,person,10976,
2026-09-29,iamsrk,48404172,Shah Rukh Khan,Film & TV,IN,person,144,
2026-09-29,ianmckellen,3099929,Ian McKellen,Film & TV,GB,person,2123,
2026-09-29,iconosquare,557004,Positive Iconosquare,Brands,FR,org,5226,
2026-09-29,ifridag,1559163,Frida Sofia,Music,US,person,3262,
2026-09-29,ihibaqadir,2325311,Hiba Qadir ہبّہ قادر,Film & TV,PK,person,2550,
2026-09-29,ikeausa,2605608,IKEA USA,Brands,SE,org,2381,
2026-09-29,illit_official,8123957,ILLIT 아일릿,Music,KR,org,1078,
2026-09-29,illusomina,5912577,Shinmina,Film & TV,KR,person,1388,
2026-09-29,ilmeteoit,488590,iLMeteo,Media,IT,org,5540,
2026-09-29,imaginedragons,10065924,Imagine Dragons,Music,US,org,890,
2026-09-29,imbosslee,319727,Jessie Lee Ward,Creators,US,person,6447,
2026-09-29,imhyoseop,14208804,안효섭,Film & TV,KR,person,627,
2026-09-29,impactorpjb,598569,박지빈,Film & TV,KR,person,5095,
2026-09-29,ingrid_engen,475258,Ingrid Engen,Sports,NO,person,5595,
2026-09-29,ingshin21,760711,Paetongtarn Shinawatra,Public figures,TH,person,4610,
2026-09-29,inhyuk_bb,2848602,배인혁,Film & TV,KR,person,2244,
2026-09-29,inna,3593219,INNA,Music,RO,person,1910,
2026-09-29,instagram,686623692,Instagram,Brands,US,org,1,
2026-09-29,instantpotofficial,547745,Instant Pot,Brands,,org,5258,
2026-09-29,investopedia,551900,Investopedia,Media,,org,5243,
2026-09-29,irmasongs,1123148,Irma,Music,CM,person,3871,
2026-09-29,isabel.s.larosa,822352,Isabel LaRosa,Music,US,person,4448,
2026-09-29,isabellacastillodv,1640863,Isabella Castillo,Film & TV,US,person,3162,
2026-09-29,ishankishan23,11271986,Ishan Kishan,Sports,IN,person,796,
2026-09-29,itisriti,2659006,Sriti Jha,Film & TV,IN,person,2345,
2026-09-29,itsbobbyshmurda,4709148,Bobby Shmurda,Music,US,person,1625,
2026-09-29,itsdanielmac,2781454,Daniel Mac,Creators,US,person,2283,
2026-09-29,itsfunneh,607504,ItsFunneh,Creators,CA,person,5070,
2026-09-29,itslopez,1250572,Laia López,Other,ES,person,3677,
2026-09-29,itsmorissette,947830,Morissette,Music,PH,person,4185,
2026-09-29,itzanthonynap,433522,Anthony Napolitano,Public figures,US,person,5780,
2026-09-29,ivantapiav,359597,Ivan Tapia,Other,MX,person,6200,
2026-09-29,ivestarship,6958089,IVE 아이브,Music,KR,org,1213,
2026-09-29,iwonhoyou,2476780,원호 WONHO,Music,KR,person,2463,
2026-09-29,j.m,60136260,JIMIN,Music,KR,person,93,
2026-09-29,j0i3n2a9,546644,원진아,Film & TV,KR,person,5262,
2026-09-29,jackblack,16539468,Jack Black,Film & TV,US,person,526,
2026-09-29,jadelavoie,1334194,Jade Lavoie,Creators,CA,person,3571,
2026-09-29,jahdedios,835010,Justin De Dios,Music,PH,person,4426,
2026-09-29,jakewarden,1569111,Jake Warden,Creators,US,person,3252,
2026-09-29,jakobing,888045,Jakob A. Ingebrigtsen,Sports,NO,person,4307,
2026-09-29,jalabrat,877541,Jala Brat,Music,BA,person,4336,
2026-09-29,james.spmk,2142132,JAMES SU,Film & TV,TH,person,2688,
2026-09-29,jamesenglish2,552714,James English,Creators,,person,5241,
2026-09-29,jameslafferty,1472150,James Lafferty,Film & TV,US,person,3364,
2026-09-29,jamesrodriguez10,50166561,James Rodríguez,Sports,CO,person,136,
2026-09-29,jamieoliver,10580856,Jamie Oliver,Film & TV,GB,person,856,
2026-09-29,janerichsen,819158,Jan Hakon Erichsen,Creators,NO,person,4453,
2026-09-29,janetsworld3,2344650,Janet Dannehl - Luxury Travel & Adventure,Creators,DE,person,2548,
2026-09-29,janfrodeno,564539,Jan Frodeno,Sports,DE,person,5193,
2026-09-29,janienineeleven,4686584,911,Music,US,person,1630,
2026-09-29,jannatmirza_,6322580,Jannat Mirza,Creators,PK,person,1307,
2026-09-29,jantelov1,518586,Petter Northug Jr,Sports,NO,person,5389,
2026-09-29,jaya.ahsan,3301868,Jaya Ahsan,Film & TV,IN,person,2027,
2026-09-29,jaykaykenny,192878,SHORTMAN,Film & TV,NG,person,7303,
2026-09-29,jaytatum0,7149941,Jayson Tatum,Sports,US,person,1195,
2026-09-29,jbalvin,49237416,J Balvin,Music,CO,person,140,
2026-09-29,jbayleaf,6630321,JONATHAN BAILEY,Film & TV,GB,person,1258,
2026-09-29,jeffbezos,4999066,Jeff Bezos,Public figures,US,person,1551,
2026-09-29,jennierubyjane,89445711,J,Music,KR,person,43,
2026-09-29,jeon.yeobeen,1831896,전여빈 Yeobeen Jeon,Film & TV,KR,person,2948,
2026-09-29,jeremyleeminer,1437120,Jeremy Miner,Public figures,US,person,3404,
2026-09-29,jessicasenra,997824,Jessica Senra,Media,BR,person,4093,
2026-09-29,jessicaspringsteen,423005,Jessica Springsteen,Sports,US,person,5841,
2026-09-29,jessilane,1359829,Jessi Alves,Other,BR,person,3521,
2026-09-29,jessismiles__,354674,Jessi Smiles,Music,US,person,6227,
2026-09-29,jichangwook,27538785,지창욱,Film & TV,KR,person,287,
2026-09-29,jilwww,4065216,정일우 JUNGILWOO,Film & TV,KR,person,1781,
2026-09-29,jin,56618357,Jin of BTS,Music,KR,person,110,
2026-09-29,jinjoo1224,1002416,박진주,Film & TV,KR,person,4079,
2026-09-29,jinkijoo,2507697,진기주,Film & TV,KR,person,2451,
2026-09-29,jinseyun.go,523662,진세연,Film & TV,KR,person,5369,
2026-09-29,jinuk0916,1143019,Lee Jinuk 이진욱,Film & TV,KR,person,3842,
2026-09-29,jiraishin99,1687588,KIM JIHUN,Film & TV,KR,person,3105,
2026-09-29,jj_1986_jj,2497778,𝐊𝐈𝐌𝐉𝐀𝐄𝐉𝐎𝐎𝐍𝐆,Music,KR,person,2459,
2026-09-29,jj_minii,395505,서은수,Film & TV,KR,person,5992,
2026-09-29,jlo,240034690,Jennifer Lopez,Music,US,person,17,Film & TV
2026-09-29,jmena,7038393,Jimena Barón,Music,AR,person,1203,
2026-09-29,johanneshk,746336,Johannes Høsflot Klæbo,Sports,NO,person,4648,
2026-09-29,johaugtherese,491288,Therese,Sports,NO,person,5528,
2026-09-29,jolin_cai,4807150,JOLIN 蔡依林,Music,TW,person,1601,
2026-09-29,jonasems,1574430,Jonas Ems,Film & TV,DE,person,3245,
2026-09-29,jonasvingegaard,1007490,Jonas Vingegaard,Sports,,person,4070,
2026-09-29,josefinfrid,1233178,JOSEFINE FRIDA,Film & TV,NO,person,3704,
2026-09-29,josegordo.eu,459239,JOSE GORDO,Public figures,ES,person,5658,
2026-09-29,josh_cullen_s,709306,JOSH CULLEN,Music,PH,person,4760,
2026-09-29,joshlilj,6942246,𝐉𝐨𝐬𝐡 𝐋𝐢𝐥𝐣𝐞𝐧𝐪𝐮𝐢𝐬𝐭,Creators,US,person,1216,
2026-09-29,josip_heit,773164,Josip Heit,Public figures,HR,person,4578,
2026-09-29,joyannreid,1511225,Joy-Ann Reid,Media,US,person,3311,
2026-09-29,joyridesweets,2125,JOYRIDE,Brands,US,org,10868,
2026-09-29,jrjswn,1234635,정건주,Film & TV,KR,person,3702,
2026-09-29,juanfutbol,689960,juanfutbol,Sports,MX,org,4823,
2026-09-29,juhiparmar,1393772,Juhi Parmar,Film & TV,IN,person,3467,
2026-09-29,juliaaburch,1995828,Julia Burch,Creators,CA,person,2797,
2026-09-29,juma_jux,8119539,Juma_jux,Music,TZ,person,1080,
2026-09-29,jungdabiny,676668,정다빈,Film & TV,KR,person,4858,
2026-09-29,jungeum1984,497,Hwang Jung Eum,Music,KR,person,11008,
2026-09-29,jungeunchae_,662609,jungeunchae,Film & TV,KR,person,4898,
2026-09-29,junghyesung91,487328,Jung hye sung,Film & TV,KR,person,5545,
2026-09-29,jungyumigram,518047,jungyumi,Film & TV,KR,person,5397,
2026-09-29,juninhomanella,3019351,Junior Manella,Creators,BR,person,2156,
2026-09-29,justintimberlake,68893553,Justin Timberlake,Music,US,person,71,Film & TV
2026-09-29,juttaleerdam,6299511,Jutta Leerdam,Sports,NL,person,1313,
2026-09-29,juventus,58986171,Juventus,Sports,IT,org,97,
2026-09-29,k.a_innsoo,1777683,유인수,Film & TV,KR,person,3007,
2026-09-29,k.kbeom,6896431,김범 kimbum,Film & TV,KR,person,1225,
2026-09-29,k.mbappe,136896311,Kylian Mbappé,Sports,FR,person,30,
2026-09-29,k_hanna_,2002827,강한나 / ʜᴀɴɴᴀ ᴋᴀɴɢ,Film & TV,KR,person,2791,
2026-09-29,kagramana,4111856,Роман Каграманов,Music,RU,person,1765,
2026-09-29,kajol,18731790,Kajol Devgan,Film & TV,IN,person,450,
2026-09-29,kanghaneul_official,730214,강하늘,Film & TV,KR,person,4693,
2026-09-29,kanwal.135,4735121,Kanwal Aftab,Creators,PK,person,1614,
2026-09-29,kaoru.m.0520,1339526,三笘薫,Sports,JP,person,3566,
2026-09-29,kareenakapoorkhan,14015368,Kareena Kapoor Khan,Film & TV,IN,person,640,
2026-09-29,karimbenzema,74409019,Karim Benzema,Sports,FR,person,64,
2026-09-29,karolg,70436037,KAROL G,Music,CO,person,69,
2026-09-29,karolinakurkova,1084626,Karolina Kurkova,Film & TV,SK,person,3931,
2026-09-29,karza0n,550268,Karzan Hisham,Creators,IQ,person,5252,
2026-09-29,katrinakaif,78661315,Katrina Kaif,Film & TV,IN,person,55,
2026-09-29,katy_ann_xo,649269,Katy Ann,Film & TV,US,person,4940,
2026-09-29,katyperry,195305000,KATY PERRY,Music,US,person,19,
2026-09-29,kayavine,1269821,Kay Lertsittichai,Creators,TH,person,3655,
2026-09-29,kaznews,1110507,NUR.KZ,Media,KZ,org,3891,
2026-09-29,kelliegerardi,1425812,Kellie Gerardi,Media,US,person,3421,
2026-09-29,kelogsloops,1429080,the art of hieu,Creators,,person,3417,
2026-09-29,kendalljenner,277513077,Kendall,Fashion & beauty,US,person,12,Film & TV
2026-09-29,kendokaponi,2239399,El grinch,Music,US,person,2610,
2026-09-29,kenzo,2173709,KENZO,Brands,FR,org,2663,
2026-09-29,kevinhart4real,171980826,Kevin Hart,Film & TV,US,person,22,
2026-09-29,khaby00,78018488,Khabane Lame,Creators,IT,person,58,
2026-09-29,khloekardashian,291572542,Khloé Kardashian,Film & TV,US,person,10,
2026-09-29,kikkafede88,2004523,Federica Pellegrini,Sports,IT,person,2789,
2026-09-29,kimheebibi,585586,김희정 Kim Hee Jung,Film & TV,KR,person,5130,
2026-09-29,kimjiseok16,377716,김지석,Film & TV,KR,person,6092,
2026-09-29,kimkardashian,343869701,Kim Kardashian,Film & TV,US,person,8,Fashion & beauty
2026-09-29,kingjames,153772357,kingjames,Sports,US,person,24,
2026-09-29,kj_ieun,1380746,김지은,Film & TV,KR,person,3484,
2026-09-29,kollegahderboss,2104492,FELIX BLUME,Music,DE,person,2716,
2026-09-29,kopular,1259545,고경표 Ko kyung pyo,Film & TV,KR,person,3669,
2026-09-29,kourtneykardash,209193328,Kourtney Kardashian Barker,Film & TV,US,person,18,
2026-09-29,krisjenner,50113286,Kris Jenner,Film & TV,US,person,138,
2026-09-29,kristenanniebell,15819152,kristen bell,Film & TV,US,person,551,
2026-09-29,kritisanon,57918276,Kriti Sanon,Film & TV,IN,person,103,
2026-09-29,krw810319,485941,Kim Raewon,Film & TV,KR,person,5555,
2026-09-29,kto940620,2718140,강태오,Film & TV,KR,person,2312,
2026-09-29,kurtisconner,1464620,kurtis conner,Film & TV,CA,person,3375,
2026-09-29,kurzgesagt,1606375,Kurzgesagt - In a nutshell,Creators,DE,org,3205,
2026-09-29,kwakdongyeon0,3777998,곽동연,Film & TV,KR,person,1863,
2026-09-29,kygomusic,5533353,Kygo,Music,NO,person,1447,
2026-09-29,kyliejenner,380846826,Kylie,Fashion & beauty,US,person,6,Film & TV
2026-09-29,l__lijah,392190,Lee Elijah,Film & TV,KR,person,6011,
2026-09-29,ladipoe,709222,Leader of The Revival,Music,NG,person,4757,
2026-09-29,ladygaga,61175251,Lady Gaga,Music,US,person,90,Film & TV
2026-09-29,lalalalisa_m,105985875,LISA,Music,TH,person,35,Film & TV
2026-09-29,laliga,55617834,LALIGA,Sports,ES,org,116,
2026-09-29,lanacondor,10587317,Lana Condor,Film & TV,US,person,855,
2026-09-29,lanzanipeter,697941,Peter Lanzani,Film & TV,AR,person,4797,
2026-09-29,lasselom,593017,Lasse L. Matberg,Creators,NO,person,5110,
2026-09-29,laterkader,653799,EHG,Other,,person,4926,
2026-09-29,lauraacunaayala,4406930,Laurita Acuña - Presentadora,Film & TV,CO,person,1701,
2026-09-29,laurawontorra,611403,Laura Wontorra | TV Host Sports & Show | Founder,Film & TV,DE,person,5053,
2026-09-29,lavanyavikram_,1098702,Lavanya Vikram | Dubai Influencer,Creators,IN,person,3917,
2026-09-29,laylayyo,708456,Talay Sanguandikul,Film & TV,TH,person,4763,
2026-09-29,le2jh,8048945,이준호,Film & TV,KR,person,1092,Music
2026-09-29,leagueoflegends,4594805,League of Legends,Brands,US,org,1656,
2026-09-29,leechungah,1171622,Chung Ah Lee 이청아,Film & TV,KR,person,3798,
2026-09-29,leejunhyuk05,992332,이준혁,Film & TV,KR,person,4101,
2026-09-29,leesoohyuk,5374047,Lee Soo-hyuk,Film & TV,KR,person,1479,
2026-09-29,leeyoum262,6308246,이유미,Film & TV,KR,person,1312,
2026-09-29,lelepons,52103528,Lele Pons,Creators,VE,person,125,
2026-09-29,lenameyerlandrut,5523112,Lena,Music,DE,person,1448,
2026-09-29,leomessi,516978071,Leo Messi,Sports,AR,person,3,
2026-09-29,leonardodicaprio,58749407,Leonardo DiCaprio,Film & TV,US,person,100,
2026-09-29,lestikejora,28419178,Lestikejora,Music,ID,person,272,
2026-09-29,lewishamilton,44051798,Lewis Hamilton,Sports,GB,person,171,
2026-09-29,lilmabu,1646738,mabu,Music,US,person,3155,
2026-09-29,lindseyvonn,3615346,L I N D S E Y • V O N N,Sports,US,person,1906,
2026-09-29,lisa_buckwitz,451460,Lιѕa Вυcĸwιтz OLY,Sports,DE,person,5692,
2026-09-29,lizzobeeating,11180707,Lizzo,Music,US,person,808,
2026-09-29,logitech,884645,Logitech,Brands,US,org,4314,
2026-09-29,logitechg,4339431,Logitech G,Brands,,org,1713,
2026-09-29,lolojones,541644,Lolo Jones,Sports,US,person,5283,
2026-09-29,lostfrequencies,1452572,Lost Frequencies,Music,BE,person,3386,
2026-09-29,louist91,18490494,Louis Tomlinson,Music,GB,person,460,
2026-09-29,louisvuitton,55094684,Louis Vuitton,Fashion & beauty,FR,org,119,
2026-09-29,lovejoyonline,360944,Lovejoy Band,Music,GB,org,6191,
2026-09-29,loverrukk,4344697,Love Pattranite (เลิฟ),Film & TV,TH,person,1712,
2026-09-29,loveyoonsea,551060,윤세아,Film & TV,KR,person,5244,
2026-09-29,lovingtanofficial,677384,Loving Tan,Brands,AU,org,4853,
2026-09-29,lrzammit,438036,Louis Rees-Zammit,Sports,GB,person,5758,
2026-09-29,lucaslynggaardtonnesen,391172,Lucas Lynggaard Tønnesen,Film & TV,,person,6012,
2026-09-29,luciadelapuerta,1084309,Lucia de la puerta,Sports,ES,person,3928,
2026-09-29,luciia,3926900,Lucia Lachkovic,Public figures,SK,person,1822,
2026-09-29,lucypug,720749,Lucy,Creators,SK,person,4722,
2026-09-29,luisier_affineur_fromages,864208,Luisier Affineur,Creators,CH,person,4355,
2026-09-29,lululemon,5883479,lululemon,Fashion & beauty,CA,org,1391,
2026-09-29,lunga_49,510413,Lung-A ลุงเอ,Creators,TH,person,5438,
2026-09-29,luzvaldezmx,467332,Luz Valdez,Creators,MX,person,5620,
2026-09-29,lysandrenadeau,486425,Lysandre Nadeau,Creators,CA,person,5553,
2026-09-29,m_kayoung,13490268,MUN KA YOUNG,Film & TV,KR,person,666,
2026-09-29,magicspooncereal,424726,Magic Spoon,Brands,US,org,5829,
2026-09-29,magnus_carlsen,2406563,Magnus Carlsen,Sports,NO,person,2505,
2026-09-29,majkspirit,569370,Spirit,Music,SK,person,5172,
2026-09-29,maligoshik,2630729,Anna Malygon,Creators,UA,person,2356,
2026-09-29,maluma,63476102,MALUMA,Music,CO,person,86,
2026-09-29,mammootty,5218216,Mammootty,Film & TV,IN,person,1516,
2026-09-29,mangelrogel,2600486,Mangel,Creators,ES,person,2387,
2026-09-29,manurios,9059355,Manu Rios,Film & TV,ES,person,981,
2026-09-29,manutd,66127608,Manchester United,Sports,GB,org,82,
2026-09-29,maphramusic,805085,MAPHRA,Music,,person,4491,
2026-09-29,marcel__hirscher,750490,Marcel Hirscher,Sports,AT,person,4638,
2026-09-29,marcelotwelve,67112146,Marcelo Vieira,Sports,BR,person,80,
2026-09-29,marcomaterazzi,1208544,Marco Materazzi,Sports,IT,person,3742,
2026-09-29,marekhamsik17,863736,Marek Hamšík,Sports,SK,person,4360,
2026-09-29,maria.svarbova,412358,MARIA SVARBOVA,Media,SK,person,5896,
2026-09-29,martin37skrtel,837873,Martin Skrtel OFFICIAL,Sports,SK,person,4421,
2026-09-29,marvel,65124520,Marvel Entertainment,Brands,US,org,83,
2026-09-29,maryfer_centeno,1002370,MaryFer Centeno Grafologa,Public figures,MX,person,4086,
2026-09-29,massimobottura,1634099,Massimo Bottura,Public figures,IT,person,3174,
2026-09-29,mattdavella,356327,Matt D'Avella,Film & TV,,person,6222,
2026-09-29,matthewcookofficial,745262,Matthew Cook,Film & TV,AU,person,4681,
2026-09-29,matthewlillard,2597729,Matthew Lillard,Film & TV,US,person,2388,
2026-09-29,matthewolivierx,1294471,Matthew Olivier,Public figures,CA,person,3622,
2026-09-29,maybemollyyy,436694,Molly Little,Film & TV,US,person,5765,
2026-09-29,mazdafar.momeni,1632569,مزدافَر مؤمنی,Public figures,IR,person,3177,
2026-09-29,mechisoy,1609417,ℳ𝑒𝓇𝒸𝑒𝒹𝑒𝓈 ℒ𝒶𝓂𝒷𝓇𝑒,Music,AR,person,3202,
2026-09-29,medwed33,1315519,Medvedev Daniil,Sports,RU,person,3594,
2026-09-29,meennicha8,1794456,ᵂ ˡ † ᴴ,Sports,TH,person,2992,
2026-09-29,melaniecmusic,1298384,Melanie C,Music,GB,person,3614,
2026-09-29,melrosemichaels,318759,MΞLЯ0SΞ MICHAΞLS,Creators,US,person,6453,
2026-09-29,mercedesamgf1,16783247,Mercedes-AMG PETRONAS F1 Team,Sports,GB,org,516,
2026-09-29,metegokofficial,621442,Mete GÖK,Film & TV,TR,person,5030,
2026-09-29,miatalerico101,1368534,Mia Talerico,Film & TV,US,person,3503,
2026-09-29,michaelbjordan,25875990,Michael B. Jordan,Film & TV,US,person,308,
2026-09-29,michelleyeoh_official,2714370,Michelle Yeoh 楊紫瓊,Film & TV,MY,person,2314,
2026-09-29,mickey.a.np,687966,Mickey ANP,Sports,US,person,4827,
2026-09-29,mikaelashiffrin,1688943,MIKAELA SHIFFRIN,Sports,US,person,3103,
2026-09-29,milanskriniar,1460909,Milan Škriniar,Sports,SK,person,3380,
2026-09-29,min_namkoong,1798661,남궁민,Film & TV,KR,person,2987,
2026-09-29,minalkhan.official,10609255,Minal khan,Film & TV,PK,person,852,
2026-09-29,minhakim__,532450,Minha Kim,Film & TV,KR,person,5328,
2026-09-29,minkakelly,1395392,Minka Kelly,Film & TV,US,person,3462,
2026-09-29,minniedlamini,5200315,Minnie Dlamini,Film & TV,ZA,person,1518,
2026-09-29,mishaetalex,532518,𝑴𝒊𝒔𝒉𝒂 & 𝑨𝒍𝒆𝒙,Creators,FR,person,5327,
2026-09-29,missbotez,977031,Alexandra Botez,Creators,US,person,4136,
2026-09-29,mixxiw,3779860,Mixxiw,Film & TV,TH,person,1862,
2026-09-29,mmarkpkk,2693739,Pakin Kunaanuwit,Film & TV,TH,person,2326,
2026-09-29,mohammedelkurd,950328,محمد الكرد,Media,PS,person,4177,
2026-09-29,mollymae,8705314,Molly-Mae,Creators,GB,person,1009,
2026-09-29,moni.farro,1051644,Monica Farro,Film & TV,UY,person,3985,
2026-09-29,monroviaboy,1046770,Mon Rovîa,Music,,person,3990,
2026-09-29,monsieur_proff,1021189,Monsieur Prof,Creators,GB,person,4042,
2026-09-29,montaner,8813688,Ricardo Montaner,Music,VE,person,999,
2026-09-29,mora,3706929,Mora,Music,US,person,1885,
2026-09-29,mortenharket,175954,Morten Harket,Music,NO,person,7436,
2026-09-29,mosalah,67925638,Mohamed Salah,Sports,EG,person,74,
2026-09-29,moshereuven,1701255,𝗠𝗢𝗦𝗛𝗘 𝗥𝗘𝗨𝗩𝗘𝗡,Music,US,person,3087,
2026-09-29,mothermothermusic,693469,Mother Mother,Music,CA,org,4809,
2026-09-29,moynislam,469134,Moyn Islam,Public figures,GB,person,5617,
2026-09-29,mr.car,1134530,mr.car,Public figures,NO,person,3848,
2026-09-29,mrbeast,89876215,MrBeast,Creators,US,person,42,
2026-09-29,mrs.julezz,439,Julezz.offiziell,Creators,DE,person,11016,
2026-09-29,mrsamclaflin,3878647,Sam Claflin,Film & TV,GB,person,1839,
2026-09-29,msblairewhite,523354,BLAIRE WHITE,Creators,US,person,5373,
2026-09-29,museelouvre,5341707,Musée du Louvre,Other,FR,org,1486,
2026-09-29,my_songjihyo,3889913,송지효(Song Ji Hyo),Film & TV,KR,person,1836,
2026-09-29,mynameis_yim,1314941,mynameis_yim,Film & TV,TH,person,3593,
2026-09-29,nadegeimpote,899813,Nadege Impote,Music,CD,person,4286,
2026-09-29,nagore_robles,1385958,Nagore Robles,Creators,ES,person,3476,
2026-09-29,nala_cat,4260939,Nala Cat,Creators,,org,1733,
2026-09-29,nanon_korapat,5880733,NANON,Film & TV,TH,person,1392,
2026-09-29,naosalvo,393927,Cid NaoSalvo,Creators,BR,person,5999,
2026-09-29,nardwuar,2650759,The Human Serviette,Sports,CA,person,2347,
2026-09-29,narendramodi,106771999,Narendra Modi,Public figures,IN,person,34,
2026-09-29,nasa,104328561,NASA,Media,US,org,36,
2026-09-29,nat.natasit,1265144,Natasit Uareksit,Film & TV,TH,person,3659,
2026-09-29,natgeo,268506757,National Geographic,Media,US,org,15,
2026-09-29,nathalie_bw,935167,Nathalie Bleicher-Woth,Film & TV,RO,person,4212,
2026-09-29,nathalienicole,563389,Nathalie Nicole Smith,Public figures,US,person,5198,
2026-09-29,nato,2461986,NATO,Public figures,BE,org,2470,
2026-09-29,navahang,638343,Navahang,Media,FI,org,4971,
2026-09-29,nba,87947773,NBA,Sports,US,org,45,
2026-09-29,nbcnews,4658618,NBC News,Media,US,org,1640,
2026-09-29,nehakakkar,76118434,Neha Kakkar,Music,IN,person,63,
2026-09-29,neilpatel,678760,Neil Patel,Creators,US,person,4850,
2026-09-29,net_siraphop,2165485,Siraphop Manithikhun 陈欣博,Film & TV,TH,person,2672,
2026-09-29,netflix,42408644,Netflix US,Film & TV,US,org,176,
2026-09-29,new_cwr,4346158,NuNew Chawarin,Music,TH,person,1715,
2026-09-29,news.rebel,384195,Rebel News,Media,CA,org,6051,
2026-09-29,newwiee,4895140,New Thitipoom,Film & TV,TH,person,1579,
2026-09-29,neymarjr,241786436,Neymar Jr,Sports,BR,person,16,
2026-09-29,nfl,32749925,NFL,Sports,US,org,230,
2026-09-29,nihaachuu,1365734,Niki,Creators,DE,person,3512,
2026-09-29,nike,291097008,Nike,Brands,US,org,11,
2026-09-29,nina,27887439,Nina Dobrev,Film & TV,CA,person,281,
2026-09-29,noahschnacky,1191074,Noah Schnacky,Music,US,person,3773,
2026-09-29,noakirel,1842019,Noa Kirel Peretz,Music,IL,person,2940,
2026-09-29,nolwennleroyofficiel,148813,Nolwenn Leroy,Music,FR,person,7721,
2026-09-29,norvacentre,722,NorvaCentre,Public figures,CA,org,10977,
2026-09-29,notristantate,1787696,The Talisman,Creators,GB,person,2995,
2026-09-29,nourardakani,1558974,Nour Ardakani,Music,LB,person,3263,
2026-09-29,novah.music,2472693,Novah,Music,BE,person,2466,
2026-09-29,numberx9th,1225394,นพเก้า เดชาพัฒนคุณ,Film & TV,TH,person,3720,
2026-09-29,odegaard.98,7759847,Martin Ødegaard,Sports,NO,person,1120,
2026-09-29,official_kard,3451410,KARD,Music,KR,org,1963,
2026-09-29,officialbankofbaroda,1235403,Bank of Baroda,Brands,IN,org,3719,
2026-09-29,officialfrandrescher,1803170,Fran Drescher,Film & TV,US,person,2981,
2026-09-29,officialjld,1934900,Julia Louis-Dreyfus,Film & TV,US,person,2857,
2026-09-29,officialsb19,1277327,SB19 Official,Music,PH,org,3648,
2026-09-29,ofracosmetics,1587592,OFRA Cosmetics Makeup & Skin Care Made in the USA,Fashion & beauty,US,org,3224,
2026-09-29,ohiostatefb,1580473,Ohio State Football,Sports,US,org,3240,
2026-09-29,ohiostathletics,657187,Ohio State Athletics,Sports,US,org,4917,
2026-09-29,ohsheglows,556856,Angela Liddon / Oh She Glows,Media,,person,5229,
2026-09-29,ohvely22,2207579,오연서,Film & TV,KR,person,2638,
2026-09-29,oi_petit,1156104,Kenta Hashi / けんた食堂,Creators,JP,person,3814,
2026-09-29,olamide,11049501,Olamidé,Music,NG,person,823,
2026-09-29,oliviarodrigo,42305791,Olivia Rodrigo,Music,US,person,177,
2026-09-29,omah_lay,4952448,OMAH LAY,Music,NG,person,1563,
2026-09-29,omarherzshow,1369473,Mohammed and Omar Show,Creators,PS,org,3506,
2026-09-29,onlyfans,2700041,OnlyFans,Media,GB,org,2324,
2026-09-29,oohsehun,22084085,SEHUN,Music,KR,person,370,
2026-09-29,ovyonthedrums,2117940,OVY,Music,CO,person,2709,
2026-09-29,ozgecangurelofficial,6007615,Özge Gürel,Film & TV,TR,person,1366,
2026-09-29,p_hyemin_,369715,박혜민,Sports,KR,person,6138,
2026-09-29,patriciamanterola,1402042,𝐏𝐚𝐭𝐫𝐢𝐜𝐢𝐚 𝐌𝐚𝐧𝐭𝐞𝐫𝐨𝐥𝐚,Music,MX,person,3452,
2026-09-29,paulpogba,63485410,Paul Labile Shakur Pogba,Sports,FR,person,87,
2026-09-29,paulscholesaaa,1204511,Paul Scholes,Sports,GB,person,3752,
2026-09-29,pedrosuarezvertiz,879046,Pedro Suárez-Vértiz,Music,PE,person,4333,
2026-09-29,petosagan,1896532,Peter Sagan,Sports,SK,person,2898,
2026-09-29,pierregarniermusique,1199775,Pierre Garnier,Music,FR,person,3762,
2026-09-29,pinggumama,376742,황보라,Film & TV,KR,person,6097,
2026-09-29,pitelgiovanna,1241576,Pitel,Film & TV,BR,person,3693,
2026-09-29,plengasavahame,449182,Pleng Chontida,Music,TH,person,5702,
2026-09-29,pln_id,1384868,PLN,Brands,ID,org,3478,
2026-09-29,polespargaro,807209,Pol Espargaró,Sports,ES,person,4482,
2026-09-29,polgranch,895943,Pol Granch,Music,FR,person,4291,
2026-09-29,portalmigalhas,800855,Migalhas,Brands,BR,org,4498,
2026-09-29,postmalone,26389638,postmalone,Music,US,person,297,
2026-09-29,pourmoiltd,291720,Pour Moi,Brands,,org,6603,
2026-09-29,prattprattpratt,43086356,Chris Pratt,Film & TV,US,person,174,
2026-09-29,premierleague,80410568,Premier League,Sports,GB,org,52,
2026-09-29,priyankachopra,92880324,Priyanka,Film & TV,IN,person,41,
2026-09-29,proxie.officialth,425895,PROXIE,Music,TH,org,5819,
2026-09-29,psg,67374660,Paris Saint-Germain,Sports,FR,org,77,
2026-09-29,rachel_mypark,11943438,박민영 Park Min Young,Film & TV,KR,person,753,
2026-09-29,raf_camora,1802274,RAF Camora,Music,AT,person,2984,
2026-09-29,rafaelnadal,21074581,Rafa Nadal,Sports,ES,person,386,
2026-09-29,raftaarmusic,4045583,RAFTAAЯ,Music,IN,person,1783,
2026-09-29,rageagainstthemachine,1906749,Rage Against The Machine,Music,US,org,2886,
2026-09-29,raisi.ir,3033861,سید ابراهیم رئیسی,Public figures,IR,person,2148,
2026-09-29,rayssalealsk8,8244744,Rayssa Leal,Sports,BR,person,1068,
2026-09-29,raznatovicanastasija,1008602,Anastasija Gudelj,Music,RS,person,4068,
2026-09-29,real_jinhyuk,1202260,최진혁,Film & TV,KR,person,3758,
2026-09-29,real_scrip,2043840,Скриптонит,Music,KZ,person,2759,
2026-09-29,realbencarson,702180,Dr. Ben & Candy Carson,Public figures,US,person,4779,
2026-09-29,realdonaldtrump,44126458,President Donald J. Trump,Public figures,US,person,169,
2026-09-29,realisshoman,907424,임성빈,Music,KR,person,4270,
2026-09-29,realmadrid,181187056,Real Madrid C.F.,Sports,ES,org,20,
2026-09-29,realmikejfox,2707888,Michael J Fox,Film & TV,US,person,2319,
2026-09-29,realstraykids,33665176,Stray Kids,Music,KR,org,220,
2026-09-29,redvelvet.smtown,11543211,Red Velvet Official,Music,KR,org,777,
2026-09-29,remco.ev,1278953,Remco Evenepoel,Sports,BE,person,3644,
2026-09-29,renmakesmusic,3914617,Ren,Music,GB,person,1828,
2026-09-29,reveramess_,917715,강소라,Film & TV,KR,person,4252,
2026-09-29,richardbuettner,405731,Richard Buettner,Public figures,DE,person,5936,
2026-09-29,richiehawtin,845943,Richie Hawtin,Music,CA,person,4406,
2026-09-29,richmavoko,2304803,Billionea kid,Music,TZ,person,2564,
2026-09-29,rimowa,1601807,RIMOWA,Brands,DE,org,3209,
2026-09-29,rishisunakmp,3207735,Rishi Sunak,Public figures,GB,person,2071,
2026-09-29,rkive,53737412,RM,Music,KR,person,123,
2026-09-29,robertdowneyjr,58886309,Robert Downey Jr.,Film & TV,US,person,98,
2026-09-29,robertocarlomx,645688,Roberto Carlo,Film & TV,MX,person,4952,
2026-09-29,rogerfederer,13348963,Roger Federer,Sports,CH,person,675,
2026-09-29,rohitboseroy,980865,Rohit Bose Roy,Film & TV,IN,person,4128,
2026-09-29,rohyoonseo,3362146,노윤서,Film & TV,KR,person,2009,
2026-09-29,romanlochmann,1430757,Roman,Music,DE,person,3413,
2026-09-29,ronaldinho,81092679,Ronaldo de Assis Moreira,Sports,BR,person,51,
2026-09-29,rosalia.vt,27835308,LA ROSALÍA,Music,ES,person,283,
2026-09-29,roses_are_rosie,83043942,ROSÉ,Music,NZ,person,49,
2026-09-29,round2hell,3466050,Round2hell Official,Creators,IN,org,1951,
2026-09-29,royalnasty__,404653,𝑨𝑺𝑲 𝑶𝑭 𝑹𝑶𝒀𝑨𝑳,Film & TV,NG,person,5942,
2026-09-29,rozgajelenaofficial,499169,Jelena Rozga,Music,HR,person,5492,
2026-09-29,ruth_chavarri,1224471,Ruth Chavarri,Film & TV,VE,person,3723,
2026-09-29,rybakofficial,1479477,ALEXANDER RYBAK,Music,NO,person,3354,
2026-09-29,ryusdb,2871469,RYUJUNYEOL,Film & TV,KR,person,2227,
2026-09-29,sabita_5,635399,오나라,Film & TV,KR,person,4980,
2026-09-29,sadiesink_,35098829,Sadie Sink,Film & TV,US,person,213,
2026-09-29,samuliesword,2122764,김민석,Film & TV,KR,person,2705,
2026-09-29,sanamchauhdry,2730492,Sanam Chauhdry,Film & TV,PK,person,2303,
2026-09-29,sangrejaponesa,7461803,EUGENIA,Film & TV,AR,person,1161,
2026-09-29,santipenapy,609190,Santiago Peña,Public figures,PY,person,5067,
2026-09-29,sarahconnor,1033010,Sarah Connor,Music,DE,person,4022,
2026-09-29,sarahkhanofficial,12729078,Mrs.Falak,Film & TV,PK,person,706,
2026-09-29,sarajoofficial,449958,Sara Jo,Music,RS,person,5698,
2026-09-29,saramalakul,380378,Sara Malakul GROVE,Film & TV,US,person,6077,
2026-09-29,saraya,5920618,Saraya Bevis,Sports,GB,person,1381,
2026-09-29,sascha_huber_official,688946,SASCHA HUBER | FITNESS,Creators,AT,person,4824,
2026-09-29,sashakovacevic,495311,Sasa Kovacevic,Music,RS,person,5510,
2026-09-29,saudi_airlines,1118666,Saudia,Brands,SA,org,3879,
2026-09-29,schwarzenegger,26766662,Arnold Schwarzenegger,Film & TV,AT,person,291,Sports; Public figures
2026-09-29,scottcbakken,448573,Scott Bakken,Creators,CA,person,5708,
2026-09-29,sea_tawinan,2646579,𝐓𝐚𝐰𝐢𝐧𝐚𝐧 𝐀. 小海,Film & TV,TH,person,2349,
2026-09-29,seagalofficial,572101,Steven Seagal,Film & TV,US,person,5166,
2026-09-29,seanmikekelly,12085028,Sean Kelly,Public figures,US,person,746,
2026-09-29,seantuck,373028,Sean Tucker,Creators,,person,6119,
2026-09-29,sehatokar,152707,موقع صحتك,Media,,org,7679,
2026-09-29,selenagomez,403094990,Selena Gomez,Music,US,person,4,Film & TV
2026-09-29,selly,2243843,Andrei Șelaru,Music,RO,person,2607,
2026-09-29,senators,441479,Ottawa Senators,Sports,CA,org,5738,
2026-09-29,seokj1012,5106794,서강준,Film & TV,KR,person,1531,
2026-09-29,seonho__kim,12949538,김선호,Film & TV,KR,person,696,
2026-09-29,serenawilliams,17803256,Serena Williams,Sports,US,person,481,
2026-09-29,sergioramos,69849198,Sergio Ramos,Sports,ES,person,70,
2026-09-29,seriea,12005746,Lega Serie A,Sports,IT,org,748,
2026-09-29,severina,1475668,Severina,Music,HR,person,3359,
2026-09-29,shaegilll,436485,S H A E,Music,PK,person,5766,
2026-09-29,shakira,103318779,Shakira,Music,CO,person,39,
2026-09-29,shawnmendes,68608656,Shawn Mendes,Music,CA,person,73,
2026-09-29,sheikhaboobacker,275510,Sheikh Abubakr Ahmad,Public figures,IN,person,6703,
2026-09-29,shervinine,4411540,Shervin Hajipour,Music,IR,person,1700,
2026-09-29,shin_sung_rok,513607,배우 신성록입니다,Film & TV,KR,person,5421,
2026-09-29,shindohyunn,360949,신도현,Film & TV,KR,person,6192,
2026-09-29,shinhs831,5272287,신혜선 Shin hae sun,Film & TV,KR,person,1503,
2026-09-29,shraddhakapoor,92930644,Shraddha,Film & TV,IN,person,40,
2026-09-29,sidhu_moosewala,18112004,Sidhu Moosewala (ਮੂਸੇ ਆਲਾ),Music,IN,person,474,
2026-09-29,simgesagin,1826508,Simge,Music,TR,person,2955,
2026-09-29,simonahegerova,553707,SIMA,Music,SK,person,5240,
2026-09-29,simonebiles,11811716,SIMONE BILES,Sports,US,person,761,
2026-09-29,simonwill,313879,SIMON WILL,Creators,DE,person,6477,
2026-09-29,skuolanet,1049475,Skuola.net,Media,IT,org,3988,
2026-09-29,smtown,13916845,SM Entertainment Group,Music,KR,org,650,
2026-09-29,snoopdogg,86762426,snoopdogg,Music,US,person,47,
2026-09-29,sokbaraby,972196,SOK BARABY,Music,KH,person,4146,
2026-09-29,somin_jj,6324454,정소민,Film & TV,KR,person,1306,
2026-09-29,songilkook,2419334,1958,Film & TV,KR,person,2495,
2026-09-29,sonhojun_official,549400,손호준 SON HO JUN,Film & TV,KR,person,5255,
2026-09-29,soniaperonaci,1108630,Sonia Peronaci,Creators,IT,person,3894,
2026-09-29,sonsukku,1416759,손석구,Film & TV,KR,person,3437,
2026-09-29,soojunglim_,427723,임수정,Film & TV,KR,person,5811,
2026-09-29,soominn_jo,1583333,조수민 Jo Soo Min,Film & TV,KR,person,3235,
2026-09-29,sooogsx,482374,Bailey Erin,Creators,,person,5567,
2026-09-29,sooriland,2643351,soroush rezaee,Film & TV,IR,person,2355,
2026-09-29,sooyaaa__,80071232,JISOO,Music,KR,person,53,Film & TV
2026-09-29,sophiathomalla,1452259,S O P H I A T H O M A L L A,Film & TV,DE,person,3388,
2026-09-29,sophiemudd,2585477,Sophie Mudd,Creators,US,person,2400,
2026-09-29,sophiep0wers,844217,sophie powers,Music,CA,person,4411,
2026-09-29,souhilamallem,5829068,سهيلة معلم | Souhila Mallem,Film & TV,DZ,person,1399,
2026-09-29,sportmediaset,1015300,Sport Mediaset,Sports,IT,org,4052,
2026-09-29,sportschau,853274,Sportschau,Sports,DE,org,4389,
2026-09-29,sr.ventura,1516323,Eddy Ventura,Music,US,person,3305,
2026-09-29,srchafreen,4580809,freen (ฟรีน),Film & TV,TH,person,1662,
2026-09-29,sriritajensen,4118262,Sririta Jensen Narongdej,Film & TV,TH,person,1761,
2026-09-29,ssinz7,14942563,박신혜/Shin Hye Park,Film & TV,KR,person,592,
2026-09-29,ssoyang84,609418,소이현,Film & TV,KR,person,5065,
2026-09-29,starectory,1030,St. Andrews Rectory,Public figures,CA,org,10942,
2026-09-29,stefania_lo_gatto,785293,Stefania Lo Gatto,Public figures,IT,person,4539,
2026-09-29,stell16_,783866,Stell Ajero,Music,PH,person,4548,
2026-09-29,stephanielee199,524247,Stephanie Lee,Film & TV,US,person,5364,
2026-09-29,stjude,648777,St. Jude Children’s Research Hospital,Public figures,US,org,4942,
2026-09-29,su1023_,2964611,신은수,Film & TV,KR,person,2187,
2026-09-29,sunbin_eyesmag,1540670,이선빈,Film & TV,KR,person,3280,
2026-09-29,sunnyleone,54663569,Sunny Leone,Film & TV,US,person,120,
2026-09-29,susana_bicho90,67,Susana Molina Ruiz,Creators,ES,person,11102,
2026-09-29,susemee,1746246,임세미 Lim Semi,Film & TV,KR,person,3039,
2026-09-29,suzanneschulting,875564,Suzanne Schulting,Sports,NL,person,4343,
2026-09-29,sysysy1102,1691972,김소연 kim so yeon,Film & TV,KR,person,3101,
2026-09-29,t_js0813,508680,탕준상,Film & TV,KR,person,5451,
2026-09-29,tadejpogacar,3135890,Tadej Pogačar,Sports,SI,person,2104,
2026-09-29,tagesschau,6977679,tagesschau,Media,DE,org,1208,
2026-09-29,tailopez,3005990,Tai Lopez,Film & TV,US,person,2163,
2026-09-29,tasnia_farin,2786166,Tasnia Farin,Film & TV,BD,person,2279,
2026-09-29,tatawerneck,54542365,Tata Werneck,Film & TV,BR,person,121,
2026-09-29,tatemcrae,10002928,Tate McRae,Music,CA,person,895,
2026-09-29,tavicastro,5026723,Tavi Castro,Creators,NL,person,1549,
2026-09-29,taylorswift,272761016,Taylor Swift,Music,US,person,13,
2026-09-29,taytumandoakley,2862994,TAYTUM & OAKLEY FISHER,Creators,,org,2234,
2026-09-29,teddysphotos,47244821,Ed Sheeran,Music,GB,person,149,
2026-09-29,tefivalenzuela,2841012,TEFI VALENZUELA,Music,PE,person,2254,
2026-09-29,ten,1702150,Khaled Mazeedi,Creators,KW,person,3082,
2026-09-29,teoyoo,517368,Teo Yoo / 유태오,Film & TV,DE,person,5401,
2026-09-29,teprovocaonline,477757,Teprovoca,Other,,org,5582,
2026-09-29,texasvolleyball,420996,Texas Volleyball,Sports,US,org,5847,
2026-09-29,tgcom24,1421124,Tgcom24,Media,IT,org,3430,
2026-09-29,thatdanielwu,1897857,Daniel Wu 吴 彦 祖,Film & TV,US,person,2897,
2026-09-29,theattrakt,14668,ATTRAKT OFFICIAL INSTAGRAM,Music,KR,org,10331,
2026-09-29,thebiancadelrio,2571942,Bianca Del Rio,Film & TV,US,person,2411,
2026-09-29,theblondebrewer,1584205,Jaron & Maggie,Creators,US,org,3231,
2026-09-29,thebrandidentity,724003,The Brand Identity,Brands,GB,org,4712,
2026-09-29,thebursin,11217001,Kerem Bürsin,Film & TV,TR,person,804,
2026-09-29,thedubaimall,93,The Dubaï Mall CM,Brands,AE,org,11084,
2026-09-29,thehotblend,497089,Alexandra Teleki,Creators,HU,person,5502,
2026-09-29,themuseumofmodernart,6133394,MoMA The Museum of Modern Art,Other,US,org,1346,
2026-09-29,theoceancleanup,2585918,The Ocean Cleanup,Public figures,,org,2399,
2026-09-29,therakankhalifa,500383,Rakan Khalifa راكان خليفة | WEALTH & INVESTMENT COACH,Public figures,,person,5483,
2026-09-29,therealadamsavage,1235383,Adam Savage,Film & TV,US,person,3699,
2026-09-29,therealkateesackhoff,771099,Katee Sackhoff,Film & TV,US,person,4586,
2026-09-29,therock,381100609,Dwayne Johnson,Film & TV,US,person,5,Sports
2026-09-29,thetownfestival,1000239,The Town,Music,BR,org,4088,
2026-09-29,theweeknd,77561580,Abel,Music,CA,person,59,
2026-09-29,thomasangelvy,1429728,Thomas Angelvy,Film & TV,FR,person,3415,
2026-09-29,thv,76810466,V,Music,KR,person,61,
2026-09-29,tiaclair1,2079154,Tia-Clair Toomey-Orr,Sports,AU,person,2733,
2026-09-29,tiaraandini,8256356,TIARA,Music,ID,person,1063,
2026-09-29,tigerjackieshroff,39202019,Tiger shroff,Film & TV,IN,person,189,
2026-09-29,tim_pita,2935423,Tim Pita,Music,TH,person,2199,
2026-09-29,tina_karol,1948685,Tina Karol,Music,UA,person,2838,
2026-09-29,tinder,473997,Tinder,Brands,,org,5600,
2026-09-29,tinistoessel,21718984,tini,Music,AR,person,374,Film & TV
2026-09-29,tokyodisneyresort_official,4455063,東京ディズニーリゾート,Brands,JP,org,1692,
2026-09-29,tomholland2013,68662024,Tom Holland,Film & TV,GB,person,72,
2026-09-29,tongtong_thestar12,1333576,Tng,Film & TV,TH,person,3572,
2026-09-29,toniruediger,13224952,Antonio Rüdiger,Sports,DE,person,682,
2026-09-29,tonistorm_,941118,Timeless Toni Storm,Sports,NZ,person,4202,
2026-09-29,top.physical,529245,윤성빈 Yun sungbin,Sports,KR,person,5344,
2026-09-29,torispelling,1827526,TORI SPELLING,Film & TV,US,person,2952,
2026-09-29,trash_italiano,4430831,Trash Italiano,Media,,org,1698,
2026-09-29,travelzoo_de,78593,Travelzoo Deutschland,Brands,GB,org,8747,
2026-09-29,travisscott,58721995,flame,Music,US,person,101,
2026-09-29,trishapaytas,2097053,Trisha Paytas Hacmon,Creators,US,person,2720,
2026-09-29,tyshawn,736292,Tyshawn Jones,Sports,US,person,4678,
2026-09-29,uarmyhope,56743277,jhope,Music,KR,person,109,
2026-09-29,ufc,50879688,UFC,Sports,US,org,132,
2026-09-29,uppoompat,1528834,up,Film & TV,TH,person,3294,
2026-09-29,upworthy,4865094,Upworthy,Media,US,org,1589,
2026-09-29,usainbolt,14061049,Usain St.Leo Bolt,Sports,JM,person,636,
2026-09-29,usascoop_,561242,USA Scoop,Media,US,org,5208,
2026-09-29,usavolleyball,975069,USA Volleyball,Sports,US,org,4142,
2026-09-29,usher,14026807,Usher,Music,US,person,637,
2026-09-29,vanessahudgens,47727482,Vanessa Hudgens,Film & TV,US,person,148,Music
2026-09-29,varundvn,45085266,VarunDhawan,Film & TV,IN,person,161,
2026-09-29,vegetta777,6485014,Samuel De Luque,Creators,ES,person,1278,
2026-09-29,vickyvette,1972824,Vicky Vette,Film & TV,NO,person,2815,
2026-09-29,victon1109,567186,VICTON (빅톤),Music,KR,org,5184,
2026-09-29,victoriassecret,76774910,Victoria's Secret,Fashion & beauty,US,org,62,
2026-09-29,viktor_hovland,805907,Viktor Hovland,Sports,NO,person,4489,
2026-09-29,vindiesel,103466053,Vin Diesel,Film & TV,US,person,37,
2026-09-29,vinijr,64007089,Vinicius Jr.,Sports,BR,person,85,
2026-09-29,virat.kohli,271575081,Virat Kohli,Sports,IN,person,14,
2026-09-29,visca96barca,863330,Anton / ViscaBarca,Creators,DE,person,4363,
2026-09-29,viviz_official,1293955,VIVIZ 비비지,Music,KR,org,3623,
2026-09-29,vox_es,1175289,VOX,Public figures,ES,org,3788,
2026-09-29,voxdotcom,1017638,Vox,Media,US,org,4046,
2026-09-29,voyavivirel,729297,박지현,Film & TV,KR,person,4696,
2026-09-29,wdohwan,8386025,우도환,Film & TV,KR,person,1046,
2026-09-29,wellahair,1709987,Wella Professionals,Brands,DE,org,3076,
2026-09-29,whichuk,526000,Which?,Media,GB,org,5357,
2026-09-29,whinderssonnunes,54317501,Whindersson Nunes,Creators,BR,person,122,
2026-09-29,williamstrobeck,392594,William Strobeck,Film & TV,US,person,6009,
2026-09-29,willsmith,67668163,Will Smith,Film & TV,US,person,76,Music
2026-09-29,willy_kanga,535298,Williams Etombi,Other,NG,person,5307,
2026-09-29,winpw,579256,Win Thanik,Film & TV,TH,person,5147,
2026-09-29,winwithsashin,895654,Sashin Govender,Public figures,ZA,person,4293,
2026-09-29,wjmild,3798994,𝑾𝑱𝑴𝑰𝑳𝑫,Film & TV,TH,person,1858,
2026-09-29,wonjianolive,982999,원지안,Film & TV,KR,person,4125,
2026-09-29,worow0ro,726117,Woro Widowati,Music,,person,4705,
2026-09-29,woutvanaert,1448912,Wout van Aert,Sports,BE,person,3393,
2026-09-29,wwe,35432294,WWE,Brands,US,org,210,
2026-09-29,xdinaryheroes_official,2061873,Xdinary Heroes,Music,KR,org,2750,
2026-09-29,xeesoxee,16716509,한소희,Film & TV,KR,person,520,
2026-09-29,xxadoraa,1431568,Cho Boah,Film & TV,KR,person,3412,
2026-09-29,yaemina,632460,Emina Jahovic,Music,TR,person,4990,
2026-09-29,yangasc,5189349,Young Africans Sports Club,Sports,TZ,org,1520,
2026-09-29,yannickalleno,464493,Yannick Alléno,Public figures,FR,person,5636,
2026-09-29,yeyeji_seo,2343735,SEO YEA JI,Film & TV,KR,person,2536,
2026-09-29,yim_siwang,4290092,임시완,Film & TV,KR,person,1726,
2026-09-29,yjiinp,1120340,표예진,Film & TV,KR,person,3876,
2026-09-29,yohanblake,797061,Yohan Blake,Sports,JM,person,4510,
2026-09-29,yong.lixx,36612959,Felix,Music,AU,person,205,
2026-09-29,yoo_yeonseok,4505348,유연석,Film & TV,KR,person,1678,
2026-09-29,yoonhyunmin,824448,윤현민,Film & TV,KR,person,4455,
2026-09-29,yubi_190,1202450,이유비 𝐘𝐮𝐛𝐢 𝐋𝐞𝐞,Film & TV,KR,person,3756,
2026-09-29,yui.sakurai_7,797263,櫻井優衣,Music,JP,person,4509,
2026-09-29,yungmiami305,6406037,Caresha Brownlee,Music,US,person,1292,
2026-09-29,yutohorigome,1962117,堀米雄斗,Sports,JP,person,2824,
2026-09-29,zacefron,57547897,Zac Efron,Film & TV,US,person,105,
2026-09-29,zachking,31929868,Zach King,Creators,US,person,242,
2026-09-29,zakon.kz,933367,СМИ zakon.kz,Media,KZ,org,4219,
2026-09-29,zara,61655623,ZARA,Fashion & beauty,ES,org,88,
2026-09-29,zaralarsson,13332539,Zara Larsson,Music,SE,person,673,
2026-09-29,zeepruk,4963739,Z,Film & TV,TH,person,1564,
2026-09-29,zendaya,178630375,Zendaya,Film & TV,US,person,21,
2026-09-29,zerocalcare,1594801,michele rech,Film & TV,IT,person,3216,
2026-09-29,zuzana_caputova,477686,Zuzana Čaputová,Public figures,SK,person,5583,
2026-09-30,03_hu,4286127,박지후,Film & TV,KR,person,1727,
2026-09-30,0529.jihoon.ig,7780343,박지훈 Park Jihoon,Music,KR,person,1118,
2026-09-30,0myoung_0526,2014219,공명,Film & TV,KR,person,2778,
2026-09-30,0seungyeon,1671043,공승연,Film & TV,KR,person,3123,
2026-09-30,1.fcunion,366623,1. FC Union Berlin,Sports,DE,org,6158,
2026-09-30,10042n00,1962436,나인우 NA INWOO,Film & TV,KR,person,2823,
2026-09-30,1jnnf,1099456,Jennifer Lawrence,Film & TV,US,person,3910,
2026-09-30,1wron3k,388420,Wiktor Wronka,Creators,PL,person,6027,
2026-09-30,2pac,10914726,Tupac Shakur,Music,US,person,836,
2026-09-30,2xj_hee,1111287,진지희 JIN JI HEE,Film & TV,KR,person,3889,
2026-09-30,39daph,278790,daphne,Creators,CA,person,6687,
2026-09-30,42psy42,4453364,PSY,Music,KR,person,1693,
2026-09-30,433,79648364,433,Media,,org,54,
2026-09-30,50cent,38695224,50 Cent,Music,US,person,195,
2026-09-30,5_sprechwunsch,727707,Luis Teichmann,Creators,DE,person,4701,
2026-09-30,9gag,51935404,9GAG: Go Fun The World,Media,HK,org,126,
2026-09-30,_choiiii__,8918748,최현욱,Film & TV,KR,person,994,
2026-09-30,_chuckberry,0,Chuck Berry,Music,US,person,11170,
2026-09-30,_maxhaase_,4117958,Max Haase - German Travel Influencer,Creators,DE,person,1770,
2026-09-30,_rl9,38778708,Robert Lewandowski,Sports,PL,person,194,
2026-09-30,_ryeoun,3458465,려운,Film & TV,KR,person,1958,
2026-09-30,_seorina,10030812,설인아 sᴇᴏʀɪɴᴀ,Film & TV,KR,person,892,
2026-09-30,aagbanjh,2959889,안재현,Film & TV,KR,person,2191,
2026-09-30,ab,15530555,Yawah Ben,Sports,US,person,566,
2026-09-30,abba,2238950,ABBA,Music,SE,org,2611,
2026-09-30,abcnews,5821843,ABC News,Media,US,org,1400,
2026-09-30,abdevilliers17,29530749,AB de Villiers,Sports,ZA,person,256,
2026-09-30,ac2ality,530576,noticias en 1 min,Media,ES,org,5339,
2026-09-30,acdc,6445610,AC/DC,Music,AU,org,1288,
2026-09-30,achilleidol,2592424,ACHILLE LAURO,Music,IT,person,2395,
2026-09-30,acmilan,18191139,AC Milan,Sports,IT,org,472,
2026-09-30,actorsashapetrov,3142346,Alexander Petrov,Film & TV,RU,person,2103,
2026-09-30,actorvijay,19119441,Vijay,Film & TV,IN,person,437,
2026-09-30,adele,55939950,Adele,Music,GB,person,114,
2026-09-30,adib.waez,276679,Adib Waez,Public figures,SY,person,6691,
2026-09-30,adidas,29723903,adidas,Brands,DE,org,255,
2026-09-30,adriennemareebrown,445463,Adrienne Maree Brown,Music,US,person,5719,
2026-09-30,afaseleccion,18472456,Selección Argentina,Sports,AR,org,458,
2026-09-30,afcajax,8664856,AFC Ajax,Sports,,org,1012,
2026-09-30,africanunion_official,72062,African Union (AU),Public figures,,org,8862,
2026-09-30,agnezmo,31126130,AGNEZ MO,Music,ID,person,245,
2026-09-30,agustd,55088267,SUGA of BTS 민윤기,Music,KR,person,118,
2026-09-30,airbus,2730228,Airbus,Brands,FR,org,2304,
2026-09-30,airindia,892518,Air India,Brands,IN,org,4300,
2026-09-30,aishwaryaraibachchan_arb,14787216,AishwaryaRaiBachchan,Film & TV,IN,person,598,
2026-09-30,aitmatov.kg,11,Aitmatov.kg,Film & TV,KG,person,11144,
2026-09-30,akapismak,3062548,Aşkım Kapışmak,Public figures,TR,person,2135,
2026-09-30,akihiroooo1130,367287,Akihiro Yamauchi,Sports,JP,person,6151,
2026-09-30,aksakfn12,2041472,김영광,Film & TV,KR,person,2760,
2026-09-30,akshaykumar,64921185,Akshay Kumar,Film & TV,IN,person,84,
2026-09-30,alanchikinchow,2220543,Alan Chikin Chow,Film & TV,US,person,2625,
2026-09-30,alberteinstein,2287834,Albert Einstein,Public figures,US,person,2570,
2026-09-30,alexandramalenaleclerc,5606693,Alexandra Leclerc,Creators,FR,person,1434,
2026-09-30,alexbodi,362688,Bodi Alex,Public figures,RO,person,6183,
2026-09-30,algore,204736,Al Gore,Creators,US,person,7206,
2026-09-30,alhadayacenter,2002338,الهدايا سنتر | Alhadaya Center,Brands,SA,org,2792,
2026-09-30,aliaabhatt,85268002,Alia Bhatt,Film & TV,IN,person,48,
2026-09-30,aliciakeys,27220022,Alicia Keys,Music,US,person,288,
2026-09-30,alishalehmann7,15002790,Alisha Lehmann,Sports,CH,person,585,
2026-09-30,alishbahannjum,3651041,ALISHBAH ANJUM,Creators,PK,person,1898,
2026-09-30,alla_orfey,3771421,ALLA PUGACHEVA,Music,RU,person,1865,
2026-09-30,alsisiofficial,3531455,Abdelfattah Elsisi,Public figures,EG,person,1931,
2026-09-30,amandahearst,346116,Amanda Hearst Rønning,Fashion & beauty,US,person,6284,
2026-09-30,amazon,6823045,Amazon,Brands,US,org,1232,
2026-09-30,amberheard,4882310,Amber Heard,Film & TV,US,person,1584,
2026-09-30,amitabhbachchan,36311098,Amitabh Bachchan,Film & TV,IN,person,206,
2026-09-30,amnesty,1348767,Amnesty International,Public figures,GB,org,3542,
2026-09-30,amunstarr,2072767,Amun Starr,Music,US,person,2740,
2026-09-30,amyadams,983284,Amy Adams,Film & TV,IT,person,4122,
2026-09-30,amypellre,418,Amy Pell,Film & TV,US,org,11020,
2026-09-30,amywinehouse,2220550,Amy Winehouse,Music,GB,person,2624,
2026-09-30,anabella,1433864,Anabella,Music,VE,person,3409,
2026-09-30,ananyapanday,26212643,Ananya,Film & TV,IN,person,301,
2026-09-30,anastaciamusic,499653,Anastacia,Music,US,person,5486,
2026-09-30,andreas.szakacs,4072484,Andreas Szakacs,Public figures,US,person,1779,
2026-09-30,andresiniesta8,42336920,Andres Iniesta,Sports,ES,person,178,
2026-09-30,android,2013231,Android,Brands,,org,2775,
2026-09-30,angelinajolie,16381258,Angelina Jolie,Film & TV,KH,person,532,
2026-09-30,anggun_cipta,2198583,Anggun Official,Music,ID,person,2647,
2026-09-30,anitta,61071262,Anitta,Music,BR,person,91,
2026-09-30,anna_netrebko_yusi_tiago,738646,Anna Netrebko,Music,AT,person,4667,
2026-09-30,annacathcart,6314633,Anna Cathcart,Film & TV,CA,person,1310,
2026-09-30,annafpadilla,922873,ANNA PADILLA,Creators,ES,person,4247,
2026-09-30,annamtendler,272235,Anna Marie Tendler,Creators,US,person,6723,
2026-09-30,annehathaway,44539386,Anne Hathaway,Film & TV,US,person,165,
2026-09-30,anthonyhopkins,6658489,Anthony Hopkins,Film & TV,US,person,1253,
2026-09-30,antogriezmann,39050598,Antoine Griezmann,Sports,FR,person,191,
2026-09-30,antoinesallis,290431,Antoine Sallis | Credit Genius,Creators,US,person,6610,
2026-09-30,antonioguterres,719073,António Guterres,Public figures,TL,person,4733,
2026-09-30,anushkasharma,67286194,AnushkaSharma1588,Film & TV,IN,person,78,
2026-09-30,anyataylorjoy,12042254,Anya Taylor-Joy,Film & TV,GB,person,744,
2026-09-30,apple,38011527,apple,Brands,US,org,201,
2026-09-30,arethafranklin,280978,Aretha Franklin,Music,US,person,6669,
2026-09-30,arianagrande,362587148,Ariana Grande,Music,US,person,7,Film & TV
2026-09-30,arsenal,32526699,Arsenal,Sports,GB,org,235,
2026-09-30,artdikaya_,1983994,Anastasia Andreenkova,Creators,RU,person,2805,
2026-09-30,asean,200430,ASEAN,Public figures,,org,7247,
2026-09-30,astonvilla,4774951,Aston Villa,Sports,GB,org,1609,
2026-09-30,athenasmusica,521485,Athenas,Music,,person,5381,
2026-09-30,atleticodemadrid,17925243,Atlético de Madrid,Sports,ES,org,476,
2026-09-30,audi_de,1415016,Audi Deutschland,Brands,DE,org,3441,
2026-09-30,avani,14824722,avani,Creators,US,person,597,
2026-09-30,avocat.avi.bitton,408498,AVI BITTON,Other,,person,5919,
2026-09-30,avrillavigne,13981591,Avril Lavigne,Music,FR,person,643,
2026-09-30,ayanakamura_officiel,4795117,LA NAKAMURANCE,Music,FR,person,1604,
2026-09-30,ayezakhan.ak,14631572,Ayeza Khan,Film & TV,PK,person,606,
2026-09-30,aymenabdennour_,2218712,Aymen Abdennour,Sports,TN,person,2628,
2026-09-30,aynuraydin,765401,Aynur Aydin,Music,TR,person,4599,
2026-09-30,azzurri,6521422,Nazionale Italiana di Calcio,Sports,IT,org,1273,
2026-09-30,b.netanyahu,4129597,Benjamin Netanyahu - בנימין נתניהו,Public figures,IL,person,1757,
2026-09-30,babygang_1,2959981,Baby Gang,Music,IT,person,2190,
2026-09-30,badbunnypr,53376158,Benito Antonio,Music,PR,person,124,
2026-09-30,badgalriri,145775750,badgalriri,Music,BB,person,27,Fashion & beauty
2026-09-30,bakaprase,1714703,Bogdan Ilic,Music,RS,person,3070,
2026-09-30,balenshah,2404227,Balen,Music,NP,person,2507,
2026-09-30,barackobama,42740592,Barack Obama,Public figures,US,person,175,
2026-09-30,barbara_devil,321262,Barbara Devil,Film & TV,SK,person,6430,
2026-09-30,barbrastreisand,1881900,Barbra Streisand,Music,US,person,2911,
2026-09-30,basilicasagradafamilia,596607,Basílica de la Sagrada Família,Other,ES,org,5099,
2026-09-30,baskinrobbins,810028,Baskin-Robbins,Brands,US,org,4477,
2026-09-30,basshunter_se,127510,Bᴀssʜᴜɴᴛᴇʀ,Music,SE,person,7985,
2026-09-30,batman,2574243,Batman,Film & TV,US,org,2407,
2026-09-30,bbc,6933697,BBC,Media,GB,org,1217,
2026-09-30,bbcdoctorwho,929472,Doctor Who,Film & TV,GB,org,4232,
2026-09-30,beingsalmankhan,72705764,Salman Khan,Film & TV,IN,person,66,
2026-09-30,bellahadid,59079196,Bella,Fashion & beauty,US,person,95,
2026-09-30,belonika,1116545,Ника Белоцерковская,Film & TV,RU,person,3883,
2026-09-30,beyonce,298966079,Beyoncé,Music,US,person,9,
2026-09-30,bigbangtheory,3281054,The Big Bang Theory,Film & TV,US,org,2034,
2026-09-30,bigmatthewww,2703817,BM 비엠,Music,KR,person,2321,
2026-09-30,billieeilish,123797629,BILLIE EILISH,Music,US,person,32,
2026-09-30,billkaulitz,2612734,Bill Kaulitz,Music,DE,person,2373,
2026-09-30,bingcrosby,149632,Bing Crosby,Music,US,person,7711,
2026-09-30,biscuitdemer,3262094,Emilia,Creators,CM,person,2042,
2026-09-30,bjork,2688080,Björk,Music,IS,person,2329,
2026-09-30,blackpinkofficial,57710240,BLΛƆKPIИK,Music,KR,org,104,
2026-09-30,bloodyhawkofficial,232609,Bloody Hawk,Music,GR,person,6967,
2026-09-30,bmwgroup,267074,BMW Group,Brands,DE,org,6755,
2026-09-30,bni46,1973805,Bank Negara Indonesia,Brands,ID,org,2818,
2026-09-30,bobdylan,1291729,Bob Dylan,Music,US,person,3627,
2026-09-30,boeing,2184028,The Boeing Company,Brands,US,org,2652,
2026-09-30,bookriot,324370,Book Riot,Media,US,org,6414,
2026-09-30,borisjohnsonuk,1580276,Boris Johnson,Public figures,US,person,3241,
2026-09-30,bpagester,1818193,BRIAN PAGE,Public figures,US,person,2972,
2026-09-30,brasil,26368795,CBF • Seleção Brasileira de Futebol,Sports,BR,org,298,
2026-09-30,breakingbad,2418307,Breaking Bad,Film & TV,US,org,2496,
2026-09-30,brigittebardot_collections,16457,Brigitte Bardot Collections,Music,FR,person,10283,
2026-09-30,britishmuseum,2568365,British Museum,Public figures,GB,org,2412,
2026-09-30,britneyspears,41874515,Britney Spears,Music,US,person,180,
2026-09-30,brucelee,12575183,Bruce Lee,Film & TV,US,person,712,Sports
2026-09-30,brunomars,43623557,Bruno Mars,Music,US,person,173,
2026-09-30,bts.bighitofficial,81639431,BTS official,Music,KR,org,50,
2026-09-30,bundeskanzlerinmerkel,1534186,Bundeskanzlerin a.D. Merkel,Public figures,DE,person,3286,
2026-09-30,bundesliga,16981470,Bundesliga,Sports,DE,org,508,
2026-09-30,bundespraesident.steinmeier,434878,Bundespräsident Steinmeier,Public figures,DE,person,5772,
2026-09-30,bunnings,510211,Bunnings Warehouse,Brands,AU,org,5436,
2026-09-30,burgerking,2016507,Burger King,Brands,US,org,2773,
2026-09-30,bvb09,20767016,Borussia Dortmund,Sports,DE,org,391,
2026-09-30,cambridgeuniversity,1643556,University of Cambridge,Public figures,GB,org,3160,
2026-09-30,camerondiaz,12369212,Cameron Diaz,Film & TV,US,person,727,
2026-09-30,camila_cabello,61604579,camila,Music,US,person,89,
2026-09-30,candiceking,12042242,Candice King,Film & TV,US,person,745,
2026-09-30,canyon,2146368,Canyon,Brands,DE,org,2686,
2026-09-30,caradelevingne,38176709,Cara Delevingne,Fashion & beauty,GB,person,197,Film & TV
2026-09-30,catherinezetajones,6478094,Catherine Zeta-Jones,Film & TV,GB,person,1279,
2026-09-30,cbabdullahgul,190413,Abdullah Gül,Public figures,TR,person,7324,
2026-09-30,cbstv,1344270,CBS,Media,US,org,3549,
2026-09-30,cdu,226631,CDU Deutschlands,Public figures,DE,org,7008,
2026-09-30,celinedion,11932475,Céline Dion,Music,CA,person,751,
2026-09-30,cern,1351162,CERN,Public figures,CH,org,3536,
2026-09-30,cesar_cultureg,2318292,César Roussel,Creators,FR,person,2552,
2026-09-30,champagnepapi,139965403,champagnepapi,Music,US,person,28,
2026-09-30,championsleague,120590282,UEFA Champions League,Sports,,org,33,
2026-09-30,chandlerhallow,5180196,Chandler Hallow,Creators,US,person,1525,
2026-09-30,chanelofficial,59022617,CHANEL,Brands,FR,org,96,
2026-09-30,chappellroan,7700325,･ﾟ: * Chappell Roan *:･ﾟ,Music,US,person,1130,
2026-09-30,charlidamelio,40120298,charli,Creators,US,person,183,
2026-09-30,charlie_hebdo_officiel,289330,Charlie Hebdo,Media,FR,org,6619,
2026-09-30,charliechaplinofficial,222351,Charlie Chaplin,Music,GB,person,7047,
2026-09-30,charlizeafrica,8327741,Charlize Theron,Film & TV,US,person,1048,
2026-09-30,charlottewwe,5301226,Charlotte Flair,Sports,US,person,1495,
2026-09-30,chedetofficial,1639106,Dr Mahathir Mohamad,Public figures,MY,person,3168,
2026-09-30,chelseafc,44415149,Chelsea FC,Sports,GB,org,167,
2026-09-30,cher,3633487,Cher,Music,US,person,1903,
2026-09-30,chesterbe,1695528,Chester Bennington,Music,US,person,3097,
2026-09-30,chilipeppers,6567635,Red Hot Chili Peppers,Music,US,org,1267,
2026-09-30,chocolatewhipcream,2073252,Shannel,Music,US,person,2739,
2026-09-30,chrisbrownofficial,139931029,BROWN,Music,US,person,29,
2026-09-30,chrisevans,16990831,Chris Evans,Film & TV,US,person,507,
2026-09-30,chrishemsworth,58167404,Chris Hemsworth,Film & TV,AU,person,102,
2026-09-30,christianlalama,349340,c,Music,CA,person,6258,
2026-09-30,chucknorris,3244849,Chuck Norris,Film & TV,US,person,2052,Sports
2026-09-30,chuuo3o,2798032,츄,Music,KR,person,2271,
2026-09-30,cia,1030195,Central Intelligence Agency,Public figures,US,org,4028,
2026-09-30,claudia_shein,3563074,Claudia Sheinbaum Pardo,Public figures,MX,person,1921,
2026-09-30,cnn,23664658,CNN,Media,US,org,340,
2026-09-30,coachstormy,1652289,Dr. Stormy Wellington,Public figures,US,person,3148,
2026-09-30,cocacola,3374524,Coca-Cola,Brands,US,org,2000,
2026-09-30,coldplay,28748125,Coldplay,Music,GB,org,266,
2026-09-30,colorsxstudios,2437155,COLORS,Brands,,org,2480,
2026-09-30,comedycentral,2533020,Comedy Central,Film & TV,US,org,2432,
2026-09-30,commonwealth_sec,47661,The Commonwealth,Public figures,GB,org,9399,
2026-09-30,condoleezzarice,122199,Condoleezza Rice,Music,US,person,8052,
2026-09-30,corbinbleu,1037909,Corbin Bleu,Film & TV,US,person,4009,
2026-09-30,corinthians,15747524,Corinthians,Sports,BR,org,555,
2026-09-30,cornelluniversity,432653,Cornell University,Public figures,US,org,5785,
2026-09-30,councilofeurope,88385,Council of Europe,Public figures,FR,org,8586,
2026-09-30,creativecommons,17817,Creative Commons,Public figures,US,org,10226,
2026-09-30,cristiano,679255076,Cristiano Ronaldo,Sports,PT,person,2,
2026-09-30,cristinafkirchner,1700050,Cristina Kirchner,Public figures,AR,person,3088,
2026-09-30,culturetrip,604351,Culture Trip,Brands,GB,org,5078,
2026-09-30,cyborgbjj,577569,"Roberto ""Cyborg"" Abreu",Sports,BR,person,5153,
2026-09-30,daddyyankee,50590878,DY,Music,US,person,135,
2026-09-30,dahee0315,2358869,이다희,Film & TV,KR,person,2523,
2026-09-30,dalailama,2345000,Dalai Lama,Public figures,,person,2533,
2026-09-30,damedvedev,2157088,Дмитрий Медведев,Public figures,RU,person,2678,
2026-09-30,danbilzerian,28649253,Dan Bilzerian,Creators,US,person,267,
2026-09-30,danieladarcourtoficial,3174473,Daniela Darcourt,Music,PE,person,2090,
2026-09-30,danishtaimoor16,8865410,Danish Taimoor,Film & TV,PK,person,995,
2026-09-30,daryo.rasmiy,2151762,Daryo Nashri,Media,UZ,org,2683,
2026-09-30,davidalaba,15027825,David Alaba,Sports,AT,person,584,
2026-09-30,davidbeckham,87693186,David Beckham,Sports,GB,person,46,
2026-09-30,davidbowie,3085061,David Bowie,Music,GB,person,2128,
2026-09-30,daviddobrik,9200391,DAVID DOBRIK,Creators,US,person,961,
2026-09-30,davidlynchtheater1,43103,David Lynch Theater,Music,US,person,9480,
2026-09-30,ddlovato,147588405,Demi Lovato,Music,US,person,26,Film & TV
2026-09-30,deepikapadukone,78017929,दीपिका पादुकोण,Film & TV,IN,person,57,
2026-09-30,demimoore,6913878,Demi Moore,Film & TV,US,person,1221,
2026-09-30,depthsofwikipedia,1652117,Wikipedia is weird!,Creators,US,org,3149,
2026-09-30,devinahermawan,1790870,Devina Hermawan,Public figures,ID,person,2993,
2026-09-30,dfb_team,7587781,DFB-Team,Sports,DE,org,1148,
2026-09-30,diane_keaton,2632959,Diane Keaton,Film & TV,US,person,2363,
2026-09-30,diariodemallorca,163627,Diario de Mallorca,Media,ES,org,7552,
2026-09-30,didibofficial,3347212,Didi B Mojaveli,Music,CI,person,2016,
2026-09-30,diljitdosanjh,26641307,DILJIT DOSANJH,Music,IN,person,292,Film & TV
2026-09-30,dilmarousseff,1625517,Dilma Rousseff,Public figures,BR,person,3183,
2026-09-30,dior,46633116,Dior Official,Fashion & beauty,FR,org,151,
2026-09-30,discord,2610909,Discord,Brands,US,org,2374,
2026-09-30,dishapatani,60311703,disha patani (paatni),Film & TV,IN,person,92,
2026-09-30,disney,40046534,Disney,Film & TV,US,org,185,
2026-09-30,disneyfrozen,743006,Disney’s Frozen,Film & TV,US,org,4659,
2026-09-30,divyakirti.vikas,2629260,Vikas Divyakirti,Film & TV,IN,person,2366,
2026-09-30,djokernole,16792461,Novak Djokovic,Sports,RS,person,518,
2026-09-30,doctor.yousef,2225287,𝐃𝐫. 𝐘𝐨𝐮𝐬𝐞𝐟 𝐀𝐛𝐨 𝐙𝐚𝐫𝐚𝐝 | دكتور يوسف,Creators,SY,person,2620,
2026-09-30,dojacat,24339900,Doja Cat,Music,US,person,331,
2026-09-30,dollyparton,10174913,Dolly Parton,Music,US,person,882,
2026-09-30,donaldtusk,692210,Donald Tusk,Public figures,PL,person,4812,
2026-09-30,donkervoortcars,84811,Donkervoort | Dutch Supercars,Brands,,org,8638,
2026-09-30,dorachan_official,518514,【ドラえもん公式】ドラえもんチャンネル,Film & TV,JP,org,5390,
2026-09-30,dr_kasia_sterriker,1630969,Dr Eng. Kasia Sterriker,Other,,person,3180,
2026-09-30,draconitedragon,341402,Allen,Creators,CA,person,6311,
2026-09-30,dragana_mirkovic,1405035,Dragana Mirković,Music,RS,person,3451,
2026-09-30,drahmadinejad.ir,91429,دکتر محمود احمدی نژاد,Public figures,IR,person,8535,
2026-09-30,drewbarrymore,18794617,Drew Barrymore,Film & TV,US,person,447,
2026-09-30,ds17_fg,5199183,Dennis Schröder,Sports,DE,person,1522,
2026-09-30,dualipa,88784578,DUA LIPA,Music,GB,person,44,
2026-09-30,dunknatachai,4268780,Dunk Natachai B.,Film & TV,TH,person,1731,
2026-09-30,duolingo,5303636,Duolingo,Brands,,org,1494,
2026-09-30,durefishans,8578874,Durefishan Saleem,Film & TV,PK,person,1025,
2026-09-30,eceseckin,1804255,Ece Seçkin,Music,TR,person,2979,
2026-09-30,efprocycling,605889,EF Education–EasyPost,Sports,CH,org,5075,
2026-09-30,eintrachtfrankfurt,1366198,Eintracht Frankfurt Official,Sports,DE,org,3511,
2026-09-30,elalfaeljefe,13754413,Emanuel Herrera Batista,Music,DO,person,659,
2026-09-30,elbasy_nazarbayev,153516,Тұңғыш Президенттің Баспасөз қызметі,Public figures,KZ,person,7668,
2026-09-30,elishaphaneuf,830908,Elisha Cuthbert,Film & TV,CA,person,4433,
2026-09-30,elizabethtaylor,302720,Elizabeth Taylor,Film & TV,GB,person,6540,
2026-09-30,ellendegeneres,129859608,Ellen DeGeneres,Film & TV,US,person,31,
2026-09-30,elliotpage,5038580,Elliot Page,Film & TV,CA,person,1545,
2026-09-30,elmagopopoficial,1705762,El Mago Pop,Film & TV,ES,person,3083,
2026-09-30,elown_kiffnobeat,1754658,EANIE MEANIE ST THOMAS,Music,CI,person,3030,
2026-09-30,elrubiuswtf,17392988,el rubius WTF,Creators,ES,person,492,
2026-09-30,elsabois,1626547,Elsa Bois,Film & TV,FR,person,3184,
2026-09-30,eltonjohn,6037382,Elton John,Music,GB,person,1361,
2026-09-30,elvis,1989700,Elvis Presley,Music,US,person,2800,
2026-09-30,eminem,43880282,Marshall Mathers,Music,US,person,172,
2026-09-30,emmanuelmacron,6983342,Emmanuel Macron,Public figures,FR,person,1207,
2026-09-30,emmawatson,70889477,Emma Watson,Film & TV,GB,person,67,
2026-09-30,england,14056547,England football team,Sports,GB,org,635,
2026-09-30,enhypen,22453659,ENHYPEN,Music,KR,org,358,
2026-09-30,equipedefrance,19200042,Equipe de France de Football,Sports,FR,org,435,
2026-09-30,ericclapton,1335409,Eric Clapton,Music,US,person,3568,
2026-09-30,espn,28786983,ESPN,Media,US,org,265,
2026-09-30,estevaowilian_,5267461,Estevão Willian,Sports,BR,person,1504,
2026-09-30,estianomarjorie,1122808,Marjorie Estiano,Film & TV,BR,person,3872,
2026-09-30,europaleague,14645186,UEFA Europa League,Sports,,org,605,
2026-09-30,europeancommission,1234825,European Commission,Public figures,BE,org,3701,
2026-09-30,europeanparliament,886927,European Parliament,Public figures,,org,4309,
2026-09-30,europeanspaceagency,3419668,ESA - European Space Agency,Public figures,FR,org,1982,
2026-09-30,eurovision,2340214,Eurovision Song Contest,Music,,org,2539,
2026-09-30,everton,3388812,Everton,Sports,GB,org,1995,
2026-09-30,evomoralesayma,298315,Evo Morales Ayma,Public figures,BO,person,6558,
2026-09-30,f1,44053909,FORMULA 1,Sports,,org,170,
2026-09-30,facebook,7630943,Facebook,Brands,US,org,1142,
2026-09-30,fahd.el,1038832,Fahd EL,Creators,FR,person,4004,
2026-09-30,famousbirthdays,1824639,Famous Birthdays,Media,US,org,2959,
2026-09-30,fao,948738,Food & Agriculture Organization of the United Nations,Public figures,IT,org,4179,
2026-09-30,farfetch,6142455,FARFETCH,Brands,PT,org,1341,
2026-09-30,fariana,6494914,FARIANA,Music,CO,person,1275,
2026-09-30,fcbarcelona,148888524,FC Barcelona,Sports,ES,org,25,
2026-09-30,fcbayern,45633209,FC Bayern,Sports,DE,org,159,
2026-09-30,federicabrignone,490196,Federica Brignone,Sports,IT,person,5532,
2026-09-30,fernandoalo_oficial,7897594,Fernando Alonso,Sports,ES,person,1106,
2026-09-30,ferrari,32412939,Ferrari,Brands,IT,org,238,
2026-09-30,festivaldecannes,1667063,Festival de Cannes,Film & TV,FR,org,3130,
2026-09-30,fhollande,235366,François Hollande,Public figures,FR,person,6949,
2026-09-30,fifaworldcup,66984178,FIFA World Cup,Sports,,org,81,
2026-09-30,firefox,386287,Firefox,Brands,,org,6040,
2026-09-30,forbes,7811227,Forbes,Media,US,org,1113,
2026-09-30,ford,6759441,Ford Motor Company,Brands,US,org,1239,
2026-09-30,forrestgumpfilm,61676,Forrest Gump,Film & TV,US,org,9110,
2026-09-30,francescototti,5552596,Francesco Totti,Sports,IT,person,1443,
2026-09-30,franciscus,9726341,Pope Francis,Public figures,AR,person,920,
2026-09-30,francisfordcoppola,595361,Francis Ford Coppola,Film & TV,US,person,5101,
2026-09-30,franjo_v_allmen,327914,Franjo,Sports,CH,person,6388,
2026-09-30,franklampard,6658912,Frank Lampard,Sports,GB,person,1252,
2026-09-30,franzbeckenbauer,565684,Franz Beckenbauer,Sports,DE,person,5190,
2026-09-30,freddiemercury,1527791,Freddie Mercury,Music,GB,person,3293,
2026-09-30,frickcollection,433311,The Frick Collection,Public figures,US,org,5784,
2026-09-30,friends,12580233,Friends,Film & TV,US,org,711,
2026-09-30,fujiikaze,3407701,Fujii Kaze,Music,JP,person,1987,
2026-09-30,g20org,199411,G20 USA,Public figures,,org,7256,
2026-09-30,gal_gadot,103407614,Gal Gadot,Film & TV,IL,person,38,
2026-09-30,gameofthrones,9231346,Game of Thrones,Film & TV,US,org,959,
2026-09-30,ganni,1683279,GANNI,Fashion & beauty,DK,org,3109,
2026-09-30,garethbale11,51086111,Gareth Bale,Sports,GB,person,130,
2026-09-30,gatorsfb,612042,Florida Gators Football,Sports,US,org,5052,
2026-09-30,geewonii,14250202,김지원,Film & TV,KR,person,626,
2026-09-30,genewilder_official,87513,Gene Wilder,Music,US,person,8601,
2026-09-30,georgeharrisonofficial,1398298,George Harrison,Music,GB,person,3455,
2026-09-30,georgemofficial,1268254,George Michael,Music,GB,person,3657,
2026-09-30,georgerussell63,9237214,George Russell,Sports,GB,person,953,
2026-09-30,georgewbush,1533934,George W. Bush,Public figures,US,person,3287,
2026-09-30,georginagio,78273894,Georgina Rodríguez,Fashion & beauty,ES,person,56,
2026-09-30,geprekbensu,810708,Geprek Bensu,Brands,ID,org,4474,
2026-09-30,getyourguide,1719593,GetYourGuide,Brands,DE,org,3062,
2026-09-30,ggani8918,609956,김가은,Film & TV,KR,person,5061,
2026-09-30,ggonekim,6862891,Kim Go-eun,Film & TV,KR,person,1227,
2026-09-30,gianluigibuffon,11032137,Gianluigi Buffon,Sports,IT,person,827,
2026-09-30,gigihadid,73540277,Gigi Hadid,Fashion & beauty,US,person,65,
2026-09-30,gilliana,3895608,Gillian Anderson,Film & TV,US,person,1834,
2026-09-30,giorgiameloni,8129071,Giorgia Meloni,Public figures,IT,person,1079,
2026-09-30,giorgino_abraham,5950318,Papi G,Film & TV,ID,person,1378,
2026-09-30,gippygrewal,7974576,𝗚𝗶𝗽𝗽𝘆 𝗚𝗿𝗲𝘄𝗮𝗹,Film & TV,IN,person,1100,Music
2026-09-30,girleatworld,294068,Girl Eat World,Creators,,org,6585,
2026-09-30,giuseppeconte_ufficiale,1880193,Giuseppe Conte,Public figures,IT,person,2914,
2026-09-30,go_wonhee,856653,고원희 wonheego,Film & TV,KR,person,4380,
2026-09-30,goldenglobes,2701144,Golden Globes,Film & TV,US,org,2323,
2026-09-30,gongyoo_official,6091494,YOO,Film & TV,KR,person,1352,
2026-09-30,google,15773913,Google,Brands,US,org,554,
2026-09-30,googlemaps,1521600,Google Maps,Media,US,org,3298,
2026-09-30,gordongram,19488674,Gordon Ramsay,Film & TV,GB,person,424,
2026-09-30,gorin,448689,オリンピック (The Olympic Games),Sports,CH,org,5704,
2026-09-30,got7.with.igot7,6259961,GOT7,Music,KR,org,1322,
2026-09-30,govpritzker,545968,Governor JB Pritzker,Public figures,US,org,5266,
2026-09-30,goyounjung,13169482,고윤정,Film & TV,KR,person,684,
2026-09-30,gregorypeck100,2195,Gregory Peck,Film & TV,US,person,10865,
2026-09-30,gretathunberg,17085154,Greta Thunberg,Public figures,SE,person,503,
2026-09-30,gucci,50581120,GUCCI,Fashion & beauty,IT,org,134,
2026-09-30,guerlain,2475008,Guerlain,Fashion & beauty,FR,org,2464,
2026-09-30,guiestopaoficial,14991,Gui e Estopa,Film & TV,BR,org,10321,
2026-09-30,guillermolasso,538105,Guillermo Lasso Mendoza,Public figures,EC,person,5294,
2026-09-30,guinnessworldrecords,11049836,Guinness World Records,Media,GB,org,824,
2026-09-30,gukesh.official,1678472,Gukesh,Sports,IN,person,3115,
2026-09-30,gun_atthaphan,6318497,Atthaphan Phunsawat,Film & TV,TH,person,1308,
2026-09-30,guy.ariya,362720,Viratsan Ariyapongpisal,Creators,TH,person,6178,
2026-09-30,guy2bezbarofficial,613976,C O C O J O J O R9 #LaJeunesseDorée,Music,FR,person,5046,
2026-09-30,gwynethpaltrow,9180796,Gwyneth Paltrow,Film & TV,US,person,964,
2026-09-30,haileesteinfeld,20303266,hailee steinfeld,Film & TV,US,person,403,
2026-09-30,haileybieber,58762300,Hailey Rhode Bieber,Fashion & beauty,US,person,99,
2026-09-30,halleberry,9566871,Halle Berry,Film & TV,US,person,931,
2026-09-30,hamid.karzai,1006,hamid.karzai,Public figures,AF,person,10946,
2026-09-30,handemiyy,32228046,Hande Erçel,Film & TV,TR,person,241,
2026-09-30,hanshintigers_official,860341,阪神タイガース,Sports,JP,org,4372,
2026-09-30,harpermurrayy,419833,harps,Sports,US,person,5853,
2026-09-30,harrystyles,45753399,Harry Styles,Music,GB,person,158,
2026-09-30,harvard,3377123,Harvard University,Public figures,US,org,1998,
2026-09-30,hec_paris,78345,HEC Paris,Brands,FR,org,8749,
2026-09-30,hegdepooja,28051625,Pooja Hegde,Film & TV,IN,person,278,
2026-09-30,helenmirren,1264448,Helen Mirren,Film & TV,US,person,3660,
2026-09-30,hellopapa11,1533774,임수향 Imsoohyang,Film & TV,KR,person,3288,
2026-09-30,hi_high_hiy,24096112,황인엽,Film & TV,KR,person,334,
2026-09-30,hihyunwoo,3265361,이현우,Film & TV,KR,person,2041,
2026-09-30,hillaryclinton,6530797,Hillary Clinton,Public figures,US,person,1270,
2026-09-30,hjonghyun,1806159,홍종현,Film & TV,KR,person,2976,
2026-09-30,honda,6114905,Honda,Brands,JP,org,1347,
2026-09-30,honeymoon,24844838,LANA DEL REY,Music,US,person,321,
2026-09-30,hotwiu30,1902529,WIU,Music,BR,person,2894,
2026-09-30,hrvy,3377895,HRVY,Music,GB,person,1999,
2026-09-30,hudabeauty,56240785,HUDA BEAUTY,Brands,,org,113,
2026-09-30,humphreybogart,73534,Humphrey Bogart,Film & TV,US,person,8835,
2026-09-30,hunterschafer,6934505,Hunter,Film & TV,US,person,1218,
2026-09-30,hye_yoon1110,6233568,김혜윤,Film & TV,KR,person,1326,
2026-09-30,hyorin_min,2178607,민효린,Film & TV,KR,person,2659,
2026-09-30,hyunbeenshin,671830,신현빈 Hyunbeen Shin,Film & TV,KR,person,4872,
2026-09-30,iaeaorg,159974,IAEA,Public figures,AT,org,7592,
2026-09-30,iamcardib,160950870,Cardi B,Music,US,person,23,
2026-09-30,iamjuhichawla,2328031,Juhi Chawla Mehta,Film & TV,IN,person,2549,
2026-09-30,iamsarkivibez,723,Sarki Vibez,Music,NG,person,10976,
2026-09-30,iamsrk,48396613,Shah Rukh Khan,Film & TV,IN,person,144,
2026-09-30,ianmckellen,3100774,Ian McKellen,Film & TV,GB,person,2123,
2026-09-30,ibm,744234,IBM,Brands,US,org,4654,
2026-09-30,ichiromizuki,10858,Ichiro Mizuki,Music,JP,person,10468,
2026-09-30,icrc,359488,Int Committee of the Red Cross,Public figures,CH,org,6202,
2026-09-30,ifbaoficial,97078,Instituto Federal da Bahia,Brands,BR,org,8438,
2026-09-30,ihibaqadir,2325400,Hiba Qadir ہبّہ قادر,Film & TV,PK,person,2550,
2026-09-30,ikeausa,2605716,IKEA USA,Brands,SE,org,2381,
2026-09-30,ikercasillas,20381903,Iker Casillas,Sports,ES,person,401,
2026-09-30,illit_official,8127726,ILLIT 아일릿,Music,KR,org,1078,
2026-09-30,illusomina,5912000,Shinmina,Film & TV,KR,person,1388,
2026-09-30,ilmeteoit,488608,iLMeteo,Media,IT,org,5540,
2026-09-30,imaginedragons,10064827,Imagine Dragons,Music,US,org,890,
2026-09-30,imbosslee,319710,Jessie Lee Ward,Creators,US,person,6447,
2026-09-30,imdb,4220388,IMDb,Film & TV,GB,org,1739,
2026-09-30,imhyoseop,14207273,안효섭,Film & TV,KR,person,627,
2026-09-30,imrankhan.pti,10310331,Imran Khan,Public figures,PK,person,869,
2026-09-30,imszmc_,626486,PABLO,Music,PH,person,5012,
2026-09-30,incindia,15634978,Congress,Public figures,IN,org,561,
2026-09-30,inhyuk_bb,2847875,배인혁,Film & TV,KR,person,2244,
2026-09-30,inna,3592725,INNA,Music,RO,person,1910,
2026-09-30,instagram,686610581,Instagram,Brands,US,org,1,
2026-09-30,institutegc,38094,Tony Blair Institute for Global Change,Public figures,GB,person,9605,
2026-09-30,intel,1842750,Intel,Brands,US,org,2937,
2026-09-30,inter,14729860,Inter,Sports,IT,org,599,
2026-09-30,internationalcriminalcourt,400753,International Criminal Court,Public figures,,org,5971,
2026-09-30,interpol_hq,221099,INTERPOL,Public figures,FR,org,7058,
2026-09-30,interstellarmovie,216377,Interstellar Movie,Film & TV,US,org,7094,
2026-09-30,investopedia,551939,Investopedia,Media,,org,5243,
2026-09-30,iplt20,13359107,IPL,Sports,IN,org,674,
2026-09-30,ironmaiden,4680676,Iron Maiden,Music,GB,org,1633,
2026-09-30,isabellacastillodv,1640762,Isabella Castillo,Film & TV,US,person,3162,
2026-09-30,ishankishan23,11272226,Ishan Kishan,Sports,IN,person,796,
2026-09-30,ishowspeed,55222062,IShowSpeed,Creators,US,person,117,
2026-09-30,isostandards,20516,ISO,Public figures,CH,org,10125,
2026-09-30,iss,9142374,International Space Station,Public figures,,org,968,
2026-09-30,itisriti,2658673,Sriti Jha,Film & TV,IN,person,2345,
2026-09-30,itsbobbyshmurda,4708642,Bobby Shmurda,Music,US,person,1625,
2026-09-30,itsdanielmac,2780955,Daniel Mac,Creators,US,person,2283,
2026-09-30,ivestarship,6956725,IVE 아이브,Music,KR,org,1213,
2026-09-30,iwonhoyou,2476591,원호 WONHO,Music,KR,person,2463,
2026-09-30,j.m,60136399,JIMIN,Music,KR,person,93,
2026-09-30,jacindaardern,1641500,Jacinda Ardern,Public figures,NZ,person,3161,
2026-09-30,jackblack,16537557,Jack Black,Film & TV,US,person,526,
2026-09-30,jackiechan,8516294,Jackie Chan 成龍,Film & TV,US,person,1034,
2026-09-30,jadelavoie,1333910,Jade Lavoie,Creators,CA,person,3571,
2026-09-30,jairmessiasbolsonaro,26357193,Jair M. Bolsonaro,Public figures,BR,person,299,
2026-09-30,jam.rachata,1085119,Jam Rachata,Film & TV,TH,person,3934,
2026-09-30,james.spmk,2144005,JAMES SU,Film & TV,TH,person,2688,
2026-09-30,jamescameronofficial,852915,James Cameron,Film & TV,NZ,person,4391,
2026-09-30,jamesrodriguez10,50161730,James Rodríguez,Sports,CO,person,136,
2026-09-30,jamieoliver,10581023,Jamie Oliver,Film & TV,GB,person,856,
2026-09-30,janefonda,2861296,Jane Fonda,Film & TV,US,person,2235,
2026-09-30,janegoodallinst,1940238,Dr. Jane Goodall,Public figures,GB,person,2849,
2026-09-30,janerichsen,819058,Jan Hakon Erichsen,Creators,NO,person,4453,
2026-09-30,janetjackson,8516411,Janet Jackson,Music,US,person,1033,
2026-09-30,janetsworld3,2328803,Janet Dannehl - Luxury Travel & Adventure,Creators,DE,person,2548,
2026-09-30,janienineeleven,4686269,911,Music,US,person,1630,
2026-09-30,janisjoplin,656954,Janis Joplin,Music,US,person,4919,
2026-09-30,jannatmirza_,6322135,Jannat Mirza,Creators,PK,person,1307,
2026-09-30,jannik.schuemann,362900,Jannik Schümann,Film & TV,DE,person,6179,
2026-09-30,jasonstatham,46050007,Jason Statham,Film & TV,GB,person,157,
2026-09-30,jaya.ahsan,3302055,Jaya Ahsan,Film & TV,IN,person,2027,
2026-09-30,jaytatum0,7148598,Jayson Tatum,Sports,US,person,1195,
2026-09-30,jbalvin,49233229,J Balvin,Music,CO,person,140,
2026-09-30,jbayleaf,6629831,JONATHAN BAILEY,Film & TV,GB,person,1258,
2026-09-30,jdvance,3003485,JD Vance,Sports,US,person,2165,
2026-09-30,jeanpaulbelmondo_,46708,Jean-Paul Belmondo,Film & TV,FR,person,9414,
2026-09-30,jeffbezos,4998547,Jeff Bezos,Public figures,US,person,1551,
2026-09-30,jennierubyjane,89437627,J,Music,KR,person,43,
2026-09-30,jenniferaniston,44670142,Jennifer Aniston,Film & TV,US,person,163,
2026-09-30,jensstoltenberg,223653,Jens Stoltenberg,Public figures,NO,person,7040,
2026-09-30,jeon.yeobeen,1831633,전여빈 Yeobeen Jeon,Film & TV,KR,person,2948,
2026-09-30,jeremyleeminer,1437304,Jeremy Miner,Public figures,US,person,3404,
2026-09-30,jeremyrenner,19468088,Jeremy Renner,Film & TV,US,person,426,
2026-09-30,jessicaalba,22009672,Jessica Alba,Film & TV,FR,person,371,
2026-09-30,jetli,4665079,Jet Li,Film & TV,SG,person,1637,
2026-09-30,jichangwook,27536641,지창욱,Film & TV,KR,person,287,
2026-09-30,jilwww,4059918,정일우 JUNGILWOO,Film & TV,KR,person,1781,
2026-09-30,jimihendrix,1394743,Jimi Hendrix,Music,US,person,3466,
2026-09-30,jimmiejohnson,539417,Jimmie Johnson,Sports,US,person,5288,
2026-09-30,jimmy_wales,389,Jimmy Wales,Public figures,GB,person,11023,
2026-09-30,jin,56616423,Jin of BTS,Music,KR,person,110,
2026-09-30,jinkijoo,2507696,진기주,Film & TV,KR,person,2451,
2026-09-30,jiraishin99,1687367,KIM JIHUN,Film & TV,KR,person,3105,
2026-09-30,jj_1986_jj,2494302,𝐊𝐈𝐌𝐉𝐀𝐄𝐉𝐎𝐎𝐍𝐆,Music,KR,person,2459,
2026-09-30,jlo,240023036,Jennifer Lopez,Music,US,person,17,Film & TV
2026-09-30,jmena,7038223,Jimena Barón,Music,AR,person,1203,
2026-09-30,johancruyff,2256735,Johan Cruyff,Sports,NL,person,2596,
2026-09-30,johnnycash,711097,Johnny Cash,Music,US,person,4752,
2026-09-30,johnnydepp,29241889,Johnny Depp,Film & TV,US,person,261,Music
2026-09-30,johntravolta,5834915,John Travolta,Film & TV,US,person,1397,
2026-09-30,johnwayneofficial,370606,"John Wayne ""The Duke""",Film & TV,US,person,6130,
2026-09-30,jokowi,55752193,Joko Widodo,Public figures,ID,person,115,
2026-09-30,jolin_cai,4807075,JOLIN 蔡依林,Music,TW,person,1601,
2026-09-30,jonasvingegaard,1007398,Jonas Vingegaard,Sports,,person,4070,
2026-09-30,jonvoight,113786,Jon Voight,Film & TV,US,person,8163,
2026-09-30,josefinfrid,1234094,JOSEFINE FRIDA,Film & TV,NO,person,3704,
2026-09-30,josemourinho,6050848,Jose Mourinho,Sports,PT,person,1358,
2026-09-30,joshduhamel,2660036,Josh Duhamel,Film & TV,US,person,2343,
2026-09-30,joshlilj,6941698,𝐉𝐨𝐬𝐡 𝐋𝐢𝐥𝐣𝐞𝐧𝐪𝐮𝐢𝐬𝐭,Creators,US,person,1216,
2026-09-30,joyannreid,1511465,Joy-Ann Reid,Media,US,person,3311,
2026-09-30,jrjswn,1234541,정건주,Film & TV,KR,person,3702,
2026-09-30,juanfutbol,689907,juanfutbol,Sports,MX,org,4823,
2026-09-30,juanmanuelsantos,495780,Juan Manuel Santos,Public figures,CO,person,5508,
2026-09-30,juliaaburch,1995178,Julia Burch,Creators,CA,person,2797,
2026-09-30,juliagillard,151074,Julia Gillard,Public figures,AU,person,7697,
2026-09-30,juliannemoore,2903226,Julianne Moore,Film & TV,US,person,2209,
2026-09-30,juliaroberts,14270982,Julia Roberts,Film & TV,US,person,624,
2026-09-30,julieandrews,520740,Julie Andrews,Film & TV,GB,person,5384,
2026-09-30,juma_jux,8119556,Juma_jux,Music,TZ,person,1080,
2026-09-30,jumpman23,25714773,Jordan,Sports,US,person,310,
2026-09-30,jungdabiny,676539,정다빈,Film & TV,KR,person,4858,
2026-09-30,juninhomanella,3018994,Junior Manella,Creators,BR,person,2156,
2026-09-30,justinpjtrudeau,4543361,Justin Trudeau,Film & TV,CA,person,1672,
2026-09-30,justintimberlake,68889830,Justin Timberlake,Music,US,person,71,Film & TV
2026-09-30,juttaleerdam,6299043,Jutta Leerdam,Sports,NL,person,1313,
2026-09-30,juventus,58981566,Juventus,Sports,IT,org,97,
2026-09-30,k.a_innsoo,1777217,유인수,Film & TV,KR,person,3007,
2026-09-30,k.kbeom,6895468,김범 kimbum,Film & TV,KR,person,1225,
2026-09-30,k.mbappe,136882699,Kylian Mbappé,Sports,FR,person,30,
2026-09-30,k_hanna_,2002603,강한나 / ʜᴀɴɴᴀ ᴋᴀɴɢ,Film & TV,KR,person,2791,
2026-09-30,kagramana,4111544,Роман Каграманов,Music,RU,person,1765,
2026-09-30,kajakallas,212307,Kaja Kallas,Public figures,EE,person,7140,
2026-09-30,kajol,18728840,Kajol Devgan,Film & TV,IN,person,450,
2026-09-30,kaka,28359073,Kaká,Sports,BR,person,273,
2026-09-30,kanwal.135,4734971,Kanwal Aftab,Creators,PK,person,1614,
2026-09-30,kaoru.m.0520,1339455,三笘薫,Sports,JP,person,3566,
2026-09-30,kareenakapoorkhan,14014602,Kareena Kapoor Khan,Film & TV,IN,person,640,
2026-09-30,karimbenzema,74404508,Karim Benzema,Sports,FR,person,64,
2026-09-30,karolg,70443172,KAROL G,Music,CO,person,69,
2026-09-30,katrinakaif,78653940,Katrina Kaif,Film & TV,IN,person,55,
2026-09-30,katy_ann_xo,649250,Katy Ann,Film & TV,US,person,4940,
2026-09-30,katyperry,195291908,KATY PERRY,Music,US,person,19,
2026-09-30,kaznews,1110714,NUR.KZ,Media,KZ,org,3891,
2026-09-30,keirstarmer,846804,Keir Starmer,Public figures,GB,person,4403,
2026-09-30,kendalljenner,277585720,Kendall,Fashion & beauty,US,person,12,Film & TV
2026-09-30,kendokaponi,2239674,El grinch,Music,US,person,2610,
2026-09-30,kenzo,2173585,KENZO,Brands,FR,org,2663,
2026-09-30,kevincostner,2888232,Kevin Costner,Film & TV,US,person,2216,
2026-09-30,kevinhart4real,171966387,Kevin Hart,Film & TV,US,person,22,
2026-09-30,kfc,2036869,KFC,Brands,US,org,2764,
2026-09-30,khabkrai,69783,Хабаровский край,Public figures,RU,org,8911,
2026-09-30,khaby00,78006268,Khabane Lame,Creators,IT,person,58,
2026-09-30,khloekardashian,291549897,Khloé Kardashian,Film & TV,US,person,10,
2026-09-30,kikkafede88,2004565,Federica Pellegrini,Sports,IT,person,2789,
2026-09-30,kim_mee_kyung,403538,김미경,Film & TV,KR,person,5951,
2026-09-30,kimkardashian,343854754,Kim Kardashian,Film & TV,US,person,8,Fashion & beauty
2026-09-30,kingjames,153800310,kingjames,Sports,US,person,24,
2026-09-30,kipandco,348083,Kip&Co,Brands,AU,org,6267,
2026-09-30,kirstendunst,2635115,Kirsten Dunst,Film & TV,US,person,2361,
2026-09-30,kj_ieun,1380395,김지은,Film & TV,KR,person,3484,
2026-09-30,kobebryant,20108235,Kobe Bryant,Sports,US,person,408,
2026-09-30,kofiannan,69848,Kofi Annan,Public figures,GH,person,8909,
2026-09-30,kolinda_gk,305308,Kolinda Grabar-Kitarović,Public figures,HR,person,6525,
2026-09-30,kollegahderboss,2104362,FELIX BLUME,Music,DE,person,2716,
2026-09-30,kourtneykardash,209176243,Kourtney Kardashian Barker,Film & TV,US,person,18,
2026-09-30,krisjenner,50119446,Kris Jenner,Film & TV,US,person,138,
2026-09-30,kristenanniebell,15820174,kristen bell,Film & TV,US,person,551,
2026-09-30,kritisanon,57911666,Kriti Sanon,Film & TV,IN,person,103,
2026-09-30,krnangel621,296169,"고성희 / Ko, Sung-Hee",Film & TV,US,person,6568,
2026-09-30,kto940620,2717914,강태오,Film & TV,KR,person,2312,
2026-09-30,kwakdongyeon0,3777702,곽동연,Film & TV,KR,person,1863,
2026-09-30,kygomusic,5533423,Kygo,Music,NO,person,1447,
2026-09-30,kyliejenner,380823188,Kylie,Fashion & beauty,US,person,6,Film & TV
2026-09-30,kylieminogue,3590594,Kylie Minogue,Music,GB,person,1911,
2026-09-30,l__lijah,392188,Lee Elijah,Film & TV,KR,person,6011,
2026-09-30,ladygaga,61172143,Lady Gaga,Music,US,person,90,Film & TV
2026-09-30,lalalalisa_m,105977635,LISA,Music,TH,person,35,Film & TV
2026-09-30,laliga,55618440,LALIGA,Sports,ES,org,116,
2026-09-30,lanacondor,10585577,Lana Condor,Film & TV,US,person,855,
2026-09-30,lancearmstrong,617078,Lance Armstrong,Sports,US,person,5036,
2026-09-30,larry_page,482,Larry Page,Public figures,US,person,11009,
2026-09-30,laruinashow,469594,La Ruina,Creators,ES,org,5614,
2026-09-30,lauraacunaayala,4407007,Laurita Acuña - Presentadora,Film & TV,CO,person,1701,
2026-09-30,layalabboud,4322237,Layal Abboud,Music,LB,person,1718,
2026-09-30,le2jh,8048843,이준호,Film & TV,KR,person,1092,Music
2026-09-30,leagueoflegends,4595840,League of Legends,Brands,US,org,1656,
2026-09-30,ledzeppelin,1837236,Led Zeppelin,Music,,org,2944,
2026-09-30,lee_kiwoo,325350,Lee Ki Woo,Film & TV,KR,person,6402,
2026-09-30,leejunhyuk05,992270,이준혁,Film & TV,KR,person,4101,
2026-09-30,leesoohyuk,5373393,Lee Soo-hyuk,Film & TV,KR,person,1479,
2026-09-30,leeyoum262,6306787,이유미,Film & TV,KR,person,1312,
2026-09-30,lelepons,52099657,Lele Pons,Creators,VE,person,125,
2026-09-30,lenameyerlandrut,5522639,Lena,Music,DE,person,1448,
2026-09-30,leomessi,516936248,Leo Messi,Sports,AR,person,3,
2026-09-30,leonardcohen,321666,Leonard Cohen,Music,CA,person,6426,
2026-09-30,leonardodicaprio,58744015,Leonardo DiCaprio,Film & TV,US,person,100,
2026-09-30,lestikejora,28418112,Lestikejora,Music,ID,person,272,
2026-09-30,letourdefrance,3261893,Tour de France,Sports,FR,org,2043,
2026-09-30,lewishamilton,44055473,Lewis Hamilton,Sports,GB,person,171,
2026-09-30,lgbt,2038561,LGBT,Media,,org,2762,
2026-09-30,librarycongress,472227,Library of Congress,Public figures,US,org,5605,
2026-09-30,liladowns,560621,Lila Downs,Music,MX,person,5211,
2026-09-30,lilmabu,1646777,mabu,Music,US,person,3155,
2026-09-30,lindseyvonn,3615075,L I N D S E Y • V O N N,Sports,US,person,1906,
2026-09-30,linkinpark,11751863,LINKIN PARK,Music,US,org,766,
2026-09-30,liverpoolfc,48317097,Liverpool Football Club,Sports,GB,org,145,
2026-09-30,lizzobeeating,11179315,Lizzo,Music,US,person,808,
2026-09-30,logitechg,4339621,Logitech G,Brands,,org,1713,
2026-09-30,lordiofficial,72053,Ｌｏｒｄｉ,Music,FI,org,8863,
2026-09-30,louist91,18488365,Louis Tomlinson,Music,GB,person,460,
2026-09-30,louisvuitton,55092238,Louis Vuitton,Fashion & beauty,FR,org,119,
2026-09-30,loumusiqueofficiel,341234,LouMusiqueOfficiel,Music,FR,person,6314,
2026-09-30,love3175989,316086,경수진,Film & TV,KR,person,6465,
2026-09-30,loverrukk,4344620,Love Pattranite (เลิฟ),Film & TV,TH,person,1712,
2026-09-30,lsy_810815,337376,이상윤 Lee Sang Yun,Film & TV,KR,person,6339,
2026-09-30,luciia,3924994,Lucia Lachkovic,Public figures,SK,person,1822,
2026-09-30,lufthansa,1713646,Lufthansa,Brands,DE,org,3072,
2026-09-30,luisjorgerios,92632,Luis Jorge Rios,Film & TV,US,person,8509,
2026-09-30,luissuarez9,46627607,Luis Suárez,Sports,UY,person,152,
2026-09-30,lukamodric10,39657578,Luka Modric,Sports,HR,person,186,
2026-09-30,lulaoficial,15499325,Luiz Inácio Lula da Silva,Public figures,BR,person,560,
2026-09-30,lululemon,5884016,lululemon,Fashion & beauty,CA,org,1391,
2026-09-30,m10_official,26613688,Mesut Özil,Sports,DE,person,293,
2026-09-30,m_kayoung,13489687,MUN KA YOUNG,Film & TV,KR,person,666,
2026-09-30,m_phelps00,3787159,Michael Phelps,Sports,US,person,1861,
2026-09-30,madonna,20502442,Madonna,Music,US,person,396,
2026-09-30,magnus_carlsen,2406597,Magnus Carlsen,Sports,NO,person,2505,
2026-09-30,maia.sandu,295209,Maia Sandu,Public figures,MD,person,6579,
2026-09-30,malala,4566135,Malala Yousafzai,Public figures,PK,person,1665,
2026-09-30,maligoshik,2635243,Anna Malygon,Creators,UA,person,2356,
2026-09-30,maluma,63523388,MALUMA,Music,CO,person,86,
2026-09-30,mamassomos,470931,Somos Mamás,Media,AR,org,5611,
2026-09-30,mammootty,5217953,Mammootty,Film & TV,IN,person,1516,
2026-09-30,mancity,57059047,Manchester City,Sports,GB,org,107,
2026-09-30,mangelrogel,2600215,Mangel,Creators,ES,person,2387,
2026-09-30,manuelneuer,15030041,Manuel Neuer,Sports,DE,person,583,
2026-09-30,manurios,9057923,Manu Rios,Film & TV,ES,person,981,
2026-09-30,manutd,66127434,Manchester United,Sports,GB,org,82,
2026-09-30,maradona,8204271,Diego Maradona,Sports,AR,person,1070,
2026-09-30,marcelotwelve,67108231,Marcelo Vieira,Sports,BR,person,80,
2026-09-30,marcomaterazzi,1208558,Marco Materazzi,Sports,IT,person,3742,
2026-09-30,margaret_cho,439634,Margaret Cho,Film & TV,US,person,5750,
2026-09-30,mariahcarey,14883008,Mariah Carey,Music,US,person,594,
2026-09-30,marianorajoy,86603,Mariano Rajoy Brey,Public figures,ES,person,8617,
2026-09-30,mariasharapova,4819501,Maria Sharapova,Sports,RU,person,1599,
2026-09-30,mariasmrngkr,321581,Maria Simorangkir,Music,ID,person,6428,
2026-09-30,marine_lepen,782979,Marine Le Pen,Public figures,FR,person,4547,
2026-09-30,markwahlberg,30447424,Mark Wahlberg,Film & TV,US,person,248,Music
2026-09-30,martinahingis80,337133,Martina Hingis,Sports,CH,person,6340,
2026-09-30,martinscorsese_,2331702,Martin Scorsese,Film & TV,US,person,2547,
2026-09-30,marvel,65128287,Marvel Entertainment,Brands,US,org,83,
2026-09-30,massgov,20737,Mass.gov,Other,US,org,10114,
2026-09-30,massimobottura,1634301,Massimo Bottura,Public figures,IT,person,3174,
2026-09-30,matt_damon_official,279118,Matt Damon,Film & TV,US,person,6684,
2026-09-30,matteorenzi,402032,Matteo Renzi,Public figures,IT,person,5957,
2026-09-30,matthewlillard,2597830,Matthew Lillard,Film & TV,US,person,2388,
2026-09-30,maxverstappen1,19096496,Max Verstappen,Sports,NL,person,438,
2026-09-30,mazdafar.momeni,1633454,مزدافَر مؤمنی,Public figures,IR,person,3177,
2026-09-30,mcdsg,317044,McDonald's Singapore,Brands,US,org,6460,
2026-09-30,mdh0925_,316291,민도희,Music,KR,person,6463,
2026-09-30,meennicha8,1794453,ᵂ ˡ † ᴴ,Sports,TH,person,2992,
2026-09-30,meganfox,23949065,Megan Fox,Film & TV,US,person,337,
2026-09-30,melaniatrump,4446874,Melania Trump,Fashion & beauty,SI,person,1695,
2026-09-30,mercedesamgf1,16788823,Mercedes-AMG PETRONAS F1 Team,Sports,GB,org,516,
2026-09-30,mercedesbenz,39080967,Mercedes-Benz,Brands,DE,org,190,
2026-09-30,merzcdu,342145,Friedrich Merz,Public figures,DE,person,6306,
2026-09-30,metallica,14686308,Metallica,Music,US,org,602,
2026-09-30,metegokofficial,620318,Mete GÖK,Film & TV,TR,person,5030,
2026-09-30,michaelbjordan,25872589,Michael B. Jordan,Film & TV,US,person,308,
2026-09-30,michaeljackson,17130773,Michael Jackson,Music,US,person,500,
2026-09-30,michaelkirkdouglas,2064189,Michael Douglas,Film & TV,US,person,2748,
2026-09-30,michaelschumacher,1662406,Michael Schumacher,Sports,DE,person,3137,
2026-09-30,michelleobama,57179093,Michelle Obama,Public figures,US,person,106,
2026-09-30,michellepfeifferofficial,3909970,Michelle Pfeiffer,Film & TV,US,person,1832,
2026-09-30,michelleyeoh_official,2714319,Michelle Yeoh 楊紫瓊,Film & TV,MY,person,2314,
2026-09-30,mickeymouse,3237838,Mickey Mouse,Film & TV,US,org,2056,
2026-09-30,mickjagger,3562689,Mick Jagger,Music,GB,person,1922,
2026-09-30,microsoft,4556608,Microsoft,Brands,US,org,1669,
2026-09-30,mikaelashiffrin,1688975,MIKAELA SHIFFRIN,Sports,US,person,3103,
2026-09-30,miketyson,33557475,Mike Tyson,Sports,US,person,224,
2026-09-30,milanskriniar,1460569,Milan Škriniar,Sports,SK,person,3380,
2026-09-30,milesdavis,356965,Miles Davis,Music,US,person,6218,
2026-09-30,millajovovich,4971746,Milla Jovovich,Film & TV,US,person,1557,
2026-09-30,min_namkoong,1798514,남궁민,Film & TV,KR,person,2987,
2026-09-30,minalkhan.official,10608816,Minal khan,Film & TV,PK,person,852,
2026-09-30,minecraft,15278259,Minecraft,Sports,SE,org,571,
2026-09-30,minkakelly,1395466,Minka Kelly,Film & TV,US,person,3462,
2026-09-30,minniedlamini,5200160,Minnie Dlamini,Film & TV,ZA,person,1518,
2026-09-30,mintsungrace,346452,박하선 朴河宣 parkhaseon,Film & TV,KR,person,6280,
2026-09-30,missbotez,977012,Alexandra Botez,Creators,US,person,4136,
2026-09-30,mitpics,740,Faces of MIT,Brands,US,org,10973,
2026-09-30,mittromney,171064,Mitt Romney,Public figures,US,person,7478,
2026-09-30,mixxiw,3779886,Mixxiw,Film & TV,TH,person,1862,
2026-09-30,mmarkpkk,2693824,Pakin Kunaanuwit,Film & TV,TH,person,2326,
2026-09-30,mollymae,8704473,Molly-Mae,Creators,GB,person,1009,
2026-09-30,monicabellucciofficiel,6361968,Monica Bellucci,Film & TV,IT,person,1302,
2026-09-30,montaner,8813683,Ricardo Montaner,Music,VE,person,999,
2026-09-30,moonjaein,1157450,문재인,Public figures,KR,person,3812,
2026-09-30,mora,3706331,Mora,Music,US,person,1885,
2026-09-30,morganfreeman,4242322,Morgan Freeman,Film & TV,US,person,1736,
2026-09-30,mosalah,67920986,Mohamed Salah,Sports,EG,person,74,
2026-09-30,moshereuven,1700805,𝗠𝗢𝗦𝗛𝗘 𝗥𝗘𝗨𝗩𝗘𝗡,Music,US,person,3087,
2026-09-30,mossad_career,60036,Mossad-Career,Public figures,IL,org,9135,
2026-09-30,mothermothermusic,693419,Mother Mother,Music,CA,org,4809,
2026-09-30,moynislam,469113,Moyn Islam,Public figures,GB,person,5617,
2026-09-30,mr.car,1133885,mr.car,Public figures,NO,person,3848,
2026-09-30,mrbeast,89943924,MrBeast,Creators,US,person,42,
2026-09-30,mrsamclaflin,3878281,Sam Claflin,Film & TV,GB,person,1839,
2026-09-30,museelouvre,5342210,Musée du Louvre,Other,FR,org,1486,
2026-09-30,museeorsay,1635202,Musée d'Orsay,Public figures,FR,org,3172,
2026-09-30,my_songjihyo,3889580,송지효(Song Ji Hyo),Film & TV,KR,person,1836,
2026-09-30,mydealz.de,540994,mydealz,Brands,DE,org,5286,
2026-09-30,nadegeimpote,899828,Nadege Impote,Music,CD,person,4286,
2026-09-30,nadia_murad,511885,Nadia Murad,Public figures,IQ,person,5429,
2026-09-30,nala_cat,4260580,Nala Cat,Creators,,org,1733,
2026-09-30,nanon_korapat,5877946,NANON,Film & TV,TH,person,1392,
2026-09-30,nardwuar,2650428,The Human Serviette,Sports,CA,person,2347,
2026-09-30,narendramodi,106754977,Narendra Modi,Public figures,IN,person,34,
2026-09-30,nasa,104318753,NASA,Media,US,org,36,
2026-09-30,nasahubble,6715424,Hubble Space Telescope,Public figures,US,org,1244,
2026-09-30,nasawebb,3571573,NASA Webb Telescope,Media,US,org,1919,
2026-09-30,nataliaoreirosoy,1701560,Natalia Oreiro|Наталия Орейро,Music,ES,person,3084,
2026-09-30,natalieportman,9314546,Natalie Portman,Film & TV,IL,person,949,
2026-09-30,natasha_museveni_karugire,383478,Kainembabazi,Film & TV,UG,person,6057,
2026-09-30,natgeo,268489684,National Geographic,Media,US,org,15,
2026-09-30,nations_unies,210973,Nations Unies,Public figures,US,org,7151,
2026-09-30,nato,2462154,NATO,Public figures,BE,org,2470,
2026-09-30,navalny,2589314,Алексей Навальный,Public figures,RU,person,2397,
2026-09-30,nba,87942949,NBA,Sports,US,org,45,
2026-09-30,nbcnews,4660097,NBC News,Media,US,org,1640,
2026-09-30,nehakakkar,76115105,Neha Kakkar,Music,IN,person,63,
2026-09-30,neowsibora,943152,Neha,Other,IN,person,4196,
2026-09-30,net_siraphop,2165753,Siraphop Manithikhun 陈欣博,Film & TV,TH,person,2672,
2026-09-30,netflix,42413422,Netflix US,Film & TV,US,org,176,
2026-09-30,new_cwr,4341222,NuNew Chawarin,Music,TH,person,1715,
2026-09-30,newwiee,4894694,New Thitipoom,Film & TV,TH,person,1579,
2026-09-30,neymarjr,241768606,Neymar Jr,Sports,BR,person,16,
2026-09-30,nfl,32758566,NFL,Sports,US,org,230,
2026-09-30,nicolasmaduro,2352104,Nicolás Maduro,Public figures,VE,person,2527,
2026-09-30,nicolassarkozy,416350,Nicolas Sarkozy,Public figures,FR,person,5879,
2026-09-30,nicolekidman,11452514,Nicole Kidman,Film & TV,AU,person,787,
2026-09-30,nightwish,523454,Nightwish,Music,FI,org,5367,
2026-09-30,nihaachuu,1365486,Niki,Creators,DE,person,3512,
2026-09-30,nike,291080480,Nike,Brands,US,org,11,
2026-09-30,nina,27884669,Nina Dobrev,Film & TV,CA,person,281,
2026-09-30,nirvana,85389,Nirvana Magazine,Media,US,org,8633,
2026-09-30,noakirel,1840677,Noa Kirel Peretz,Music,IL,person,2940,
2026-09-30,nobelprize_org,130,나는 노벨상을 훔쳤습니다. I stole the Nobel Prize.,Other,SE,org,11074,
2026-09-30,nochedepatas,392635,Noche de Patas,Film & TV,PE,org,6007,
2026-09-30,noemiofficial,831307,NOEMI,Music,IT,person,4432,
2026-09-30,nokia,989157,Nokia,Brands,FI,org,4109,
2026-09-30,notredamedeparis,250821,Cathédrale Notre-Dame de Paris,Other,FR,org,6848,
2026-09-30,notristantate,1786860,The Talisman,Creators,GB,person,2995,
2026-09-30,novah.music,2473019,Novah,Music,BE,person,2466,
2026-09-30,nufc,3758263,Newcastle United,Sports,GB,org,1871,
2026-09-30,nytimes,20473461,The New York Times,Media,US,org,397,
2026-09-30,odegaard.98,7759420,Martin Ødegaard,Sports,NO,person,1120,
2026-09-30,office,36094,OFFICE Kersten Geers David Van Severen,Brands,,org,9656,
2026-09-30,official.raycharles,158288,Ray Charles,Music,US,person,7610,
2026-09-30,official.unismuh,40141,Universitas Muhammadiyah Makassar,Media,ID,org,9562,
2026-09-30,official_enya,306277,Enya,Music,IE,person,6519,
2026-09-30,official_kard,3450978,KARD,Music,KR,org,1963,
2026-09-30,official_msu,26404,МГУ имени М.В.Ломоносова,Public figures,RU,org,9950,
2026-09-30,official_sslazio,1222341,S.S. Lazio,Sports,IT,org,3725,
2026-09-30,officialagathachristie,323580,Agatha Christie Ltd,Public figures,GB,person,6415,
2026-09-30,officialasroma,7258923,AS Roma,Sports,IT,org,1183,
2026-09-30,officialbankofbaroda,1225431,Bank of Baroda,Brands,IN,org,3719,
2026-09-30,officialfrandrescher,1803288,Fran Drescher,Film & TV,US,person,2981,
2026-09-30,officialjld,1934872,Julia Louis-Dreyfus,Film & TV,US,person,2857,
2026-09-30,officialmotorhead,1476658,Motörhead,Music,GB,org,3356,
2026-09-30,officialqueenmusic,6445972,Queen,Music,GB,org,1287,
2026-09-30,officialsb19,1277281,SB19 Official,Music,PH,org,3648,
2026-09-30,officialslystallone,19508555,Sly Stallone,Film & TV,US,person,423,
2026-09-30,officialsscnapoli,5330327,SSC Napoli,Sports,IT,org,1490,
2026-09-30,ofracosmetics,1587469,OFRA Cosmetics Makeup & Skin Care Made in the USA,Fashion & beauty,US,org,3224,
2026-09-30,ohvely22,2207408,오연서,Film & TV,KR,person,2638,
2026-09-30,olafscholz,293541,Olaf Scholz,Public figures,DE,person,6588,
2026-09-30,olamide,11049979,Olamidé,Music,NG,person,823,
2026-09-30,oliviarodrigo,42312694,Olivia Rodrigo,Music,US,person,177,
2026-09-30,olympics,16030196,The Olympic Games,Sports,,org,546,
2026-09-30,om_kulthum,159983,أم كلثوم,Music,EG,person,7591,
2026-09-30,omah_lay,4952144,OMAH LAY,Music,NG,person,1563,
2026-09-30,onedirection,22653406,One Direction,Music,GB,org,352,
2026-09-30,onlyfans,2699926,OnlyFans,Media,GB,org,2324,
2026-09-30,oohsehun,22082066,SEHUN,Music,KR,person,370,
2026-09-30,openai,6642998,OpenAI,Brands,US,org,1255,
2026-09-30,openstreetmap,7121,OpenStreetMap,Brands,GB,org,10610,
2026-09-30,oprah,22100331,Oprah,Film & TV,US,person,369,
2026-09-30,orbanviktor,356289,Orbán Viktor,Sports,HU,person,6223,
2026-09-30,othmanbenhamiofficiel,385500,Benhami Othman عثمان بنحمي,Music,MA,person,6044,
2026-09-30,ovyonthedrums,2117734,OVY,Music,CO,person,2709,
2026-09-30,oxford_uni,2354684,The University of Oxford,Public figures,GB,org,2522,
2026-09-30,oxygen,336457,Oxygen True Crime,Media,US,org,6341,
2026-09-30,ozgecangurelofficial,6007298,Özge Gürel,Film & TV,TR,person,1366,
2026-09-30,ozzyosbourne,8409689,Ozzy Osbourne,Music,GB,person,1041,
2026-09-30,palermofficial,411986,Palermo F.C. Official,Sports,IT,org,5899,
2026-09-30,pamelaanderson,5431922,Pamela Anderson,Film & TV,US,person,1460,
2026-09-30,paramore,3871055,paramore,Music,US,org,1843,
2026-09-30,parishilton,26438228,Paris Hilton,Film & TV,US,person,296,Music
2026-09-30,patrianuevapr,50399,Patria Nueva Cuenta Oficial,Public figures,US,org,9341,
2026-09-30,paulmccartney,5270505,Paul McCartney,Music,GB,person,1502,
2026-09-30,paulocoelho,2252610,Paulo Coelho,Music,BR,person,2603,
2026-09-30,paulpogba,63484979,Paul Labile Shakur Pogba,Sports,FR,person,87,
2026-09-30,paulwalker,19188048,Paul Walker,Film & TV,US,person,436,
2026-09-30,pavolhabera,318723,Pavol Habera,Music,SK,person,6450,
2026-09-30,peachjars,441147,Peach Jars,Creators,US,person,5742,
2026-09-30,pele,18237233,Pelé,Sports,BR,person,468,
2026-09-30,penelopecruzoficial,7252120,Penélope Cruz,Film & TV,ES,person,1184,
2026-09-30,pepsi,2377740,pepsi,Brands,US,org,2518,
2026-09-30,petosagan,1896152,Peter Sagan,Sports,SK,person,2898,
2026-09-30,piercebrosnanofficial,2183676,Pierce Brosnan,Film & TV,GB,person,2655,
2026-09-30,pinkfloyd,5220789,Pink Floyd,Music,GB,org,1515,
2026-09-30,pitelgiovanna,1241326,Pitel,Film & TV,BR,person,3693,
2026-09-30,pokemon_jpn,2473146,ポケモン公式,Media,JP,org,2465,
2026-09-30,polgranch,895841,Pol Granch,Music,FR,person,4291,
2026-09-30,postmalone,26386026,postmalone,Music,US,person,297,
2026-09-30,potus,18759898,President Donald J. Trump,Public figures,US,org,448,
2026-09-30,pourmoiltd,291731,Pour Moi,Brands,,org,6603,
2026-09-30,prattprattpratt,43087013,Chris Pratt,Film & TV,US,person,174,
2026-09-30,pravitelstvo_rd,225215,Правительство РД,Media,RU,org,7025,
2026-09-30,premierleague,80410007,Premier League,Sports,GB,org,52,
2026-09-30,president_serzhsargsyan,123459,Serzh Sargsyan,Public figures,AM,person,8036,
2026-09-30,presidentaz,1700515,Ilham Aliyev,Public figures,AZ,person,3086,
2026-09-30,presjgzuma,89183,Jacob G Zuma,Public figures,ZA,person,8575,
2026-09-30,prezydent_pl,553883,Prezydent RP,Public figures,PL,person,5237,
2026-09-30,primkung.haha,418548,พรรควุฒิ ปิ่นเวหา,Sports,TH,person,5862,
2026-09-30,prince,1216277,Prince,Music,US,person,3731,
2026-09-30,princeandprincessofwales,17456782,The Prince and Princess of Wales,Public figures,GB,person,488,
2026-09-30,princeton,522448,Princeton University,Public figures,US,org,5378,
2026-09-30,priyankachopra,92869948,Priyanka,Film & TV,IN,person,41,
2026-09-30,psg,67370782,Paris Saint-Germain,Sports,FR,org,77,
2026-09-30,rachel_mypark,11941728,박민영 Park Min Young,Film & TV,KR,person,753,
2026-09-30,rachellevinberg,245967,Rachelle,Film & TV,US,person,6878,
2026-09-30,raf_camora,1802040,RAF Camora,Music,AT,person,2984,
2026-09-30,rafaelnadal,21072669,Rafa Nadal,Sports,ES,person,386,
2026-09-30,raftaarmusic,4044880,RAFTAAЯ,Music,IN,person,1783,
2026-09-30,rageagainstthemachine,1906996,Rage Against The Machine,Music,US,org,2886,
2026-09-30,rainbwoah,337873,Rainbow,Creators,CA,person,6337,
2026-09-30,raisi.ir,3033624,سید ابراهیم رئیسی,Public figures,IR,person,2148,
2026-09-30,raka_sidan,76788,AA Raka Sidan,Music,,org,8781,
2026-09-30,raybradburyofficial,11521,Ray Bradbury Official,Film & TV,US,person,10439,
2026-09-30,rayssalealsk8,8243000,Rayssa Leal,Sports,BR,person,1068,
2026-09-30,real_scrip,2043683,Скриптонит,Music,KZ,person,2759,
2026-09-30,realdonaldtrump,44131075,President Donald J. Trump,Public figures,US,person,169,
2026-09-30,realmadrid,181174780,Real Madrid C.F.,Sports,ES,org,20,
2026-09-30,realmikejfox,2707868,Michael J Fox,Film & TV,US,person,2319,
2026-09-30,realstraykids,33665087,Stray Kids,Music,KR,org,220,
2026-09-30,redgol,362255,RedGol,Sports,CL,org,6185,
2026-09-30,redvelvet.smtown,11542362,Red Velvet Official,Music,KR,org,777,
2026-09-30,reesewitherspoon,30253897,Reese Witherspoon,Film & TV,US,person,250,
2026-09-30,renmakesmusic,3914682,Ren,Music,GB,person,1828,
2026-09-30,richmavoko,2304818,Billionea kid,Music,TZ,person,2564,
2026-09-30,ringostarrmusic,1662276,Ringo Starr,Music,GB,person,3136,
2026-09-30,rishisunakmp,3207568,Rishi Sunak,Public figures,GB,person,2071,
2026-09-30,rkive,53733338,RM,Music,KR,person,123,
2026-09-30,roald_dahl,104698,Roald Dahl,Film & TV,NO,person,8304,
2026-09-30,robertdowneyjr,58892627,Robert Downey Jr.,Film & TV,US,person,98,
2026-09-30,robinvanpersie,5309785,Robin van Persie,Sports,NL,person,1493,
2026-09-30,rogerfederer,13348612,Roger Federer,Sports,CH,person,675,
2026-09-30,rohyoonseo,3363489,노윤서,Film & TV,KR,person,2009,
2026-09-30,ronaldinho,81090049,Ronaldo de Assis Moreira,Sports,BR,person,51,
2026-09-30,rosalia.vt,27832748,LA ROSALÍA,Music,ES,person,283,
2026-09-30,roses_are_rosie,83021067,ROSÉ,Music,NZ,person,49,
2026-09-30,rouge,315602,Rouge,Music,BR,org,6469,
2026-09-30,round2hell,3465075,Round2hell Official,Creators,IN,org,1951,
2026-09-30,rterdogan,11580561,Recep Tayyip Erdoğan,Public figures,TR,person,775,
2026-09-30,russellcrowe,1582100,Russell Crowe,Film & TV,NZ,person,3234,
2026-09-30,ryusdb,2871124,RYUJUNYEOL,Film & TV,KR,person,2227,
2026-09-30,s.v.lavrov,254970,Сергей Лавров Sergey Lavrov,Public figures,RU,person,6820,
2026-09-30,saakashvilim,132411,Mikheil Saakashvili,Public figures,,person,7913,
2026-09-30,sadiesink_,35093897,Sadie Sink,Film & TV,US,person,213,
2026-09-30,salmahayek,29260639,Salma Hayek Pinault,Film & TV,FR,person,260,
2026-09-30,samuelljackson,9074465,Samuel L Jackson,Film & TV,GA,person,977,
2026-09-30,samuliesword,2122510,김민석,Film & TV,KR,person,2705,
2026-09-30,sanamchauhdry,2730353,Sanam Chauhdry,Film & TV,PK,person,2303,
2026-09-30,sanchezcastejon,2080385,Pedro Sánchez,Public figures,ES,person,2732,
2026-09-30,sandrabullock,7198507,Sandra Bullock,Film & TV,US,person,1189,
2026-09-30,sangrejaponesa,7459809,EUGENIA,Film & TV,AR,person,1161,
2026-09-30,sannamarin,1054054,Sanna Marin,Public figures,FI,person,3981,
2026-09-30,sarahconnor,1033099,Sarah Connor,Music,DE,person,4022,
2026-09-30,sarahkhanofficial,12728309,Mrs.Falak,Film & TV,PK,person,706,
2026-09-30,sarahpalin97,259780,Sarah Palin,Fashion & beauty,US,person,6798,
2026-09-30,saraya,5919873,Saraya Bevis,Sports,GB,person,1381,
2026-09-30,scarpa_world,194805,SCARPA,Brands,IT,org,7291,
2026-09-30,schwarzenegger,26764376,Arnold Schwarzenegger,Film & TV,AT,person,291,Sports; Public figures
2026-09-30,scottcbakken,448570,Scott Bakken,Creators,CA,person,5708,
2026-09-30,sea_tawinan,2646902,𝐓𝐚𝐰𝐢𝐧𝐚𝐧 𝐀. 小海,Film & TV,TH,person,2349,
2026-09-30,seanmikekelly,12064514,Sean Kelly,Public figures,US,person,746,
2026-09-30,sebastianvettel,3813870,Sebastian Vettel,Sports,DE,person,1855,
2026-09-30,sefutbol,9376615,Selección Española Masculina de Fútbol,Sports,ES,org,945,
2026-09-30,sehatokar,152730,موقع صحتك,Media,,org,7679,
2026-09-30,selenagomez,403055385,Selena Gomez,Music,US,person,4,Film & TV
2026-09-30,selenaqofficial,2203104,Selena,Music,US,person,2639,
2026-09-30,selly,2243704,Andrei Șelaru,Music,RO,person,2607,
2026-09-30,senjohnmccain,64033,John McCain,Sports,US,person,9049,
2026-09-30,sensanders,2638886,U.S. Senator Bernie Sanders,Public figures,US,person,2358,
2026-09-30,seokj1012,5109116,서강준,Film & TV,KR,person,1531,
2026-09-30,seonho__kim,12948841,김선호,Film & TV,KR,person,696,
2026-09-30,serenawilliams,17801992,Serena Williams,Sports,US,person,481,
2026-09-30,sergioramos,69843625,Sergio Ramos,Sports,ES,person,70,
2026-09-30,seriea,12005540,Lega Serie A,Sports,IT,org,748,
2026-09-30,shakira,103320058,Shakira,Music,CO,person,39,
2026-09-30,shawnmendes,68606946,Shawn Mendes,Music,CA,person,73,
2026-09-30,shengwangtime,345483,Sheng Wang,Film & TV,TW,person,6289,
2026-09-30,shervinine,4410727,Shervin Hajipour,Music,IR,person,1700,
2026-09-30,shinhs831,5271504,신혜선 Shin hae sun,Film & TV,KR,person,1503,
2026-09-30,shinzoabe,602683,安倍 晋三,Public figures,JP,person,5082,
2026-09-30,shraddhakapoor,92921938,Shraddha,Film & TV,IN,person,40,
2026-09-30,sidhu_moosewala,18114992,Sidhu Moosewala (ਮੂਸੇ ਆਲਾ),Music,IN,person,474,
2026-09-30,silvioberlusconi_official,562410,Silvio Berlusconi,Public figures,IT,person,5201,
2026-09-30,simgesagin,1826349,Simge,Music,TR,person,2955,
2026-09-30,simonahegerova,553703,SIMA,Music,SK,person,5240,
2026-09-30,simonebiles,11810806,SIMONE BILES,Sports,US,person,761,
2026-09-30,simonpegg,1857628,Simon Pegg,Film & TV,GB,person,2926,
2026-09-30,sinaportofficial,500081,Sina Port • Brand Strategist,Public figures,DE,person,5484,
2026-09-30,skuolanet,1049539,Skuola.net,Media,IT,org,3988,
2026-09-30,skype,645364,Skype,Brands,,org,4953,
2026-09-30,slavojzizeks,247099,Slavoj Žižek,Film & TV,SI,person,6871,
2026-09-30,smtown,13916032,SM Entertainment Group,Music,KR,org,650,
2026-09-30,snoopdogg,86752869,snoopdogg,Music,US,person,47,
2026-09-30,sochi2014,36155,Sochi 2014,Sports,RU,org,9653,
2026-09-30,somin_jj,6323381,정소민,Film & TV,KR,person,1306,
2026-09-30,songilkook,2419096,1958,Film & TV,KR,person,2495,
2026-09-30,songyoona2015,311851,yoona,Film & TV,KR,person,6489,
2026-09-30,sonygroup.global,83074,Sony Group – Global,Brands,JP,org,8664,
2026-09-30,sooriland,2643161,soroush rezaee,Film & TV,IR,person,2355,
2026-09-30,sooyaaa__,80056080,JISOO,Music,KR,person,53,Film & TV
2026-09-30,sophiathomalla,1452342,S O P H I A T H O M A L L A,Film & TV,DE,person,3388,
2026-09-30,sophiemudd,2585087,Sophie Mudd,Creators,US,person,2400,
2026-09-30,souhilamallem,5829235,سهيلة معلم | Souhila Mallem,Film & TV,DZ,person,1399,
2026-09-30,southpark,6376323,South America,Film & TV,US,org,1298,
2026-09-30,spacex,17367553,SpaceX,Brands,US,org,493,
2026-09-30,spdde,171547,SPD,Public figures,DE,org,7475,
2026-09-30,speakerpelosi,1503547,Nancy Pelosi,Public figures,US,person,3320,
2026-09-30,spotify,14557889,Spotify,Music,SE,org,609,
2026-09-30,springsteen,2394756,Bruce Springsteen,Music,US,person,2511,
2026-09-30,spursofficial,17003080,Tottenham Hotspur,Sports,GB,org,506,
2026-09-30,squidgamenetflix,3460867,Squid Game,Film & TV,KR,org,1954,
2026-09-30,srchafreen,4574748,freen (ฟรีน),Film & TV,TH,person,1662,
2026-09-30,sriritajensen,4118045,Sririta Jensen Narongdej,Film & TV,TH,person,1761,
2026-09-30,ssinz7,14941110,박신혜/Shin Hye Park,Film & TV,KR,person,592,
2026-09-30,stanford,1471895,Stanford University,Public figures,US,org,3365,
2026-09-30,startrek,693393,Star Trek,Film & TV,US,org,4810,
2026-09-30,starwars,17099339,Star Wars,Film & TV,US,org,502,
2026-09-30,stephenharper,27918,Stephen Harper,Music,CA,person,9901,
2026-09-30,stephenking,1714817,Stephen King,Film & TV,US,person,3069,
2026-09-30,su1023_,2964068,신은수,Film & TV,KR,person,2187,
2026-09-30,suga.yoshihide,155139,菅 義偉,Public figures,JP,person,7643,
2026-09-30,sunnyleone,54647166,Sunny Leone,Film & TV,US,person,120,
2026-09-30,superman,1054890,Superman,Film & TV,,org,3980,
2026-09-30,susansarandon,2196411,Susan Sarandon,Film & TV,US,person,2648,
2026-09-30,susemee,1745881,임세미 Lim Semi,Film & TV,KR,person,3039,
2026-09-30,swr3online,357417,SWR3,Media,DE,org,6201,
2026-09-30,sydneyoperahouse,277639,Sydney Opera House,Film & TV,AU,org,6689,
2026-09-30,sysysy1102,1691746,김소연 kim so yeon,Film & TV,KR,person,3101,
2026-09-30,tadejpogacar,3136267,Tadej Pogačar,Sports,SI,person,2104,
2026-09-30,tagesschau,6978574,tagesschau,Media,DE,org,1208,
2026-09-30,tailopez,3005628,Tai Lopez,Film & TV,US,person,2163,
2026-09-30,tanakareina.lovendor,411194,田中れいな,Music,JP,person,5904,
2026-09-30,tasnia_farin,2785860,Tasnia Farin,Film & TV,BD,person,2279,
2026-09-30,tatawerneck,54539231,Tata Werneck,Film & TV,BR,person,121,
2026-09-30,tatemcrae,10002711,Tate McRae,Music,CA,person,895,
2026-09-30,tavicastro,5025770,Tavi Castro,Creators,NL,person,1549,
2026-09-30,taylorlautner,11238835,Taylor Lautner,Music,US,person,803,
2026-09-30,taylorswift,272748998,Taylor Swift,Music,US,person,13,
2026-09-30,taytumandoakley,2862502,TAYTUM & OAKLEY FISHER,Creators,,org,2234,
2026-09-30,teddysphotos,47238583,Ed Sheeran,Music,GB,person,149,
2026-09-30,tefivalenzuela,2840809,TEFI VALENZUELA,Music,PE,person,2254,
2026-09-30,teletubbieshq,1165786,Teletubbies,Film & TV,GB,org,3804,
2026-09-30,ten,1702038,Khaled Mazeedi,Creators,KW,person,3082,
2026-09-30,teslamotors,9541172,Tesla,Brands,US,org,933,
2026-09-30,that_snowden,100359,Edward Snowden,Public figures,RU,person,8380,
2026-09-30,thatdanielwu,1898373,Daniel Wu 吴 彦 祖,Film & TV,US,person,2897,
2026-09-30,the_imf,321525,International Monetary Fund,Public figures,US,org,6427,
2026-09-30,the_oecd,164939,OECD,Public figures,FR,org,7532,
2026-09-30,theacademy,5712676,The Academy,Film & TV,US,org,1425,
2026-09-30,thebeatles,5925173,The Beatles,Music,GB,org,1380,
2026-09-30,thebiancadelrio,2571843,Bianca Del Rio,Film & TV,US,person,2411,
2026-09-30,theblondebrewer,1584080,Jaron & Maggie,Creators,US,org,3231,
2026-09-30,thebursin,11213968,Kerem Bürsin,Film & TV,TR,person,804,
2026-09-30,thedoors,2426280,The Doors,Music,US,org,2491,
2026-09-30,thegodfathermovie,281534,The Godfather,Film & TV,US,org,6665,
2026-09-30,thehotblend,497037,Alexandra Teleki,Creators,HU,person,5502,
2026-09-30,thehughjackman,33142915,Hugh Jackman,Film & TV,AU,person,226,Music
2026-09-30,thelastofus,1730397,The Last of Us,Film & TV,US,org,3051,
2026-09-30,themuseumofmodernart,6133635,MoMA The Museum of Modern Art,Other,US,org,1346,
2026-09-30,theoceancleanup,2585739,The Ocean Cleanup,Public figures,,org,2399,
2026-09-30,therealmargaretatwood,395963,Margaret Atwood,Public figures,CA,person,5991,
2026-09-30,therealstanlee,12028882,Stan Lee,Film & TV,US,person,747,
2026-09-30,theresamay,145792,Theresa May,Public figures,GB,person,7747,
2026-09-30,therock,381062193,Dwayne Johnson,Film & TV,US,person,5,Sports
2026-09-30,therollingstones,4302785,The Rolling Stones,Music,GB,org,1721,
2026-09-30,thesimpsons,2110966,The Simpsons,Film & TV,US,org,2714,
2026-09-30,theweeknd,77473167,Abel,Music,CA,person,59,
2026-09-30,thierryhenry,6106568,Thierry Henry,Sports,FR,person,1351,
2026-09-30,thisisbillgates,12052665,Bill Gates,Public figures,US,person,743,
2026-09-30,thomasangelvy,1430058,Thomas Angelvy,Film & TV,FR,person,3415,
2026-09-30,thv,76814950,V,Music,KR,person,61,
2026-09-30,tiaclair1,2079065,Tia-Clair Toomey-Orr,Sports,AU,person,2733,
2026-09-30,tiaraandini,8255841,TIARA,Music,ID,person,1063,
2026-09-30,tigerjackieshroff,39200431,Tiger shroff,Film & TV,IN,person,189,
2026-09-30,tiktok,24839872,TikTok,Brands,CN,org,322,
2026-09-30,tim_pita,2934946,Tim Pita,Music,TH,person,2199,
2026-09-30,tina_karol,1948680,Tina Karol,Music,UA,person,2838,
2026-09-30,tinasadri,597996,Tina Sadri,Public figures,US,person,5096,
2026-09-30,tinaturner,1360439,Tina Turner,Music,CH,person,3520,
2026-09-30,tinder,474175,Tinder,Brands,,org,5600,
2026-09-30,tinistoessel,21718677,tini,Music,AR,person,374,Film & TV
2026-09-30,titanicmovie,513368,Titanic,Film & TV,US,org,5423,
2026-09-30,tokyo2020,0,山口 徳彦,Other,JP,org,11169,
2026-09-30,tokyodisneyresort_official,4455834,東京ディズニーリゾート,Brands,JP,org,1692,
2026-09-30,tomandjerry_jp,2337941,「トムとジェリー」公式,Film & TV,US,org,2540,
2026-09-30,tomcruise,15581308,Tom Cruise,Film & TV,US,person,563,
2026-09-30,tomhanks,9805713,Tom Hanks,Film & TV,US,person,911,
2026-09-30,tomholland2013,68662726,Tom Holland,Film & TV,GB,person,72,
2026-09-30,tongtong_thestar12,1333833,Tng,Film & TV,TH,person,3572,
2026-09-30,toniruediger,13222400,Antonio Rüdiger,Sports,DE,person,682,
2026-09-30,torispelling,1827548,TORI SPELLING,Film & TV,US,person,2952,
2026-09-30,toureiffelofficielle,715435,La tour Eiffel,Other,FR,org,4745,
2026-09-30,toutelalsace,29043,Toute l’Alsace,Other,FR,org,9854,
2026-09-30,toyota,10137595,TOYOTA,Brands,JP,org,886,
2026-09-30,trash_italiano,4430454,Trash Italiano,Media,,org,1698,
2026-09-30,travisscott,58712083,flame,Music,US,person,101,
2026-09-30,trishapaytas,2097341,Trisha Paytas Hacmon,Creators,US,person,2720,
2026-09-30,trussliz,145230,Liz Truss,Public figures,GB,person,7755,
2026-09-30,tsai_ingwen,1208622,蔡英文,Public figures,TW,person,3741,
2026-09-30,u2,3865695,U2,Music,IE,org,1844,
2026-09-30,uarmyhope,56743156,jhope,Music,KR,person,109,
2026-09-30,ubuntu_os,169185,Canonical Ubuntu,Other,,org,7492,
2026-09-30,uefs.br,3179,Univ. Est. de Feira de Santana,Media,BR,org,10802,
2026-09-30,ufc,50879924,UFC,Sports,US,org,132,
2026-09-30,umathurman,1824352,Uma Thurman,Film & TV,US,person,2960,
2026-09-30,unesco,3501366,UNESCO,Public figures,FR,org,1938,
2026-09-30,unicef,11201790,UNICEF,Public figures,US,org,805,
2026-09-30,unicusano,31733,Università Niccolò Cusano | Corsi di Laurea e Master,Public figures,IT,org,9773,
2026-09-30,upworthy,4864806,Upworthy,Media,US,org,1589,
2026-09-30,ursulakleguin,85700,Ursula K. Le Guin,Other,US,person,8630,
2026-09-30,ursulavonderleyen,799581,Ursula von der Leyen,Public figures,DE,person,4499,
2026-09-30,usainbolt,14059862,Usain St.Leo Bolt,Sports,JM,person,636,
2026-09-30,usavolleyball,975099,USA Volleyball,Sports,US,org,4142,
2026-09-30,usher,14025900,Usher,Music,US,person,637,
2026-09-30,valera_leontiev,226704,Валерий Леонтьев,Music,RU,person,7007,
2026-09-30,vanessahudgens,47724249,Vanessa Hudgens,Film & TV,US,person,148,Music
2026-09-30,varundvn,45079838,VarunDhawan,Film & TV,IN,person,161,
2026-09-30,vegetta777,6484290,Samuel De Luque,Creators,ES,person,1278,
2026-09-30,vickyvette,1972699,Vicky Vette,Film & TV,NO,person,2815,
2026-09-30,victoriabeckham,33094290,Victoria Beckham,Fashion & beauty,GB,person,227,Music
2026-09-30,victoriassecret,76792932,Victoria's Secret,Fashion & beauty,US,org,62,
2026-09-30,vindiesel,103458732,Vin Diesel,Film & TV,US,person,37,
2026-09-30,vinijr,64001806,Vinicius Jr.,Sports,BR,person,85,
2026-09-30,virat.kohli,271532652,Virat Kohli,Sports,IN,person,14,
2026-09-30,vishy.mindmaster,353276,Viswanathan Anand,Sports,IN,person,6234,
2026-09-30,vp,15424036,Vice President JD Vance,Public figures,US,person,568,
2026-09-30,vp44,784351,Vice President Joe Biden,Public figures,US,person,4543,
2026-09-30,vp45,423309,VP Mike Pence Archived,Public figures,US,person,5839,
2026-09-30,vw,1040752,Volkswagen USA,Brands,DE,org,3999,
2026-09-30,warnerbrosentertainment,3548404,Warner Bros. Entertainment,Film & TV,US,org,1927,
2026-09-30,washingtonpost,7614680,The Washington Post,Media,US,org,1145,
2026-09-30,waynerooney,15711241,Wayne Rooney,Sports,GB,person,556,
2026-09-30,wdohwan,8384395,우도환,Film & TV,KR,person,1046,
2026-09-30,wellahair,1710080,Wella Professionals,Brands,DE,org,3076,
2026-09-30,whatsapp,5364263,WhatsApp,Brands,,org,1482,
2026-09-30,whinderssonnunes,54313127,Whindersson Nunes,Creators,BR,person,122,
2026-09-30,whitehouse,12501583,The White House,Public figures,US,org,719,
2026-09-30,whitneyhouston,2644703,Whitney Houston,Music,US,person,2353,
2026-09-30,who,11755084,World Health Organization,Public figures,CH,org,768,
2026-09-30,whoopigoldberg,2219769,WhoopiGoldberg,Film & TV,US,person,2626,
2026-09-30,wikicommons,4655,Wikimedia Commons,Media,US,org,10731,
2026-09-30,wikimania.conference,3007,Wikimania Conference,Media,,org,10811,
2026-09-30,wikimediafoundation,30802,Wikimedia Foundation,Public figures,US,org,9806,
2026-09-30,wikipedia,835323,Wikipedia,Media,US,org,4425,
2026-09-30,wikipediaasianmonth,211,Wikipedia Asian Month,Media,,org,11050,
2026-09-30,wikiquoteesperanto,8,WikiquoteEsperanto,Media,US,org,11148,
2026-09-30,willsmith,67661093,Will Smith,Film & TV,US,person,76,Music
2026-09-30,winwithsashin,895497,Sashin Govender,Public figures,ZA,person,4293,
2026-09-30,wjclibrary42,34651,William J. Clinton Presidential Library & Museum,Public figures,US,person,9695,
2026-09-30,wjmild,3798799,𝑾𝑱𝑴𝑰𝑳𝑫,Film & TV,TH,person,1858,
2026-09-30,wonderwoman,359176,Wonder Woman,Film & TV,US,org,6205,
2026-09-30,woodyallenofficial,90969,Woody Allen,Music,US,person,8544,
2026-09-30,wordpress,55305,WordPress,Other,,org,9240,
2026-09-30,worldbank,1224,The World Bank,Brands,US,org,10930,
2026-09-30,worldtradeorganization,88944,WTO OMC,Public figures,CH,org,8577,
2026-09-30,worow0ro,726104,Woro Widowati,Music,,person,4705,
2026-09-30,wwe,35435885,WWE,Brands,US,org,210,
2026-09-30,xdinaryheroes_official,2061364,Xdinary Heroes,Music,KR,org,2750,
2026-09-30,xeesoxee,16713433,한소희,Film & TV,KR,person,520,
2026-09-30,xtina,10310209,Christina Aguilera,Music,US,person,870,
2026-09-30,yahoo,794607,Yahoo,Brands,US,org,4516,
2026-09-30,yale,926525,Yale,Public figures,US,org,4238,
2026-09-30,yangasc,5190043,Young Africans Sports Club,Sports,TZ,org,1520,
2026-09-30,ye,20441840,Ye,Music,US,person,399,Fashion & beauty
2026-09-30,yeyeji_seo,2342958,SEO YEA JI,Film & TV,KR,person,2536,
2026-09-30,yim_siwang,4288430,임시완,Film & TV,KR,person,1726,
2026-09-30,yjiinp,1120212,표예진,Film & TV,KR,person,3876,
2026-09-30,yokoono,703321,Yoko Ono,Music,JP,person,4777,
2026-09-30,yong.lixx,36525120,Felix,Music,AU,person,205,
2026-09-30,yoo_yeonseok,4504642,유연석,Film & TV,KR,person,1678,
2026-09-30,yorkuniversity,102046,York University,Public figures,CA,org,8348,
2026-09-30,youtube,30443354,YouTube,Brands,US,org,249,
2026-09-30,yulia_tymoshenko,120502,Юлія Тимошенко,Public figures,UA,person,8072,
2026-09-30,yungmiami305,6405169,Caresha Brownlee,Music,US,person,1292,
2026-09-30,yutohorigome,1961796,堀米雄斗,Sports,JP,person,2824,
2026-09-30,zacefron,57542716,Zac Efron,Film & TV,US,person,105,
2026-09-30,zachking,31927858,Zach King,Creators,US,person,242,
2026-09-30,zakon.kz,933394,СМИ zakon.kz,Media,KZ,org,4219,
2026-09-30,zara,61655787,ZARA,Fashion & beauty,ES,org,88,
2026-09-30,zaralarsson,13343461,Zara Larsson,Music,SE,person,673,
2026-09-30,zeepruk,4957941,Z,Film & TV,TH,person,1564,
2026-09-30,zelenskyy_official,16045088,Володимир Зеленський,Public figures,UA,person,544,
2026-09-30,zendaya,178622993,Zendaya,Film & TV,US,person,21,
2026-09-30,zerocalcare,1594792,michele rech,Film & TV,IT,person,3216,
2026-09-30,zhivi_kuban,5585,#живиКубань,Sports,RU,org,10686,
2026-09-30,zidane,44467560,zidane,Sports,FR,person,166,
2026-09-30,zuck,17263903,Mark Zuckerberg,Public figures,US,person,496,
