date,username,followers,name,category,country,type,rank,also_in
2026-09-25,433,79654283,433,Media,,org,54,
2026-09-25,9gag,51955772,9GAG: Go Fun The World,Media,HK,org,123,
2026-09-25,adele,55957481,Adele,Music,GB,person,111,
2026-09-25,agustd,55091406,SUGA of BTS 민윤기,Music,KR,person,115,
2026-09-25,akshaykumar,64955179,Akshay Kumar,Film & TV,IN,person,81,
2026-09-25,aliaabhatt,85252305,Alia Bhatt,Film & TV,IN,person,48,
2026-09-25,amitabhbachchan,36325369,Amitabh Bachchan,Film & TV,IN,person,178,
2026-09-25,anitta,61067411,Anitta,Music,BR,person,88,
2026-09-25,anushkasharma,67311871,AnushkaSharma1588,Film & TV,IN,person,76,
2026-09-25,arianagrande,362665878,Ariana Grande,Music,US,person,7,Film & TV
2026-09-25,badbunnypr,53414968,Benito Antonio,Music,PR,person,121,
2026-09-25,badgalriri,145747032,badgalriri,Music,BB,person,27,Fashion & beauty
2026-09-25,beingsalmankhan,72699546,Salman Khan,Film & TV,IN,person,65,
2026-09-25,bellahadid,59083023,Bella,Fashion & beauty,US,person,92,
2026-09-25,beyonce,299039695,Beyoncé,Music,US,person,9,
2026-09-25,billieeilish,123863551,BILLIE EILISH,Music,US,person,32,
2026-09-25,blackpinkofficial,57724449,BLΛƆKPIИK,Music,KR,org,101,
2026-09-25,brunomars,43529905,Bruno Mars,Music,US,person,156,
2026-09-25,bts.bighitofficial,81626192,BTS official,Music,KR,org,50,
2026-09-25,camila_cabello,61618683,camila,Music,US,person,86,
2026-09-25,caradelevingne,38140255,Cara Delevingne,Fashion & beauty,GB,person,172,Film & TV
2026-09-25,champagnepapi,139950986,champagnepapi,Music,US,person,28,
2026-09-25,championsleague,120587251,UEFA Champions League,Sports,,org,33,
2026-09-25,chanelofficial,59017528,CHANEL,Brands,FR,org,93,
2026-09-25,charlidamelio,40128435,charli,Creators,US,person,164,
2026-09-25,chrisbrownofficial,139951287,BROWN,Music,US,person,29,
2026-09-25,chrishemsworth,58113195,Chris Hemsworth,Film & TV,AU,person,99,
2026-09-25,cristiano,679532239,Cristiano Ronaldo,Sports,PT,person,2,
2026-09-25,daddyyankee,50607141,DY,Music,US,person,130,
2026-09-25,davidbeckham,87713229,David Beckham,Sports,GB,person,46,
2026-09-25,ddlovato,147619850,Demi Lovato,Music,US,person,26,Film & TV
2026-09-25,deepikapadukone,78035972,दीपिका पादुकोण,Film & TV,IN,person,57,
2026-09-25,dior,46622184,Dior Official,Fashion & beauty,FR,org,141,
2026-09-25,dishapatani,60330116,disha patani (paatni),Film & TV,IN,person,89,
2026-09-25,dojacat,24345003,Doja Cat,Music,US,person,243,
2026-09-25,dualipa,88755489,DUA LIPA,Music,GB,person,44,
2026-09-25,emmawatson,70890510,Emma Watson,Film & TV,GB,person,66,
2026-09-25,espn,28773154,ESPN,Media,US,org,209,
2026-09-25,fcbarcelona,148837661,FC Barcelona,Sports,ES,org,25,
2026-09-25,fifaworldcup,67013411,FIFA World Cup,Sports,,org,78,
2026-09-25,gal_gadot,103446842,Gal Gadot,Film & TV,IL,person,38,
2026-09-25,georginagio,78337534,Georgina Rodríguez,Fashion & beauty,ES,person,56,
2026-09-25,gigihadid,73540758,Gigi Hadid,Fashion & beauty,US,person,64,
2026-09-25,gucci,50560015,GUCCI,Fashion & beauty,IT,org,129,
2026-09-25,haileybieber,58756836,Hailey Rhode Bieber,Fashion & beauty,US,person,96,
2026-09-25,harrystyles,45761498,Harry Styles,Music,GB,person,145,
2026-09-25,hudabeauty,56238672,HUDA BEAUTY,Brands,,org,110,
2026-09-25,iamcardib,160978078,Cardi B,Music,US,person,23,
2026-09-25,iamsrk,48417548,Shah Rukh Khan,Film & TV,IN,person,136,
2026-09-25,instagram,686693469,Instagram,Brands,US,org,1,
2026-09-25,j.m,60140209,JIMIN,Music,KR,person,90,
2026-09-25,jamesrodriguez10,50182214,James Rodríguez,Sports,CO,person,131,
2026-09-25,jbalvin,49248500,J Balvin,Music,CO,person,133,
2026-09-25,jennierubyjane,89456572,J,Music,KR,person,43,
2026-09-25,jin,56617205,Jin of BTS,Music,KR,person,107,
2026-09-25,jlo,240059712,Jennifer Lopez,Music,US,person,17,Film & TV
2026-09-25,justintimberlake,68899429,Justin Timberlake,Music,US,person,70,Film & TV
2026-09-25,juventus,58998967,Juventus,Sports,IT,org,94,
2026-09-25,k.mbappe,136898133,Kylian Mbappé,Sports,FR,person,30,
2026-09-25,kareenakapoorkhan,14018939,Kareena Kapoor Khan,Film & TV,IN,person,384,
2026-09-25,karimbenzema,74404586,Karim Benzema,Sports,FR,person,63,
2026-09-25,karolg,70422481,KAROL G,Music,CO,person,68,
2026-09-25,katrinakaif,78682174,Katrina Kaif,Film & TV,IN,person,55,
2026-09-25,katyperry,195332696,KATY PERRY,Music,US,person,19,
2026-09-25,kendalljenner,277554209,Kendall,Fashion & beauty,US,person,12,Film & TV
2026-09-25,kevinhart4real,172012978,Kevin Hart,Film & TV,US,person,22,
2026-09-25,khaby00,78063278,Khabane Lame,Creators,IT,person,58,
2026-09-25,khloekardashian,291613693,Khloé Kardashian,Film & TV,US,person,10,
2026-09-25,kimkardashian,343896529,Kim Kardashian,Film & TV,US,person,8,Fashion & beauty
2026-09-25,kingjames,153788760,kingjames,Sports,US,person,24,
2026-09-25,kourtneykardash,209230796,Kourtney Kardashian Barker,Film & TV,US,person,18,
2026-09-25,krisjenner,50116375,Kris Jenner,Film & TV,US,person,132,
2026-09-25,kritisanon,57922943,Kriti Sanon,Film & TV,IN,person,100,
2026-09-25,kyliejenner,380903929,Kylie,Fashion & beauty,US,person,6,Film & TV
2026-09-25,ladygaga,61174684,Lady Gaga,Music,US,person,87,Film & TV
2026-09-25,lalalalisa_m,105975150,LISA,Music,TH,person,35,Film & TV
2026-09-25,laliga,55612905,LALIGA,Sports,ES,org,113,
2026-09-25,lelepons,52109080,Lele Pons,Creators,VE,person,122,
2026-09-25,leomessi,517058397,Leo Messi,Sports,AR,person,3,
2026-09-25,leonardodicaprio,58763940,Leonardo DiCaprio,Film & TV,US,person,97,
2026-09-25,louisvuitton,55094383,Louis Vuitton,Fashion & beauty,FR,org,116,
2026-09-25,maluma,63445373,MALUMA,Music,CO,person,83,
2026-09-25,marcelotwelve,67122233,Marcelo Vieira,Sports,BR,person,77,
2026-09-25,marvel,65105746,Marvel Entertainment,Brands,US,org,80,
2026-09-25,mosalah,67936972,Mohamed Salah,Sports,EG,person,73,
2026-09-25,mrbeast,89526860,MrBeast,Creators,US,person,42,
2026-09-25,narendramodi,106806277,Narendra Modi,Public figures,IN,person,34,
2026-09-25,nasa,104339410,NASA,Media,US,org,36,
2026-09-25,natgeo,268539314,National Geographic,Media,US,org,15,
2026-09-25,nba,87957258,NBA,Sports,US,org,45,
2026-09-25,nehakakkar,76131551,Neha Kakkar,Music,IN,person,62,
2026-09-25,netflix,42381033,Netflix US,Film & TV,US,org,159,
2026-09-25,neymarjr,241838543,Neymar Jr,Sports,BR,person,16,
2026-09-25,nfl,32710324,NFL,Sports,US,org,191,
2026-09-25,nike,291137171,Nike,Brands,US,org,11,
2026-09-25,paulpogba,63467459,Paul Labile Shakur Pogba,Sports,FR,person,84,
2026-09-25,postmalone,26399487,postmalone,Music,US,person,228,
2026-09-25,premierleague,80393303,Premier League,Sports,GB,org,52,
2026-09-25,priyankachopra,92904500,Priyanka,Film & TV,IN,person,41,
2026-09-25,psg,67386830,Paris Saint-Germain,Sports,FR,org,75,
2026-09-25,realdonaldtrump,44037865,President Donald J. Trump,Public figures,US,person,152,
2026-09-25,realmadrid,181202078,Real Madrid C.F.,Sports,ES,org,20,
2026-09-25,rkive,53736872,RM,Music,KR,person,120,
2026-09-25,robertdowneyjr,58840864,Robert Downey Jr.,Film & TV,US,person,95,
2026-09-25,ronaldinho,81100191,Ronaldo de Assis Moreira,Sports,BR,person,51,
2026-09-25,roses_are_rosie,83099925,ROSÉ,Music,NZ,person,49,
2026-09-25,selenagomez,403204861,Selena Gomez,Music,US,person,4,Film & TV
2026-09-25,sergioramos,69864173,Sergio Ramos,Sports,ES,person,69,
2026-09-25,shakira,103336569,Shakira,Music,CO,person,39,
2026-09-25,shawnmendes,68553625,Shawn Mendes,Music,CA,person,72,
2026-09-25,shraddhakapoor,92950964,Shraddha,Film & TV,IN,person,40,
2026-09-25,snoopdogg,86776565,snoopdogg,Music,US,person,47,
2026-09-25,sunnyleone,54716899,Sunny Leone,Film & TV,US,person,117,
2026-09-25,tatawerneck,54551265,Tata Werneck,Film & TV,BR,person,118,
2026-09-25,taylorswift,272837570,Taylor Swift,Music,US,person,13,
2026-09-25,teddysphotos,47260303,Ed Sheeran,Music,GB,person,139,
2026-09-25,therock,381209293,Dwayne Johnson,Film & TV,US,person,5,Sports
2026-09-25,theweeknd,77830503,Abel,Music,CA,person,59,
2026-09-25,thv,76784051,V,Music,KR,person,60,
2026-09-25,tigerjackieshroff,39214826,Tiger shroff,Film & TV,IN,person,167,
2026-09-25,tomholland2013,68656913,Tom Holland,Film & TV,GB,person,71,
2026-09-25,travisscott,58755680,flame,Music,US,person,98,
2026-09-25,uarmyhope,56752819,jhope,Music,KR,person,106,
2026-09-25,ufc,50854460,UFC,Sports,US,org,128,
2026-09-25,varundvn,45098525,VarunDhawan,Film & TV,IN,person,147,
2026-09-25,victoriassecret,76766151,Victoria's Secret,Fashion & beauty,US,org,61,
2026-09-25,vindiesel,103483940,Vin Diesel,Film & TV,US,person,37,
2026-09-25,vinijr,64049844,Vinicius Jr.,Sports,BR,person,82,
2026-09-25,virat.kohli,271598889,Virat Kohli,Sports,IN,person,14,
2026-09-25,whinderssonnunes,54328553,Whindersson Nunes,Creators,BR,person,119,
2026-09-25,willsmith,67670558,Will Smith,Film & TV,US,person,74,Music
2026-09-25,wwe,35437532,WWE,Brands,US,org,180,
2026-09-25,zachking,31921176,Zach King,Creators,US,person,195,
2026-09-25,zara,61646878,ZARA,Fashion & beauty,ES,org,85,
2026-09-25,zendaya,178626512,Zendaya,Film & TV,US,person,21,
2026-09-26,433,79646598,433,Media,,org,54,
2026-09-26,9gag,51951905,9GAG: Go Fun The World,Media,HK,org,123,
2026-09-26,adele,55954655,Adele,Music,GB,person,111,
2026-09-26,akshaykumar,64949395,Akshay Kumar,Film & TV,IN,person,81,
2026-09-26,aliaabhatt,85249943,Alia Bhatt,Film & TV,IN,person,48,
2026-09-26,anitta,61066290,Anitta,Music,BR,person,88,
2026-09-26,anushkasharma,67306820,AnushkaSharma1588,Film & TV,IN,person,76,
2026-09-26,arianagrande,362639759,Ariana Grande,Music,US,person,7,Film & TV
2026-09-26,badgalriri,145731899,badgalriri,Music,BB,person,27,Fashion & beauty
2026-09-26,beingsalmankhan,72697700,Salman Khan,Film & TV,IN,person,65,
2026-09-26,bellahadid,59080352,Bella,Fashion & beauty,US,person,92,
2026-09-26,beyonce,299015234,Beyoncé,Music,US,person,9,
2026-09-26,billieeilish,123852700,BILLIE EILISH,Music,US,person,32,
2026-09-26,blackpinkofficial,57722165,BLΛƆKPIИK,Music,KR,org,101,
2026-09-26,brunomars,43533289,Bruno Mars,Music,US,person,156,
2026-09-26,bts.bighitofficial,81626193,BTS official,Music,KR,org,50,
2026-09-26,camila_cabello,61615664,camila,Music,US,person,86,
2026-09-26,champagnepapi,139941411,champagnepapi,Music,US,person,28,
2026-09-26,championsleague,120585101,UEFA Champions League,Sports,,org,33,
2026-09-26,chanelofficial,59016998,CHANEL,Brands,FR,org,93,
2026-09-26,chrisbrownofficial,139937365,BROWN,Music,US,person,29,
2026-09-26,chrishemsworth,58133529,Chris Hemsworth,Film & TV,AU,person,99,
2026-09-26,cristiano,679493561,Cristiano Ronaldo,Sports,PT,person,2,
2026-09-26,davidbeckham,87708413,David Beckham,Sports,GB,person,46,
2026-09-26,ddlovato,147610636,Demi Lovato,Music,US,person,26,Film & TV
2026-09-26,deepikapadukone,78033261,दीपिका पादुकोण,Film & TV,IN,person,57,
2026-09-26,dishapatani,60323800,disha patani (paatni),Film & TV,IN,person,89,
2026-09-26,dojacat,24343105,Doja Cat,Music,US,person,243,
2026-09-26,dualipa,88753252,DUA LIPA,Music,GB,person,44,
2026-09-26,emmawatson,70889245,Emma Watson,Film & TV,GB,person,66,
2026-09-26,fcbarcelona,148845730,FC Barcelona,Sports,ES,org,25,
2026-09-26,fifaworldcup,67008848,FIFA World Cup,Sports,,org,78,
2026-09-26,gal_gadot,103437532,Gal Gadot,Film & TV,IL,person,38,
2026-09-26,georginagio,78326595,Georgina Rodríguez,Fashion & beauty,ES,person,56,
2026-09-26,gigihadid,73537267,Gigi Hadid,Fashion & beauty,US,person,64,
2026-09-26,haileybieber,58756050,Hailey Rhode Bieber,Fashion & beauty,US,person,96,
2026-09-26,hudabeauty,56237357,HUDA BEAUTY,Brands,,org,110,
2026-09-26,iamcardib,160967567,Cardi B,Music,US,person,23,
2026-09-26,instagram,686673261,Instagram,Brands,US,org,1,
2026-09-26,j.m,60138957,JIMIN,Music,KR,person,90,
2026-09-26,jennierubyjane,89453008,J,Music,KR,person,43,
2026-09-26,jin,56617959,Jin of BTS,Music,KR,person,107,
2026-09-26,jlo,240045287,Jennifer Lopez,Music,US,person,17,Film & TV
2026-09-26,justintimberlake,68896116,Justin Timberlake,Music,US,person,70,Film & TV
2026-09-26,juventus,58994401,Juventus,Sports,IT,org,94,
2026-09-26,k.mbappe,136892361,Kylian Mbappé,Sports,FR,person,30,
2026-09-26,kareenakapoorkhan,14018044,Kareena Kapoor Khan,Film & TV,IN,person,384,
2026-09-26,karimbenzema,74403916,Karim Benzema,Sports,FR,person,63,
2026-09-26,karolg,70421724,KAROL G,Music,CO,person,68,
2026-09-26,katrinakaif,78676502,Katrina Kaif,Film & TV,IN,person,55,
2026-09-26,katyperry,195321166,KATY PERRY,Music,US,person,19,
2026-09-26,kendalljenner,277531089,Kendall,Fashion & beauty,US,person,12,Film & TV
2026-09-26,kevinhart4real,171997972,Kevin Hart,Film & TV,US,person,22,
2026-09-26,khaby00,78048995,Khabane Lame,Creators,IT,person,58,
2026-09-26,khloekardashian,291589175,Khloé Kardashian,Film & TV,US,person,10,
2026-09-26,kimkardashian,343875778,Kim Kardashian,Film & TV,US,person,8,Fashion & beauty
2026-09-26,kingjames,153772495,kingjames,Sports,US,person,24,
2026-09-26,kourtneykardash,209212201,Kourtney Kardashian Barker,Film & TV,US,person,18,
2026-09-26,kritisanon,57920445,Kriti Sanon,Film & TV,IN,person,100,
2026-09-26,kyliejenner,380872619,Kylie,Fashion & beauty,US,person,6,Film & TV
2026-09-26,ladygaga,61172788,Lady Gaga,Music,US,person,87,Film & TV
2026-09-26,lalalalisa_m,105972852,LISA,Music,TH,person,35,Film & TV
2026-09-26,leomessi,517025308,Leo Messi,Sports,AR,person,3,
2026-09-26,leonardodicaprio,58759452,Leonardo DiCaprio,Film & TV,US,person,97,
2026-09-26,maluma,63453484,MALUMA,Music,CO,person,83,
2026-09-26,marcelotwelve,67118358,Marcelo Vieira,Sports,BR,person,77,
2026-09-26,marvel,65106835,Marvel Entertainment,Brands,US,org,80,
2026-09-26,mosalah,67933858,Mohamed Salah,Sports,EG,person,73,
2026-09-26,mrbeast,89551366,MrBeast,Creators,US,person,42,
2026-09-26,narendramodi,106801101,Narendra Modi,Public figures,IN,person,34,
2026-09-26,nasa,104337510,NASA,Media,US,org,36,
2026-09-26,natgeo,268520677,National Geographic,Media,US,org,15,
2026-09-26,nba,87950239,NBA,Sports,US,org,45,
2026-09-26,nehakakkar,76125036,Neha Kakkar,Music,IN,person,62,
2026-09-26,neymarjr,241820036,Neymar Jr,Sports,BR,person,16,
2026-09-26,nike,291113931,Nike,Brands,US,org,11,
2026-09-26,paulpogba,63464207,Paul Labile Shakur Pogba,Sports,FR,person,84,
2026-09-26,postmalone,26396212,postmalone,Music,US,person,228,
2026-09-26,premierleague,80391590,Premier League,Sports,GB,org,52,
2026-09-26,priyankachopra,92899749,Priyanka,Film & TV,IN,person,41,
2026-09-26,psg,67381902,Paris Saint-Germain,Sports,FR,org,75,
2026-09-26,realmadrid,181195167,Real Madrid C.F.,Sports,ES,org,20,
2026-09-26,robertdowneyjr,58856959,Robert Downey Jr.,Film & TV,US,person,95,
2026-09-26,ronaldinho,81097028,Ronaldo de Assis Moreira,Sports,BR,person,51,
2026-09-26,roses_are_rosie,83082006,ROSÉ,Music,NZ,person,49,
2026-09-26,selenagomez,403172425,Selena Gomez,Music,US,person,4,Film & TV
2026-09-26,sergioramos,69860711,Sergio Ramos,Sports,ES,person,69,
2026-09-26,shakira,103332690,Shakira,Music,CO,person,39,
2026-09-26,shawnmendes,68583673,Shawn Mendes,Music,CA,person,72,
2026-09-26,shraddhakapoor,92944643,Shraddha,Film & TV,IN,person,40,
2026-09-26,snoopdogg,86767867,snoopdogg,Music,US,person,47,
2026-09-26,tatawerneck,54548605,Tata Werneck,Film & TV,BR,person,118,
2026-09-26,taylorswift,272820782,Taylor Swift,Music,US,person,13,
2026-09-26,therock,381175619,Dwayne Johnson,Film & TV,US,person,5,Sports
2026-09-26,theweeknd,77717381,Abel,Music,CA,person,59,
2026-09-26,thv,76786190,V,Music,KR,person,60,
2026-09-26,tomholland2013,68658277,Tom Holland,Film & TV,GB,person,71,
2026-09-26,travisscott,58745413,flame,Music,US,person,98,
2026-09-26,uarmyhope,56749603,jhope,Music,KR,person,106,
2026-09-26,victoriassecret,76766236,Victoria's Secret,Fashion & beauty,US,org,61,
2026-09-26,vindiesel,103476728,Vin Diesel,Film & TV,US,person,37,
2026-09-26,vinijr,64038868,Vinicius Jr.,Sports,BR,person,82,
2026-09-26,virat.kohli,271575567,Virat Kohli,Sports,IN,person,14,
2026-09-26,whinderssonnunes,54325281,Whindersson Nunes,Creators,BR,person,119,
2026-09-26,willsmith,67665411,Will Smith,Film & TV,US,person,74,Music
2026-09-26,zara,61647568,ZARA,Fashion & beauty,ES,org,85,
2026-09-26,zendaya,178619145,Zendaya,Film & TV,US,person,21,
2026-09-27,433,79639235,433,Media,,org,54,
2026-09-27,adele,55951706,Adele,Music,GB,person,111,
2026-09-27,akshaykumar,64942435,Akshay Kumar,Film & TV,IN,person,81,
2026-09-27,aliaabhatt,85247321,Alia Bhatt,Film & TV,IN,person,48,
2026-09-27,anitta,61074732,Anitta,Music,BR,person,88,
2026-09-27,anushkasharma,67300874,AnushkaSharma1588,Film & TV,IN,person,76,
2026-09-27,arianagrande,362616280,Ariana Grande,Music,US,person,7,Film & TV
2026-09-27,badgalriri,145727314,badgalriri,Music,BB,person,27,Fashion & beauty
2026-09-27,beingsalmankhan,72700949,Salman Khan,Film & TV,IN,person,65,
2026-09-27,bellahadid,59079002,Bella,Fashion & beauty,US,person,92,
2026-09-27,beyonce,298993198,Beyoncé,Music,US,person,9,
2026-09-27,billieeilish,123839464,BILLIE EILISH,Music,US,person,32,
2026-09-27,blackpinkofficial,57720249,BLΛƆKPIИK,Music,KR,org,101,
2026-09-27,bts.bighitofficial,81631706,BTS official,Music,KR,org,50,
2026-09-27,camila_cabello,61612440,camila,Music,US,person,86,
2026-09-27,caradelevingne,38147406,Cara Delevingne,Fashion & beauty,GB,person,172,Film & TV
2026-09-27,champagnepapi,139932928,champagnepapi,Music,US,person,28,
2026-09-27,championsleague,120583800,UEFA Champions League,Sports,,org,33,
2026-09-27,chanelofficial,59018228,CHANEL,Brands,FR,org,93,
2026-09-27,chrisbrownofficial,139927845,BROWN,Music,US,person,29,
2026-09-27,chrishemsworth,58145296,Chris Hemsworth,Film & TV,AU,person,99,
2026-09-27,cristiano,679448495,Cristiano Ronaldo,Sports,PT,person,2,
2026-09-27,davidbeckham,87703473,David Beckham,Sports,GB,person,46,
2026-09-27,ddlovato,147601122,Demi Lovato,Music,US,person,26,Film & TV
2026-09-27,deepikapadukone,78032528,दीपिका पादुकोण,Film & TV,IN,person,57,
2026-09-27,dishapatani,60317794,disha patani (paatni),Film & TV,IN,person,89,
2026-09-27,dualipa,88752204,DUA LIPA,Music,GB,person,44,
2026-09-27,emmawatson,70889031,Emma Watson,Film & TV,GB,person,66,
2026-09-27,espn,28775879,ESPN,Media,US,org,209,
2026-09-27,fcbarcelona,148857396,FC Barcelona,Sports,ES,org,25,
2026-09-27,fifaworldcup,67002564,FIFA World Cup,Sports,,org,78,
2026-09-27,gal_gadot,103430132,Gal Gadot,Film & TV,IL,person,38,
2026-09-27,georginagio,78313191,Georgina Rodríguez,Fashion & beauty,ES,person,56,
2026-09-27,gigihadid,73533568,Gigi Hadid,Fashion & beauty,US,person,64,
2026-09-27,haileybieber,58757743,Hailey Rhode Bieber,Fashion & beauty,US,person,96,
2026-09-27,hudabeauty,56236773,HUDA BEAUTY,Brands,,org,110,
2026-09-27,iamcardib,160956100,Cardi B,Music,US,person,23,
2026-09-27,instagram,686659544,Instagram,Brands,US,org,1,
2026-09-27,j.m,60139683,JIMIN,Music,KR,person,90,
2026-09-27,jennierubyjane,89451109,J,Music,KR,person,43,
2026-09-27,jin,56620378,Jin of BTS,Music,KR,person,107,
2026-09-27,jlo,240033170,Jennifer Lopez,Music,US,person,17,Film & TV
2026-09-27,justintimberlake,68893335,Justin Timberlake,Music,US,person,70,Film & TV
2026-09-27,juventus,58989408,Juventus,Sports,IT,org,94,
2026-09-27,k.mbappe,136902653,Kylian Mbappé,Sports,FR,person,30,
2026-09-27,karimbenzema,74402677,Karim Benzema,Sports,FR,person,63,
2026-09-27,karolg,70420766,KAROL G,Music,CO,person,68,
2026-09-27,katrinakaif,78670433,Katrina Kaif,Film & TV,IN,person,55,
2026-09-27,katyperry,195308862,KATY PERRY,Music,US,person,19,
2026-09-27,kendalljenner,277511184,Kendall,Fashion & beauty,US,person,12,Film & TV
2026-09-27,kevinhart4real,171984035,Kevin Hart,Film & TV,US,person,22,
2026-09-27,khaby00,78034854,Khabane Lame,Creators,IT,person,58,
2026-09-27,khloekardashian,291570187,Khloé Kardashian,Film & TV,US,person,10,
2026-09-27,kimkardashian,343863250,Kim Kardashian,Film & TV,US,person,8,Fashion & beauty
2026-09-27,kingjames,153757074,kingjames,Sports,US,person,24,
2026-09-27,kourtneykardash,209195405,Kourtney Kardashian Barker,Film & TV,US,person,18,
2026-09-27,krisjenner,50110895,Kris Jenner,Film & TV,US,person,132,
2026-09-27,kritisanon,57920349,Kriti Sanon,Film & TV,IN,person,100,
2026-09-27,kyliejenner,380842799,Kylie,Fashion & beauty,US,person,6,Film & TV
2026-09-27,ladygaga,61176822,Lady Gaga,Music,US,person,87,Film & TV
2026-09-27,lalalalisa_m,105973027,LISA,Music,TH,person,35,Film & TV
2026-09-27,leomessi,516993971,Leo Messi,Sports,AR,person,3,
2026-09-27,leonardodicaprio,58755308,Leonardo DiCaprio,Film & TV,US,person,97,
2026-09-27,maluma,63461946,MALUMA,Music,CO,person,83,
2026-09-27,marcelotwelve,67114292,Marcelo Vieira,Sports,BR,person,77,
2026-09-27,marvel,65110550,Marvel Entertainment,Brands,US,org,80,
2026-09-27,mosalah,67929641,Mohamed Salah,Sports,EG,person,73,
2026-09-27,mrbeast,89609459,MrBeast,Creators,US,person,42,
2026-09-27,narendramodi,106790894,Narendra Modi,Public figures,IN,person,34,
2026-09-27,nasa,104336300,NASA,Media,US,org,36,
2026-09-27,natgeo,268506514,National Geographic,Media,US,org,15,
2026-09-27,nba,87943658,NBA,Sports,US,org,45,
2026-09-27,nehakakkar,76124781,Neha Kakkar,Music,IN,person,62,
2026-09-27,neymarjr,241804535,Neymar Jr,Sports,BR,person,16,
2026-09-27,nike,291096206,Nike,Brands,US,org,11,
2026-09-27,paulpogba,63473774,Paul Labile Shakur Pogba,Sports,FR,person,84,
2026-09-27,premierleague,80391664,Premier League,Sports,GB,org,52,
2026-09-27,priyankachopra,92894115,Priyanka,Film & TV,IN,person,41,
2026-09-27,psg,67377078,Paris Saint-Germain,Sports,FR,org,75,
2026-09-27,realdonaldtrump,44097773,President Donald J. Trump,Public figures,US,person,152,
2026-09-27,realmadrid,181189098,Real Madrid C.F.,Sports,ES,org,20,
2026-09-27,robertdowneyjr,58870311,Robert Downey Jr.,Film & TV,US,person,95,
2026-09-27,ronaldinho,81093867,Ronaldo de Assis Moreira,Sports,BR,person,51,
2026-09-27,roses_are_rosie,83072029,ROSÉ,Music,NZ,person,49,
2026-09-27,selenagomez,403129893,Selena Gomez,Music,US,person,4,Film & TV
2026-09-27,sergioramos,69856703,Sergio Ramos,Sports,ES,person,69,
2026-09-27,shakira,103328850,Shakira,Music,CO,person,39,
2026-09-27,shawnmendes,68597443,Shawn Mendes,Music,CA,person,72,
2026-09-27,shraddhakapoor,92938676,Shraddha,Film & TV,IN,person,40,
2026-09-27,snoopdogg,86760775,snoopdogg,Music,US,person,47,
2026-09-27,taylorswift,272791981,Taylor Swift,Music,US,person,13,
2026-09-27,teddysphotos,47251599,Ed Sheeran,Music,GB,person,139,
2026-09-27,therock,381135960,Dwayne Johnson,Film & TV,US,person,5,Sports
2026-09-27,theweeknd,77663431,Abel,Music,CA,person,59,
2026-09-27,thv,76793231,V,Music,KR,person,60,
2026-09-27,tomholland2013,68654073,Tom Holland,Film & TV,GB,person,71,
2026-09-27,travisscott,58734646,flame,Music,US,person,98,
2026-09-27,uarmyhope,56747431,jhope,Music,KR,person,106,
2026-09-27,victoriassecret,76766993,Victoria's Secret,Fashion & beauty,US,org,61,
2026-09-27,vindiesel,103471014,Vin Diesel,Film & TV,US,person,37,
2026-09-27,vinijr,64030671,Vinicius Jr.,Sports,BR,person,82,
2026-09-27,virat.kohli,271556066,Virat Kohli,Sports,IN,person,14,
2026-09-27,willsmith,67665390,Will Smith,Film & TV,US,person,74,Music
2026-09-27,wwe,35431332,WWE,Brands,US,org,180,
2026-09-27,zara,61649002,ZARA,Fashion & beauty,ES,org,85,
2026-09-27,zendaya,178619017,Zendaya,Film & TV,US,person,21,
2026-09-28,03_hu,4286928,박지후,Film & TV,KR,person,749,
2026-09-28,433,79646460,433,Media,,org,54,
2026-09-28,50cent,38698160,50 Cent,Music,US,person,171,
2026-09-28,_choiiii__,8920898,최현욱,Film & TV,KR,person,508,
2026-09-28,_maxhaase_,4135952,Max Haase - German Travel Influencer,Creators,DE,person,763,
2026-09-28,_seorina,10031098,설인아 sᴇᴏʀɪɴᴀ,Film & TV,KR,person,469,
2026-09-28,ab,15577960,Yawah Ben,Sports,US,person,348,
2026-09-28,acmilan,18192765,AC Milan,Sports,IT,org,302,
2026-09-28,actorvijay,19122309,Vijay,Film & TV,IN,person,288,
2026-09-28,adele,55949327,Adele,Music,GB,person,111,
2026-09-28,agustd,55091586,SUGA of BTS 민윤기,Music,KR,person,115,
2026-09-28,akshaykumar,64936572,Akshay Kumar,Film & TV,IN,person,81,
2026-09-28,alexandramalenaleclerc,5607625,Alexandra Leclerc,Creators,FR,person,663,
2026-09-28,aliaabhatt,85248105,Alia Bhatt,Film & TV,IN,person,48,
2026-09-28,alishalehmann7,15006712,Alisha Lehmann,Sports,CH,person,355,
2026-09-28,alla_orfey,3771591,ALLA PUGACHEVA,Music,RU,person,797,
2026-09-28,amberheard,4883034,Amber Heard,Film & TV,US,person,708,
2026-09-28,ananyapanday,26217510,Ananya,Film & TV,IN,person,232,
2026-09-28,andreas.szakacs,4081623,Andreas Szakacs,Public figures,US,person,764,
2026-09-28,anitta,61076036,Anitta,Music,BR,person,88,
2026-09-28,annacathcart,6314999,Anna Cathcart,Film & TV,CA,person,624,
2026-09-28,annehathaway,44535412,Anne Hathaway,Film & TV,US,person,149,
2026-09-28,anushkasharma,67297708,AnushkaSharma1588,Film & TV,IN,person,76,
2026-09-28,anyataylorjoy,12042049,Anya Taylor-Joy,Film & TV,GB,person,417,
2026-09-28,arianagrande,362620904,Ariana Grande,Music,US,person,7,Film & TV
2026-09-28,avani,14826902,avani,Creators,US,person,361,
2026-09-28,ayanakamura_officiel,4794073,LA NAKAMURANCE,Music,FR,person,715,
2026-09-28,ayezakhan.ak,14633474,Ayeza Khan,Film & TV,PK,person,366,
2026-09-28,badgalriri,145761118,badgalriri,Music,BB,person,27,Fashion & beauty
2026-09-28,beingsalmankhan,72705013,Salman Khan,Film & TV,IN,person,65,
2026-09-28,bellahadid,59082383,Bella,Fashion & beauty,US,person,92,
2026-09-28,beyonce,298997933,Beyoncé,Music,US,person,9,
2026-09-28,billieeilish,123829904,BILLIE EILISH,Music,US,person,32,
2026-09-28,blackpinkofficial,57718557,BLΛƆKPIИK,Music,KR,org,101,
2026-09-28,britneyspears,41873141,Britney Spears,Music,US,person,162,
2026-09-28,bts.bighitofficial,81636363,BTS official,Music,KR,org,50,
2026-09-28,camdenstewarts,927282,Camden Stewart,Music,GB,person,1454,
2026-09-28,camila_cabello,61612384,camila,Music,US,person,86,
2026-09-28,candiceking,12043158,Candice King,Film & TV,US,person,418,
2026-09-28,champagnepapi,139944704,champagnepapi,Music,US,person,28,
2026-09-28,championsleague,120593069,UEFA Champions League,Sports,,org,33,
2026-09-28,chandlerhallow,5181581,Chandler Hallow,Creators,US,person,694,
2026-09-28,chanelofficial,59021294,CHANEL,Brands,FR,org,93,
2026-09-28,charlidamelio,40125145,charli,Creators,US,person,164,
2026-09-28,charlottewwe,5301742,Charlotte Flair,Sports,US,person,681,
2026-09-28,chrisbrownofficial,139940763,BROWN,Music,US,person,29,
2026-09-28,chrishemsworth,58156482,Chris Hemsworth,Film & TV,AU,person,99,
2026-09-28,cristiano,679393882,Cristiano Ronaldo,Sports,PT,person,2,
2026-09-28,danbilzerian,28655215,Dan Bilzerian,Creators,US,person,211,
2026-09-28,danishtaimoor16,8865824,Danish Taimoor,Film & TV,PK,person,509,
2026-09-28,davidalaba,15031302,David Alaba,Sports,AT,person,354,
2026-09-28,davidbeckham,87702859,David Beckham,Sports,GB,person,46,
2026-09-28,daviddobrik,9202119,DAVID DOBRIK,Creators,US,person,493,
2026-09-28,ddlovato,147602487,Demi Lovato,Music,US,person,26,Film & TV
2026-09-28,deepikapadukone,78033420,दीपिका पादुकोण,Film & TV,IN,person,57,
2026-09-28,diljitdosanjh,26637449,DILJIT DOSANJH,Music,IN,person,224,Film & TV
2026-09-28,dishapatani,60318240,disha patani (paatni),Film & TV,IN,person,89,
2026-09-28,ds17_fg,5213373,Dennis Schröder,Sports,DE,person,693,
2026-09-28,dualipa,88761647,DUA LIPA,Music,GB,person,44,
2026-09-28,durefishans,8576907,Durefishan Saleem,Film & TV,PK,person,520,
2026-09-28,elalfaeljefe,13779854,Emanuel Herrera Batista,Music,DO,person,388,
2026-09-28,elliotpage,5040562,Elliot Page,Film & TV,CA,person,697,
2026-09-28,elrubiuswtf,17395206,el rubius WTF,Creators,ES,person,313,
2026-09-28,eminem,43889091,Marshall Mathers,Music,US,person,155,
2026-09-28,emmawatson,70891217,Emma Watson,Film & TV,GB,person,66,
2026-09-28,enhypen,22453301,ENHYPEN,Music,KR,org,252,
2026-09-28,farfetch,6141697,FARFETCH,Brands,PT,org,633,
2026-09-28,fariana,6495705,FARIANA,Music,CO,person,603,
2026-09-28,fcbarcelona,148874476,FC Barcelona,Sports,ES,org,25,
2026-09-28,fcbesports,638425,Barça eSports,Sports,ES,org,1623,
2026-09-28,fernandoalo_oficial,7893926,Fernando Alonso,Sports,ES,person,548,
2026-09-28,fifaworldcup,66997920,FIFA World Cup,Sports,,org,78,
2026-09-28,gal_gadot,103425662,Gal Gadot,Film & TV,IL,person,38,
2026-09-28,garethbale11,51090003,Gareth Bale,Sports,GB,person,126,
2026-09-28,geewonii,14251828,김지원,Film & TV,KR,person,375,
2026-09-28,georginagio,78301275,Georgina Rodríguez,Fashion & beauty,ES,person,56,
2026-09-28,ggonekim,6863956,Kim Go-eun,Film & TV,KR,person,587,
2026-09-28,gigihadid,73535566,Gigi Hadid,Fashion & beauty,US,person,64,
2026-09-28,giorgino_abraham,5950439,Papi G,Film & TV,ID,person,647,
2026-09-28,gongyoo_official,6093034,YOO,Film & TV,KR,person,639,
2026-09-28,gordongram,19490061,Gordon Ramsay,Film & TV,GB,person,281,
2026-09-28,got7.with.igot7,6260699,GOT7,Music,KR,org,628,
2026-09-28,goyounjung,13138281,고윤정,Film & TV,KR,person,400,
2026-09-28,gucci,50576736,GUCCI,Fashion & beauty,IT,org,129,
2026-09-28,gun_atthaphan,6318422,Atthaphan Phunsawat,Film & TV,TH,person,623,
2026-09-28,haileesteinfeld,20305403,hailee steinfeld,Film & TV,US,person,275,
2026-09-28,haileybieber,58762391,Hailey Rhode Bieber,Fashion & beauty,US,person,96,
2026-09-28,handemiyy,32226067,Hande Erçel,Film & TV,TR,person,194,
2026-09-28,hegdepooja,28059002,Pooja Hegde,Film & TV,IN,person,216,
2026-09-28,hi_high_hiy,24096960,황인엽,Film & TV,KR,person,244,
2026-09-28,hrvy,3378291,HRVY,Music,GB,person,833,
2026-09-28,hudabeauty,56238613,HUDA BEAUTY,Brands,,org,110,
2026-09-28,hunterschafer,6935261,Hunter,Film & TV,US,person,582,
2026-09-28,hye_yoon1110,6235171,김혜윤,Film & TV,KR,person,630,
2026-09-28,iamcardib,160966551,Cardi B,Music,US,person,23,
2026-09-28,illit_official,8121978,ILLIT 아일릿,Music,KR,org,540,
2026-09-28,illusomina,5912719,Shinmina,Film & TV,KR,person,650,
2026-09-28,imaginedragons,10066139,Imagine Dragons,Music,US,org,468,
2026-09-28,imhyoseop,14209245,안효섭,Film & TV,KR,person,376,
2026-09-28,instagram,686646691,Instagram,Brands,US,org,1,
2026-09-28,itsbobbyshmurda,4709420,Bobby Shmurda,Music,US,person,720,
2026-09-28,ivestarship,6958350,IVE 아이브,Music,KR,org,579,
2026-09-28,j.m,60141022,JIMIN,Music,KR,person,90,
2026-09-28,jackblack,16539725,Jack Black,Film & TV,US,person,330,
2026-09-28,jadelavoie,1334214,Jade Lavoie,Creators,CA,person,1290,
2026-09-28,jamesrodriguez10,50170625,James Rodríguez,Sports,CO,person,131,
2026-09-28,jamieoliver,10580952,Jamie Oliver,Film & TV,GB,person,460,
2026-09-28,janienineeleven,4686619,911,Music,US,person,721,
2026-09-28,jannatmirza_,6322524,Jannat Mirza,Creators,PK,person,622,
2026-09-28,jaytatum0,7150282,Jayson Tatum,Sports,US,person,570,
2026-09-28,jbayleaf,6630430,JONATHAN BAILEY,Film & TV,GB,person,598,
2026-09-28,jeffbezos,4999140,Jeff Bezos,Public figures,US,person,700,
2026-09-28,jennierubyjane,89450642,J,Music,KR,person,43,
2026-09-28,jichangwook,27538771,지창욱,Film & TV,KR,person,221,
2026-09-28,jilwww,4065062,정일우 JUNGILWOO,Film & TV,KR,person,765,
2026-09-28,jin,56619998,Jin of BTS,Music,KR,person,107,
2026-09-28,jlo,240039663,Jennifer Lopez,Music,US,person,17,Film & TV
2026-09-28,jmena,7038296,Jimena Barón,Music,AR,person,572,
2026-09-28,jolin_cai,4807151,JOLIN 蔡依林,Music,TW,person,713,
2026-09-28,joshlilj,6942300,𝐉𝐨𝐬𝐡 𝐋𝐢𝐥𝐣𝐞𝐧𝐪𝐮𝐢𝐬𝐭,Creators,US,person,580,
2026-09-28,juma_jux,8119544,Juma_jux,Music,TZ,person,542,
2026-09-28,justintimberlake,68894370,Justin Timberlake,Music,US,person,70,Film & TV
2026-09-28,juttaleerdam,6299770,Jutta Leerdam,Sports,NL,person,626,
2026-09-28,juventus,58989004,Juventus,Sports,IT,org,94,
2026-09-28,k.kbeom,6896673,김범 kimbum,Film & TV,KR,person,586,
2026-09-28,k.mbappe,136903776,Kylian Mbappé,Sports,FR,person,30,
2026-09-28,kagramana,4111901,Роман Каграманов,Music,RU,person,761,
2026-09-28,kajol,18732420,Kajol Devgan,Film & TV,IN,person,295,
2026-09-28,karimbenzema,74408796,Karim Benzema,Sports,FR,person,63,
2026-09-28,karolg,70424202,KAROL G,Music,CO,person,68,
2026-09-28,katrinakaif,78667226,Katrina Kaif,Film & TV,IN,person,55,
2026-09-28,katyperry,195310670,KATY PERRY,Music,US,person,19,
2026-09-28,kendalljenner,277518076,Kendall,Fashion & beauty,US,person,12,Film & TV
2026-09-28,kevinhart4real,171987777,Kevin Hart,Film & TV,US,person,22,
2026-09-28,khaby00,78028088,Khabane Lame,Creators,IT,person,58,
2026-09-28,khloekardashian,291581178,Khloé Kardashian,Film & TV,US,person,10,
2026-09-28,kimkardashian,343874686,Kim Kardashian,Film & TV,US,person,8,Fashion & beauty
2026-09-28,kingjames,153759549,kingjames,Sports,US,person,24,
2026-09-28,kourtneykardash,209201019,Kourtney Kardashian Barker,Film & TV,US,person,18,
2026-09-28,kristenanniebell,15818920,kristen bell,Film & TV,US,person,340,
2026-09-28,kritisanon,57920775,Kriti Sanon,Film & TV,IN,person,100,
2026-09-28,kwakdongyeon0,3778081,곽동연,Film & TV,KR,person,796,
2026-09-28,kygomusic,5533320,Kygo,Music,NO,person,666,
2026-09-28,kyliejenner,380854196,Kylie,Fashion & beauty,US,person,6,Film & TV
2026-09-28,ladygaga,61176650,Lady Gaga,Music,US,person,87,Film & TV
2026-09-28,lalalalisa_m,105978443,LISA,Music,TH,person,35,Film & TV
2026-09-28,laliga,55616595,LALIGA,Sports,ES,org,113,
2026-09-28,lanacondor,10587963,Lana Condor,Film & TV,US,person,459,
2026-09-28,lauraacunaayala,4406892,Laurita Acuña - Presentadora,Film & TV,CO,person,740,
2026-09-28,le2jh,8049021,이준호,Film & TV,KR,person,544,Music
2026-09-28,leagueoflegends,4594881,League of Legends,Brands,US,org,725,
2026-09-28,leesoohyuk,5374089,Lee Soo-hyuk,Film & TV,KR,person,675,
2026-09-28,leeyoum262,6308650,이유미,Film & TV,KR,person,625,
2026-09-28,lenameyerlandrut,5523137,Lena,Music,DE,person,667,
2026-09-28,leomessi,516996317,Leo Messi,Sports,AR,person,3,
2026-09-28,leonardodicaprio,58753339,Leonardo DiCaprio,Film & TV,US,person,97,
2026-09-28,lestikejora,28419499,Lestikejora,Music,ID,person,212,
2026-09-28,lewishamilton,44046335,Lewis Hamilton,Sports,GB,person,154,
2026-09-28,lizzobeeating,11181280,Lizzo,Music,US,person,446,
2026-09-28,logitechg,4339364,Logitech G,Brands,,org,743,
2026-09-28,louist91,18491364,Louis Tomlinson,Music,GB,person,300,
2026-09-28,luciia,3926945,Lucia Lachkovic,Public figures,SK,person,779,
2026-09-28,lululemon,5882855,lululemon,Fashion & beauty,CA,org,652,
2026-09-28,m_kayoung,13490334,MUN KA YOUNG,Film & TV,KR,person,390,
2026-09-28,maluma,63470971,MALUMA,Music,CO,person,83,
2026-09-28,manurios,9059865,Manu Rios,Film & TV,ES,person,503,
2026-09-28,marcelotwelve,67114592,Marcelo Vieira,Sports,BR,person,77,
2026-09-28,marvel,65117330,Marvel Entertainment,Brands,US,org,80,
2026-09-28,mercedesamgf1,16781265,Mercedes-AMG PETRONAS F1 Team,Sports,GB,org,325,
2026-09-28,michaelbjordan,25877121,Michael B. Jordan,Film & TV,US,person,236,
2026-09-28,minalkhan.official,10609278,Minal khan,Film & TV,PK,person,456,
2026-09-28,minniedlamini,5200345,Minnie Dlamini,Film & TV,ZA,person,690,
2026-09-28,montaner,8813397,Ricardo Montaner,Music,VE,person,511,
2026-09-28,mosalah,67928708,Mohamed Salah,Sports,EG,person,73,
2026-09-28,mrbeast,89769091,MrBeast,Creators,US,person,42,
2026-09-28,mrsamclaflin,3878696,Sam Claflin,Film & TV,GB,person,788,
2026-09-28,museelouvre,5341609,Musée du Louvre,Other,FR,org,677,
2026-09-28,my_songjihyo,3889961,송지효(Song Ji Hyo),Film & TV,KR,person,786,
2026-09-28,nala_cat,4260971,Nala Cat,Creators,,org,753,
2026-09-28,narendramodi,106784752,Narendra Modi,Public figures,IN,person,34,
2026-09-28,nasa,104335530,NASA,Media,US,org,36,
2026-09-28,natgeo,268514219,National Geographic,Media,US,org,15,
2026-09-28,nba,87946689,NBA,Sports,US,org,45,
2026-09-28,nehakakkar,76120771,Neha Kakkar,Music,IN,person,62,
2026-09-28,netflix,42403510,Netflix US,Film & TV,US,org,159,
2026-09-28,neymarjr,241793553,Neymar Jr,Sports,BR,person,16,
2026-09-28,nike,291104534,Nike,Brands,US,org,11,
2026-09-28,nina,27888005,Nina Dobrev,Film & TV,CA,person,217,
2026-09-28,odegaard.98,7759935,Martin Ødegaard,Sports,NO,person,553,
2026-09-28,olamide,11049913,Olamidé,Music,NG,person,448,
2026-09-28,oliviarodrigo,42299099,Olivia Rodrigo,Music,US,person,160,
2026-09-28,oohsehun,22084916,SEHUN,Music,KR,person,259,
2026-09-28,ozgecangurelofficial,6007675,Özge Gürel,Film & TV,TR,person,645,
2026-09-28,paulpogba,63482274,Paul Labile Shakur Pogba,Sports,FR,person,84,
2026-09-28,prattprattpratt,43085218,Chris Pratt,Film & TV,US,person,157,
2026-09-28,premierleague,80404540,Premier League,Sports,GB,org,52,
2026-09-28,priyankachopra,92888611,Priyanka,Film & TV,IN,person,41,
2026-09-28,psg,67377722,Paris Saint-Germain,Sports,FR,org,75,
2026-09-28,rachel_mypark,11943880,박민영 Park Min Young,Film & TV,KR,person,424,
2026-09-28,rafaelnadal,21075056,Rafa Nadal,Sports,ES,person,267,
2026-09-28,raftaarmusic,4045619,RAFTAAЯ,Music,IN,person,767,
2026-09-28,rayssalealsk8,8245339,Rayssa Leal,Sports,BR,person,537,
2026-09-28,realmadrid,181192162,Real Madrid C.F.,Sports,ES,org,20,
2026-09-28,realstraykids,33663286,Stray Kids,Music,KR,org,185,
2026-09-28,redvelvet.smtown,11543374,Red Velvet Official,Music,KR,org,435,
2026-09-28,rkive,53743144,RM,Music,KR,person,120,
2026-09-28,robertdowneyjr,58878522,Robert Downey Jr.,Film & TV,US,person,95,
2026-09-28,rogerfederer,13348819,Roger Federer,Sports,CH,person,397,
2026-09-28,ronaldinho,81093898,Ronaldo de Assis Moreira,Sports,BR,person,51,
2026-09-28,rosalia.vt,27836049,LA ROSALÍA,Music,ES,person,218,
2026-09-28,roses_are_rosie,83071293,ROSÉ,Music,NZ,person,49,
2026-09-28,sadiesink_,35099621,Sadie Sink,Film & TV,US,person,182,
2026-09-28,sangrejaponesa,7462507,EUGENIA,Film & TV,AR,person,563,
2026-09-28,sarahkhanofficial,12729124,Mrs.Falak,Film & TV,PK,person,403,
2026-09-28,saraya,5920708,Saraya Bevis,Sports,GB,person,649,
2026-09-28,schwarzenegger,26767332,Arnold Schwarzenegger,Film & TV,AT,person,223,Sports; Public figures
2026-09-28,seanmikekelly,12085051,Sean Kelly,Public figures,US,person,419,
2026-09-28,selenagomez,403119980,Selena Gomez,Music,US,person,4,Film & TV
2026-09-28,seokj1012,5106103,서강준,Film & TV,KR,person,696,
2026-09-28,seonho__kim,12949599,김선호,Film & TV,KR,person,402,
2026-09-28,serenawilliams,17803631,Serena Williams,Sports,US,person,307,
2026-09-28,sergioramos,69854025,Sergio Ramos,Sports,ES,person,69,
2026-09-28,seriea,12005690,Lega Serie A,Sports,IT,org,421,
2026-09-28,shakira,103325639,Shakira,Music,CO,person,39,
2026-09-28,shawnmendes,68606963,Shawn Mendes,Music,CA,person,72,
2026-09-28,shinhs831,5272389,신혜선 Shin hae sun,Film & TV,KR,person,684,
2026-09-28,shraddhakapoor,92935824,Shraddha,Film & TV,IN,person,40,
2026-09-28,sidhu_moosewala,18109993,Sidhu Moosewala (ਮੂਸੇ ਆਲਾ),Music,IN,person,304,
2026-09-28,simonebiles,11811918,SIMONE BILES,Sports,US,person,428,
2026-09-28,smtown,13916934,SM Entertainment Group,Music,KR,org,386,
2026-09-28,snoopdogg,86765590,snoopdogg,Music,US,person,47,
2026-09-28,somin_jj,6324694,정소민,Film & TV,KR,person,621,
2026-09-28,souhilamallem,5829095,سهيلة معلم | Souhila Mallem,Film & TV,DZ,person,655,
2026-09-28,sriritajensen,4118275,Sririta Jensen Narongdej,Film & TV,TH,person,760,
2026-09-28,ssinz7,14942845,박신혜/Shin Hye Park,Film & TV,KR,person,358,
2026-09-28,tagesschau,6977554,tagesschau,Media,DE,org,577,
2026-09-28,tatemcrae,10003214,Tate McRae,Music,CA,person,471,
2026-09-28,tavicastro,5026864,Tavi Castro,Creators,NL,person,699,
2026-09-28,taylorswift,272770194,Taylor Swift,Music,US,person,13,
2026-09-28,thebursin,11217227,Kerem Bürsin,Film & TV,TR,person,444,
2026-09-28,themuseumofmodernart,6133302,MoMA The Museum of Modern Art,Other,US,org,636,
2026-09-28,therock,381126565,Dwayne Johnson,Film & TV,US,person,5,Sports
2026-09-28,theweeknd,77702040,Abel,Music,CA,person,59,
2026-09-28,thv,76805852,V,Music,KR,person,60,
2026-09-28,tiaraandini,8256354,TIARA,Music,ID,person,536,
2026-09-28,tigerjackieshroff,39200987,Tiger shroff,Film & TV,IN,person,167,
2026-09-28,tinistoessel,21717055,tini,Music,AR,person,261,Film & TV
2026-09-28,tokyodisneyresort_official,4454874,東京ディズニーリゾート,Brands,JP,org,734,
2026-09-28,tomholland2013,68659771,Tom Holland,Film & TV,GB,person,71,
2026-09-28,toniruediger,13225910,Antonio Rüdiger,Sports,DE,person,399,
2026-09-28,trash_italiano,4430880,Trash Italiano,Media,,org,738,
2026-09-28,travisscott,58730991,flame,Music,US,person,98,
2026-09-28,uarmyhope,56747067,jhope,Music,KR,person,106,
2026-09-28,upworthy,4865157,Upworthy,Media,US,org,710,
2026-09-28,usainbolt,14061474,Usain St.Leo Bolt,Sports,JM,person,381,
2026-09-28,usher,14026859,Usher,Music,US,person,382,
2026-09-28,vanessahudgens,47728832,Vanessa Hudgens,Film & TV,US,person,138,Music
2026-09-28,vegetta777,6485134,Samuel De Luque,Creators,ES,person,604,
2026-09-28,victoriassecret,76769621,Victoria's Secret,Fashion & beauty,US,org,61,
2026-09-28,vindiesel,103470686,Vin Diesel,Film & TV,US,person,37,
2026-09-28,vinijr,64018976,Vinicius Jr.,Sports,BR,person,82,
2026-09-28,virat.kohli,271579871,Virat Kohli,Sports,IN,person,14,
2026-09-28,wdohwan,8386464,우도환,Film & TV,KR,person,528,
2026-09-28,willsmith,67670657,Will Smith,Film & TV,US,person,74,Music
2026-09-28,wjmild,3799003,𝑾𝑱𝑴𝑰𝑳𝑫,Film & TV,TH,person,793,
2026-09-28,xeesoxee,16717215,한소희,Film & TV,KR,person,328,
2026-09-28,yim_siwang,4290502,임시완,Film & TV,KR,person,748,
2026-09-28,yong.lixx,36612100,Felix,Music,AU,person,177,
2026-09-28,yoo_yeonseok,4505490,유연석,Film & TV,KR,person,732,
2026-09-28,yungmiami305,6406156,Caresha Brownlee,Music,US,person,612,
2026-09-28,zacefron,57549708,Zac Efron,Film & TV,US,person,102,
2026-09-28,zachking,31930891,Zach King,Creators,US,person,195,
2026-09-28,zara,61653426,ZARA,Fashion & beauty,ES,org,85,
2026-09-28,zaralarsson,13328164,Zara Larsson,Music,SE,person,395,
2026-09-28,zendaya,178632323,Zendaya,Film & TV,US,person,21,
2026-09-29,03_hu,4286818,박지후,Film & TV,KR,person,749,
2026-09-29,0529.jihoon.ig,7781635,박지훈 Park Jihoon,Music,KR,person,552,
2026-09-29,0myoung_0526,2014635,공명,Film & TV,KR,person,1051,
2026-09-29,0seungyeon,1671358,공승연,Film & TV,KR,person,1150,
2026-09-29,10042n00,1962770,나인우 NA INWOO,Film & TV,KR,person,1064,
2026-09-29,1jnnf,1101059,Jennifer Lawrence,Film & TV,US,person,1375,
2026-09-29,216jung,1070143,이민정,Film & TV,KR,person,1382,
2026-09-29,290_83,468185,이규형,Film & TV,KR,person,1783,
2026-09-29,2janejane,601418,이재인,Film & TV,KR,person,1652,
2026-09-29,2k,1325157,2K,Brands,US,org,1293,
2026-09-29,2xj_hee,1111420,진지희 JIN JI HEE,Film & TV,KR,person,1372,
2026-09-29,433,79649427,433,Media,,org,54,
2026-09-29,50cent,38697224,50 Cent,Music,US,person,171,
2026-09-29,9gag,51940550,9GAG: Go Fun The World,Media,HK,org,123,
2026-09-29,__matsumotokaren,631557,松本かれん( FRUITS ZIPPER ),Music,JP,person,1630,
2026-09-29,_ale_crippa_,428699,Alessia Crippa,Sports,IT,person,1822,
2026-09-29,_choiiii__,8920649,최현욱,Film & TV,KR,person,508,
2026-09-29,_maxhaase_,4135831,Max Haase - German Travel Influencer,Creators,DE,person,763,
2026-09-29,_ryeoun,3459196,려운,Film & TV,KR,person,820,
2026-09-29,_seorina,10031114,설인아 sᴇᴏʀɪɴᴀ,Film & TV,KR,person,469,
2026-09-29,a_n_o2mass,1494570,aNo2mass,Music,JP,person,1217,
2026-09-29,aagbanjh,2960143,안재현,Film & TV,KR,person,878,
2026-09-29,ab,15577525,Yawah Ben,Sports,US,person,348,
2026-09-29,abba,2238900,ABBA,Music,SE,org,997,
2026-09-29,abcnews,5819569,ABC News,Media,US,org,656,
2026-09-29,abdevilliers17,29534451,AB de Villiers,Sports,ZA,person,204,
2026-09-29,achilleidol,2591156,ACHILLE LAURO,Music,IT,person,938,
2026-09-29,acmilan,18192251,AC Milan,Sports,IT,org,302,
2026-09-29,actorsashapetrov,3142527,Alexander Petrov,Film & TV,RU,person,858,
2026-09-29,actorvijay,19122357,Vijay,Film & TV,IN,person,288,
2026-09-29,addnfahrer,510922,Addnfahrer,Film & TV,DE,person,1737,
2026-09-29,adele,55945246,Adele,Music,GB,person,111,
2026-09-29,adib.waez,276690,Adib Waez,Public figures,SY,person,1991,
2026-09-29,agazetaes,1242133,A Gazeta ES,Media,BR,org,1320,
2026-09-29,agustd,55089500,SUGA of BTS 민윤기,Music,KR,person,115,
2026-09-29,ahegerberg,743307,Ada Stolsmo Hegerberg,Sports,NO,person,1548,
2026-09-29,ahmedeldin,1173932,Ahmed Eldin | أحمد الدين,Media,KW,person,1349,
2026-09-29,aimpintongta,480663,Aim Pintongta,Public figures,TH,person,1766,
2026-09-29,akapismak,3066072,Aşkım Kapışmak,Public figures,TR,person,865,
2026-09-29,aksakfn12,2040804,김영광,Film & TV,KR,person,1044,
2026-09-29,akshaykumar,64929685,Akshay Kumar,Film & TV,IN,person,81,
2026-09-29,alanchikinchow,2220814,Alan Chikin Chow,Film & TV,US,person,1000,
2026-09-29,aleksandar_vuksanovic_official,382357,ACA LUKAS,Music,RS,person,1878,
2026-09-29,alexandramalenaleclerc,5607471,Alexandra Leclerc,Creators,FR,person,663,
2026-09-29,alexmortonmindset,991375,Alex Morton,Public figures,US,person,1422,
2026-09-29,alhadayacenter,2001315,الهدايا سنتر | Alhadaya Center,Brands,SA,org,1055,
2026-09-29,aliaabhatt,85259861,Alia Bhatt,Film & TV,IN,person,48,
2026-09-29,alishalehmann7,15005467,Alisha Lehmann,Sports,CH,person,355,
2026-09-29,alishbahannjum,3651541,ALISHBAH ANJUM,Creators,PK,person,802,
2026-09-29,alla_orfey,3771588,ALLA PUGACHEVA,Music,RU,person,797,
2026-09-29,allanbadillaofficial,430009,Allan Badilla Jiménez,Public figures,CR,person,1820,
2026-09-29,alxjames,992787,ALX JAMES,Creators,US,person,1420,
2026-09-29,amanzasmith,1292494,Amanza Smith,Fashion & beauty,US,person,1305,
2026-09-29,amberheard,4882923,Amber Heard,Film & TV,US,person,708,
2026-09-29,amitabhbachchan,36314587,Amitabh Bachchan,Film & TV,IN,person,178,
2026-09-29,amunstarr,2091848,Amun Starr,Music,US,person,1038,
2026-09-29,anabella,1433958,Anabella,Music,VE,person,1242,
2026-09-29,anamenaoficial,1581641,Ana Mena,Music,ES,person,1188,
2026-09-29,anan.ped,654655,Anan Ekchaweng,Creators,TH,person,1611,
2026-09-29,ananyapanday,26216849,Ananya,Film & TV,IN,person,232,
2026-09-29,andreas.szakacs,4081606,Andreas Szakacs,Public figures,US,person,764,
2026-09-29,andreaveresovaofficial,407104,Andrea Verešová Official,Fashion & beauty,SK,person,1848,
2026-09-29,andyle_official,704351,ANDY LE 武館,Film & TV,US,person,1573,
2026-09-29,angelbcuriel,412776,Angel Curiel,Film & TV,US,person,1840,
2026-09-29,anitta,61074542,Anitta,Music,BR,person,88,
2026-09-29,annacathcart,6315067,Anna Cathcart,Film & TV,CA,person,624,
2026-09-29,annafpadilla,922787,ANNA PADILLA,Creators,ES,person,1456,
2026-09-29,annehathaway,44537286,Anne Hathaway,Film & TV,US,person,149,
2026-09-29,anushkasharma,67291874,AnushkaSharma1588,Film & TV,IN,person,76,
2026-09-29,anyataylorjoy,12041667,Anya Taylor-Joy,Film & TV,GB,person,417,
2026-09-29,ardmediathek,1027621,ARD Mediathek,Media,DE,org,1403,
2026-09-29,arianagrande,362608861,Ariana Grande,Music,US,person,7,Film & TV
2026-09-29,artdikaya_,1984173,Anastasia Andreenkova,Creators,RU,person,1061,
2026-09-29,aruma.pe,501480,Aruma,Fashion & beauty,PE,org,1745,
2026-09-29,astridsofficial,584439,Astrid S,Music,NO,person,1664,
2026-09-29,asvindal,526510,Aksel Lund Svindal,Sports,NO,person,1715,
2026-09-29,athoms_mbuma,787531,Athom's Mbuma,Music,CD,person,1523,
2026-09-29,avani,14826165,avani,Creators,US,person,361,
2026-09-29,avpbeach,410213,AVP Pro Beach Volleyball,Sports,US,org,1844,
2026-09-29,ayanakamura_officiel,4794173,LA NAKAMURANCE,Music,FR,person,715,
2026-09-29,ayezakhan.ak,14633096,Ayeza Khan,Film & TV,PK,person,366,
2026-09-29,aymenabdennour_,2224348,Aymen Abdennour,Sports,TN,person,1002,
2026-09-29,aynuraydin,765409,Aynur Aydin,Music,TR,person,1533,
2026-09-29,aznar_pedro,532012,Pedro Aznar,Music,AR,person,1708,
2026-09-29,babygang_1,2959682,Baby Gang,Music,IT,person,877,
2026-09-29,badbunnypr,53385782,Benito Antonio,Music,PR,person,121,
2026-09-29,badgalriri,145772547,badgalriri,Music,BB,person,27,Fashion & beauty
2026-09-29,bakaprase,1714872,Bogdan Ilic,Music,RS,person,1127,
2026-09-29,balenshah,2404820,Balen,Music,NP,person,964,
2026-09-29,beingsalmankhan,72706391,Salman Khan,Film & TV,IN,person,65,
2026-09-29,bekvalceva,908357,Nataša Bekvalac,Music,RS,person,1461,
2026-09-29,belindabencic,444721,Belinda Bencic,Sports,SK,person,1801,
2026-09-29,bell.ysj,593440,양세종,Film & TV,KR,person,1657,
2026-09-29,bellahadid,59081199,Bella,Fashion & beauty,US,person,92,
2026-09-29,belonika,1116592,Ника Белоцерковская,Film & TV,RU,person,1371,
2026-09-29,beyonce,298988162,Beyoncé,Music,US,person,9,
2026-09-29,bigmatthewww,2704233,BM 비엠,Music,KR,person,909,
2026-09-29,billieeilish,123815070,BILLIE EILISH,Music,US,person,32,
2026-09-29,billkaulitz,2612701,Bill Kaulitz,Music,DE,person,929,
2026-09-29,biscuitdemer,3262191,Emilia,Creators,CM,person,842,
2026-09-29,blackpinkofficial,57715410,BLΛƆKPIИK,Music,KR,org,101,
2026-09-29,bleona,635091,B L E O N A,Music,US,person,1627,
2026-09-29,bloodyhawkofficial,232642,Bloody Hawk,Music,GR,person,2016,
2026-09-29,bni46,1976975,Bank Negara Indonesia,Brands,ID,org,1063,
2026-09-29,bobbialthoff,124,Teresa Keyla,Film & TV,US,person,2313,
2026-09-29,bokrkic,951733,Bojan Krkic,Sports,ES,person,1440,
2026-09-29,bondisands,1059223,Bondi Sands | Self Tan + Suncare,Brands,FR,org,1386,
2026-09-29,boniver,1065099,Bon Iver,Music,US,org,1383,
2026-09-29,booboo2injo,1452411,강기영 Kiyoung Kang,Film & TV,KR,person,1235,
2026-09-29,bpagester,1821244,BRIAN PAGE,Public figures,US,person,1101,
2026-09-29,britneyspears,41874397,Britney Spears,Music,US,person,162,
2026-09-29,brunomars,43571507,Bruno Mars,Music,US,person,156,
2026-09-29,bts.bighitofficial,81637688,BTS official,Music,KR,org,50,
2026-09-29,bundeswehr,642923,Bundeswehr,Public figures,DE,org,1621,
2026-09-29,bus.becauseofyouishine,1584758,BUS because of you i shine,Music,,org,1184,
2026-09-29,byunyohan_official,469683,변요한 ByunYohan,Film & TV,KR,person,1780,
2026-09-29,calle7panama,982218,CALLE 7 PANAMÁ,Film & TV,PA,org,1430,
2026-09-29,callmedoctor.p,154539,Dr. Kerry-Anne Perkins,Other,US,person,2074,
2026-09-29,callmikenzy,513370,Ezike uche Kelvin,Film & TV,NG,person,1734,
2026-09-29,calvinbecerra,731044,Calvin Becerra,Public figures,US,person,1557,
2026-09-29,camdenstewarts,927274,Camden Stewart,Music,GB,person,1454,
2026-09-29,camila_cabello,61609325,camila,Music,US,person,86,
2026-09-29,canal_in,346074,Canal IN,Media,BR,org,1920,
2026-09-29,candiceking,12042920,Candice King,Film & TV,US,person,418,
2026-09-29,canyon,2146414,Canyon,Brands,DE,org,1020,
2026-09-29,caradelevingne,38173006,Cara Delevingne,Fashion & beauty,GB,person,172,Film & TV
2026-09-29,cecaraznatovic,1218221,C E C A,Music,RS,person,1333,
2026-09-29,cesar_cultureg,2317962,César Roussel,Creators,FR,person,983,
2026-09-29,ch7hd_news,476945,Ch7HD News,Media,TH,org,1772,
2026-09-29,champagnepapi,139956732,champagnepapi,Music,US,person,28,
2026-09-29,championsleague,120595196,UEFA Champions League,Sports,,org,33,
2026-09-29,chandlerhallow,5181260,Chandler Hallow,Creators,US,person,694,
2026-09-29,chanelofficial,59022511,CHANEL,Brands,FR,org,93,
2026-09-29,chappellroan,7700860,･ﾟ: * Chappell Roan *:･ﾟ,Music,US,person,554,
2026-09-29,charlidamelio,40123448,charli,Creators,US,person,164,
2026-09-29,charlottewwe,5301679,Charlotte Flair,Sports,US,person,681,
2026-09-29,charmgirl_1005,1011140,박주현,Film & TV,KR,person,1407,
2026-09-29,chitpas,960385,Tant Chitpas Kridakon,Public figures,TH,person,1444,
2026-09-29,chocolatewhipcream,2078454,Shannel,Music,US,person,1037,
2026-09-29,chrisbrownofficial,139939533,BROWN,Music,US,person,29,
2026-09-29,chrisfroome,1052888,Chris Froome,Sports,GB,person,1390,
2026-09-29,chrishemsworth,58163724,Chris Hemsworth,Film & TV,AU,person,99,
2026-09-29,christianlalama,349346,c,Music,CA,person,1915,
2026-09-29,chuuo3o,2798692,츄,Music,KR,person,896,
2026-09-29,claudiashkim,591462,Claudia Kim • Soo Hyun 수현,Film & TV,KR,person,1659,
2026-09-29,clocksandcolours,627347,Clocks + Colours,Brands,CA,org,1634,
2026-09-29,clutchpoints,993857,ClutchPoints,Media,US,org,1419,
2026-09-29,coachstormy,1654083,Dr. Stormy Wellington,Public figures,US,person,1156,
2026-09-29,colorsxstudios,2436441,COLORS,Brands,,org,957,
2026-09-29,comedycentral,2530902,Comedy Central,Film & TV,US,org,947,
2026-09-29,cooperativa,1341003,Cooperativa,Media,CL,org,1287,
2026-09-29,cristiano,679319101,Cristiano Ronaldo,Sports,PT,person,2,
2026-09-29,culturetrip,604357,Culture Trip,Brands,GB,org,1650,
2026-09-29,daddyyankee,50594462,DY,Music,US,person,130,
2026-09-29,dahee0315,2359227,이다희,Film & TV,KR,person,970,
2026-09-29,danbilzerian,28653829,Dan Bilzerian,Creators,US,person,211,
2026-09-29,danieladarcourtoficial,3174582,Daniela Darcourt,Music,PE,person,854,
2026-09-29,danigambino_therockandrolla,124683,DANI THE PRINCE,Music,GR,person,2105,
2026-09-29,danishtaimoor16,8865831,Danish Taimoor,Film & TV,PK,person,509,
2026-09-29,darabubamara_official,1136292,Dara Bubamara,Music,RS,person,1359,
2026-09-29,dararolins_vermi,719213,Dara Rolins,Music,SK,person,1562,
2026-09-29,daryo.rasmiy,2148863,Daryo Nashri,Media,UZ,org,1017,
2026-09-29,davidalaba,15030267,David Alaba,Sports,AT,person,354,
2026-09-29,davidbeckham,87699329,David Beckham,Sports,GB,person,46,
2026-09-29,daviddobrik,9201685,DAVID DOBRIK,Creators,US,person,493,
2026-09-29,davidimonitie,477471,DAVID IMONITIE,Public figures,US,person,1771,
2026-09-29,ddlovato,147598617,Demi Lovato,Music,US,person,26,Film & TV
2026-09-29,deepikapadukone,78026228,दीपिका पादुकोण,Film & TV,IN,person,57,
2026-09-29,defrijuliant,346937,Defri Juliant,Music,ID,person,1917,
2026-09-29,delaneyrowe,1287025,Delaney Rowe,Film & TV,,person,1308,
2026-09-29,delaysports_berlin,589056,Delay Sports Berlin e.V,Sports,DE,org,1660,
2026-09-29,denise.mski,661293,Denise Mski,Creators,DE,person,1608,
2026-09-29,denyzee_,441644,DENYZEE,Creators,CA,person,1805,
2026-09-29,depthsofwikipedia,1652149,Wikipedia is weird!,Creators,US,org,1157,
2026-09-29,devinahermawan,1790772,Devina Hermawan,Public figures,ID,person,1111,
2026-09-29,diana_mondino,375001,Diana Mondino,Public figures,AR,person,1885,
2026-09-29,didibofficial,3346750,Didi B Mojaveli,Music,CI,person,836,
2026-09-29,diljitdosanjh,26638858,DILJIT DOSANJH,Music,IN,person,224,Film & TV
2026-09-29,dior,46627529,Dior Official,Fashion & beauty,FR,org,141,
2026-09-29,discord,2611085,Discord,Brands,US,org,930,
2026-09-29,dishapatani,60315430,disha patani (paatni),Film & TV,IN,person,89,
2026-09-29,divyakirti.vikas,2629578,Vikas Divyakirti,Film & TV,IN,person,928,
2026-09-29,dizastavina,105981,Dizasta Vina,Music,TZ,person,2115,
2026-09-29,dlehdgnl,1497344,이동휘,Film & TV,KR,person,1216,
2026-09-29,doctor.yousef,2241749,𝐃𝐫. 𝐘𝐨𝐮𝐬𝐞𝐟 𝐀𝐛𝐨 𝐙𝐚𝐫𝐚𝐝 | دكتور يوسف,Creators,SY,person,998,
2026-09-29,doflwl,1553196,윤승아,Film & TV,KR,person,1198,
2026-09-29,dogukangungor7,1559793,Doğukan Güngör,Film & TV,TR,person,1199,
2026-09-29,dojacat,24342039,Doja Cat,Music,US,person,243,
2026-09-29,domicibulkova,465589,Dominika Cibulkova,Sports,SK,person,1784,
2026-09-29,dongyoon_0712,697423,장동윤 Jang dong Yoon,Film & TV,KR,person,1582,
2026-09-29,douzefevrier,6777,Association Douzefevrier,Creators,FR,person,2276,
2026-09-29,dr_kasia_sterriker,1641073,Dr Eng. Kasia Sterriker,Other,,person,1170,
2026-09-29,dragana_mirkovic,1406345,Dragana Mirković,Music,RS,person,1253,
2026-09-29,ds17_fg,5213095,Dennis Schröder,Sports,DE,person,693,
2026-09-29,dualipa,88777788,DUA LIPA,Music,GB,person,44,
2026-09-29,dunknatachai,4267286,Dunk Natachai B.,Film & TV,TH,person,752,
2026-09-29,durefishans,8577922,Durefishan Saleem,Film & TV,PK,person,520,
2026-09-29,eceseckin,1808656,Ece Seçkin,Music,TR,person,1104,
2026-09-29,edenben_zaken,1130606,Eden Ben Zaken,Music,IL,person,1363,
2026-09-29,efprocycling,605879,EF Education–EasyPost,Sports,CH,org,1649,
2026-09-29,elalfaeljefe,13779462,Emanuel Herrera Batista,Music,DO,person,388,
2026-09-29,elenahuelva02,756463,ᴇʟᴇɴᴀ ʜᴜᴇʟᴠᴀ,Creators,ES,person,1537,
2026-09-29,ellendegeneres,129868586,Ellen DeGeneres,Film & TV,US,person,31,
2026-09-29,elliotpage,5040184,Elliot Page,Film & TV,CA,person,697,
2026-09-29,elmagopopoficial,1710347,El Mago Pop,Film & TV,ES,person,1133,
2026-09-29,elown_kiffnobeat,1754671,EANIE MEANIE ST THOMAS,Music,CI,person,1118,
2026-09-29,elrubiuswtf,17394663,el rubius WTF,Creators,ES,person,313,
2026-09-29,elsabinox,676278,SABINO - SabHop,Music,MX,person,1600,
2026-09-29,elsabois,1627026,Elsa Bois,Film & TV,FR,person,1172,
2026-09-29,elvirapitznerofficial,424277,ELVIRA PITZNER,Music,,person,1828,
2026-09-29,eminem,43886732,Marshall Mathers,Music,US,person,155,
2026-09-29,emmaellingsenn,630722,emma the vampire slayer,Creators,NO,person,1631,
2026-09-29,emmawatson,70891303,Emma Watson,Film & TV,GB,person,66,
2026-09-29,enhypen,22454239,ENHYPEN,Music,KR,org,252,
2026-09-29,enzo,1325751,Enzo Zidane,Sports,FR,person,1292,
2026-09-29,ericworre,869164,Eric Worre,Film & TV,US,person,1482,
2026-09-29,espn,28785751,ESPN,Media,US,org,209,
2026-09-29,esskateboarding,546198,éS Skateboarding,Brands,,org,1696,
2026-09-29,estevaowilian_,5265670,Estevão Willian,Sports,BR,person,685,
2026-09-29,eugene__jung,490327,정유진,Film & TV,KR,person,1756,
2026-09-29,evgenygrinko,520007,Evgeny Grinko,Music,RU,person,1726,
2026-09-29,fabirommel,663735,Fabi Rommel,Film & TV,DE,person,1606,
2026-09-29,fageras_sculpture,449655,Håkon Anton Fagerås,Other,NO,person,1794,
2026-09-29,fahd.el,1039000,Fahd EL,Creators,FR,person,1397,
2026-09-29,famousbirthdays,1824749,Famous Birthdays,Media,US,org,1096,
2026-09-29,farfetch,6141900,FARFETCH,Brands,PT,org,633,
2026-09-29,fariana,6495599,FARIANA,Music,CO,person,603,
2026-09-29,fcbarcelona,148883532,FC Barcelona,Sports,ES,org,25,
2026-09-29,fcbesports,638417,Barça eSports,Sports,ES,org,1623,
2026-09-29,federicabrignone,490207,Federica Brignone,Sports,IT,person,1757,
2026-09-29,felidonoseofficial,559272,Feli,Music,RO,person,1680,
2026-09-29,felipsuperior,747697,FELIP,Music,PH,person,1545,
2026-09-29,fernandoalo_oficial,7893850,Fernando Alonso,Sports,ES,person,548,
2026-09-29,fever_global,458927,Fever Global,Brands,ES,org,1789,
2026-09-29,fiawec_official,1419092,FIA World Endurance Championship,Sports,,org,1249,
2026-09-29,ficogutierrez,1289318,Fico Gutiérrez,Public figures,CO,person,1307,
2026-09-29,fifaworldcup,66992495,FIFA World Cup,Sports,,org,78,
2026-09-29,flograppling,1048433,FloGrappling,Sports,,org,1393,
2026-09-29,frida_aasen,1053970,Frida Aasen Chiabra,Fashion & beauty,NO,person,1389,
2026-09-29,fruits_zipper,815422,FRUITS ZIPPER【Official】,Music,JP,org,1507,
2026-09-29,fujiikaze,3405543,Fujii Kaze,Music,JP,person,826,
2026-09-29,g2esports,1354534,G2 Esports,Sports,ES,org,1279,
2026-09-29,gal_gadot,103415949,Gal Gadot,Film & TV,IL,person,38,
2026-09-29,galvaobjj,730385,Andre Galvao Official,Sports,BR,person,1553,
2026-09-29,ganni,1683024,GANNI,Fashion & beauty,DK,org,1148,
2026-09-29,garethbale11,51088990,Gareth Bale,Sports,GB,person,126,
2026-09-29,gatorsfb,611818,Florida Gators Football,Sports,US,org,1642,
2026-09-29,geewonii,14251564,김지원,Film & TV,KR,person,375,
2026-09-29,georgerussell63,9231566,George Russell,Sports,GB,person,489,
2026-09-29,georginagio,78287672,Georgina Rodríguez,Fashion & beauty,ES,person,56,
2026-09-29,geprekbensu,810734,Geprek Bensu,Brands,ID,org,1508,
2026-09-29,getyourguide,1717514,GetYourGuide,Brands,DE,org,1124,
2026-09-29,ggani8918,610008,김가은,Film & TV,KR,person,1644,
2026-09-29,ggonekim,6863772,Kim Go-eun,Film & TV,KR,person,587,
2026-09-29,gigihadid,73540773,Gigi Hadid,Fashion & beauty,US,person,64,
2026-09-29,ginta,990646,GINTA,Music,CH,person,1432,
2026-09-29,giorgino_abraham,5950416,Papi G,Film & TV,ID,person,647,
2026-09-29,gippygrewal,8001262,𝗚𝗶𝗽𝗽𝘆 𝗚𝗿𝗲𝘄𝗮𝗹,Film & TV,IN,person,546,Music
2026-09-29,givemesport,559463,GiveMeSport,Sports,,org,1679,
2026-09-29,glorykickboxing,1570838,GLORY Kickboxing,Brands,,org,1193,
2026-09-29,go_wonhee,856747,고원희 wonheego,Film & TV,KR,person,1487,
2026-09-29,goldenglare_,377667,Gold,Creators,CA,person,1881,
2026-09-29,gongyoo_official,6092758,YOO,Film & TV,KR,person,639,
2026-09-29,gordongram,19489788,Gordon Ramsay,Film & TV,GB,person,281,
2026-09-29,got7.with.igot7,6260557,GOT7,Music,KR,org,628,
2026-09-29,goyounjung,13148283,고윤정,Film & TV,KR,person,400,
2026-09-29,gucci,50579897,GUCCI,Fashion & beauty,IT,org,129,
2026-09-29,guerlain,2474454,Guerlain,Fashion & beauty,FR,org,952,
2026-09-29,gukesh.official,1675249,Gukesh,Sports,IN,person,1149,
2026-09-29,gun_atthaphan,6318464,Atthaphan Phunsawat,Film & TV,TH,person,623,
2026-09-29,guweiz,1132849,炜炜,Other,SG,person,1362,
2026-09-29,haileesteinfeld,20304766,hailee steinfeld,Film & TV,US,person,275,
2026-09-29,haileybieber,58762234,Hailey Rhode Bieber,Fashion & beauty,US,person,96,
2026-09-29,han_bling_,509671,한보름 Han BoReum,Film & TV,KR,person,1740,
2026-09-29,handemiyy,32227339,Hande Erçel,Film & TV,TR,person,194,
2026-09-29,harkat_zahra,648760,Zahraharkat,Film & TV,DZ,person,1615,
2026-09-29,harrystyles,45756309,Harry Styles,Music,GB,person,145,
2026-09-29,haseokjin,761446,하석진 Ha Seokjin,Film & TV,KR,person,1535,
2026-09-29,hayoonsong1202,755533,송하윤,Film & TV,KR,person,1539,
2026-09-29,heeae_official,492285,김희애 KIM HEE AE,Film & TV,KR,person,1754,
2026-09-29,hegdepooja,28058010,Pooja Hegde,Film & TV,IN,person,216,
2026-09-29,helenlindesgrif,369353,Helen Lindes Griffiths,Fashion & beauty,ES,person,1891,
2026-09-29,hellopapa11,1533985,임수향 Imsoohyang,Film & TV,KR,person,1203,
2026-09-29,henkeholm,646260,Henrik Holm,Film & TV,NO,person,1617,
2026-09-29,heosungtae,1343057,heosungtae,Film & TV,KR,person,1286,
2026-09-29,herthabsc,407739,Hertha BSC,Sports,DE,org,1846,
2026-09-29,hi_high_hiy,24098115,황인엽,Film & TV,KR,person,244,
2026-09-29,hihyunwoo,3265650,이현우,Film & TV,KR,person,841,
2026-09-29,hikaru_takahashi_official,685147,髙橋 ひかる,Film & TV,JP,person,1593,
2026-09-29,hjonghyun,1806259,홍종현,Film & TV,KR,person,1103,
2026-09-29,hoteldefamosos,333774,El hotel de los famosos,Film & TV,AR,org,1931,
2026-09-29,hotwiu30,1902935,WIU,Music,BR,person,1080,
2026-09-29,hrvy,3378244,HRVY,Music,GB,person,833,
2026-09-29,hudabeauty,56237023,HUDA BEAUTY,Brands,,org,110,
2026-09-29,hunterschafer,6935089,Hunter,Film & TV,US,person,582,
2026-09-29,huskervb,588743,Nebraska Volleyball,Sports,US,org,1661,
2026-09-29,hye_yoon1110,6234871,김혜윤,Film & TV,KR,person,630,
2026-09-29,hyello._.o,854384,Hyejun Kim,Film & TV,KR,person,1488,
2026-09-29,hyeon0_0soo,901746,김현수,Film & TV,KR,person,1463,
2026-09-29,hyorin_min,2178770,민효린,Film & TV,KR,person,1010,
2026-09-29,hyunbeenshin,671946,신현빈 Hyunbeen Shin,Film & TV,KR,person,1603,
2026-09-29,hyuniiiiiii_95917,1371300,Nam Ji-hyun,Film & TV,KR,person,1269,
2026-09-29,iamcardib,160964411,Cardi B,Music,US,person,23,
2026-09-29,iamjuhichawla,2328242,Juhi Chawla Mehta,Film & TV,IN,person,981,
2026-09-29,iamsarkivibez,723,Sarki Vibez,Music,NG,person,2299,
2026-09-29,iamsrk,48404172,Shah Rukh Khan,Film & TV,IN,person,136,
2026-09-29,ianmckellen,3099929,Ian McKellen,Film & TV,GB,person,862,
2026-09-29,iconosquare,557004,Positive Iconosquare,Brands,FR,org,1682,
2026-09-29,ifridag,1559163,Frida Sofia,Music,US,person,1196,
2026-09-29,ihibaqadir,2325311,Hiba Qadir ہبّہ قادر,Film & TV,PK,person,982,
2026-09-29,ikeausa,2605608,IKEA USA,Brands,SE,org,932,
2026-09-29,illit_official,8123957,ILLIT 아일릿,Music,KR,org,540,
2026-09-29,illusomina,5912577,Shinmina,Film & TV,KR,person,650,
2026-09-29,ilmeteoit,488590,iLMeteo,Media,IT,org,1759,
2026-09-29,imaginedragons,10065924,Imagine Dragons,Music,US,org,468,
2026-09-29,imbosslee,319727,Jessie Lee Ward,Creators,US,person,1946,
2026-09-29,imhyoseop,14208804,안효섭,Film & TV,KR,person,376,
2026-09-29,impactorpjb,598569,박지빈,Film & TV,KR,person,1653,
2026-09-29,ingrid_engen,475258,Ingrid Engen,Sports,NO,person,1773,
2026-09-29,ingshin21,760711,Paetongtarn Shinawatra,Public figures,TH,person,1536,
2026-09-29,inhyuk_bb,2848602,배인혁,Film & TV,KR,person,890,
2026-09-29,inna,3593219,INNA,Music,RO,person,806,
2026-09-29,instagram,686623692,Instagram,Brands,US,org,1,
2026-09-29,instantpotofficial,547745,Instant Pot,Brands,,org,1694,
2026-09-29,investopedia,551900,Investopedia,Media,,org,1687,
2026-09-29,irmasongs,1123148,Irma,Music,CM,person,1365,
2026-09-29,isabel.s.larosa,822352,Isabel LaRosa,Music,US,person,1503,
2026-09-29,isabellacastillodv,1640863,Isabella Castillo,Film & TV,US,person,1163,
2026-09-29,ishankishan23,11271986,Ishan Kishan,Sports,IN,person,439,
2026-09-29,itisriti,2659006,Sriti Jha,Film & TV,IN,person,918,
2026-09-29,itsbobbyshmurda,4709148,Bobby Shmurda,Music,US,person,720,
2026-09-29,itsdanielmac,2781454,Daniel Mac,Creators,US,person,898,
2026-09-29,itsfunneh,607504,ItsFunneh,Creators,CA,person,1647,
2026-09-29,itslopez,1250572,Laia López,Other,ES,person,1319,
2026-09-29,itsmorissette,947830,Morissette,Music,PH,person,1445,
2026-09-29,itzanthonynap,433522,Anthony Napolitano,Public figures,US,person,1814,
2026-09-29,ivantapiav,359597,Ivan Tapia,Other,MX,person,1905,
2026-09-29,ivestarship,6958089,IVE 아이브,Music,KR,org,579,
2026-09-29,iwonhoyou,2476780,원호 WONHO,Music,KR,person,951,
2026-09-29,j.m,60136260,JIMIN,Music,KR,person,90,
2026-09-29,j0i3n2a9,546644,원진아,Film & TV,KR,person,1695,
2026-09-29,jackblack,16539468,Jack Black,Film & TV,US,person,330,
2026-09-29,jadelavoie,1334194,Jade Lavoie,Creators,CA,person,1290,
2026-09-29,jahdedios,835010,Justin De Dios,Music,PH,person,1499,
2026-09-29,jakewarden,1569111,Jake Warden,Creators,US,person,1194,
2026-09-29,jakobing,888045,Jakob A. Ingebrigtsen,Sports,NO,person,1471,
2026-09-29,jalabrat,877541,Jala Brat,Music,BA,person,1476,
2026-09-29,james.spmk,2142132,JAMES SU,Film & TV,TH,person,1021,
2026-09-29,jamesenglish2,552714,James English,Creators,,person,1686,
2026-09-29,jameslafferty,1472150,James Lafferty,Film & TV,US,person,1226,
2026-09-29,jamesrodriguez10,50166561,James Rodríguez,Sports,CO,person,131,
2026-09-29,jamieoliver,10580856,Jamie Oliver,Film & TV,GB,person,460,
2026-09-29,janerichsen,819158,Jan Hakon Erichsen,Creators,NO,person,1504,
2026-09-29,janetsworld3,2344650,Janet Dannehl - Luxury Travel & Adventure,Creators,DE,person,980,
2026-09-29,janfrodeno,564539,Jan Frodeno,Sports,DE,person,1672,
2026-09-29,janienineeleven,4686584,911,Music,US,person,721,
2026-09-29,jannatmirza_,6322580,Jannat Mirza,Creators,PK,person,622,
2026-09-29,jantelov1,518586,Petter Northug Jr,Sports,NO,person,1727,
2026-09-29,jaya.ahsan,3301868,Jaya Ahsan,Film & TV,IN,person,838,
2026-09-29,jaykaykenny,192878,SHORTMAN,Film & TV,NG,person,2048,
2026-09-29,jaytatum0,7149941,Jayson Tatum,Sports,US,person,570,
2026-09-29,jbalvin,49237416,J Balvin,Music,CO,person,133,
2026-09-29,jbayleaf,6630321,JONATHAN BAILEY,Film & TV,GB,person,598,
2026-09-29,jeffbezos,4999066,Jeff Bezos,Public figures,US,person,700,
2026-09-29,jennierubyjane,89445711,J,Music,KR,person,43,
2026-09-29,jeon.yeobeen,1831896,전여빈 Yeobeen Jeon,Film & TV,KR,person,1093,
2026-09-29,jeremyleeminer,1437120,Jeremy Miner,Public figures,US,person,1240,
2026-09-29,jessicasenra,997824,Jessica Senra,Media,BR,person,1417,
2026-09-29,jessicaspringsteen,423005,Jessica Springsteen,Sports,US,person,1831,
2026-09-29,jessilane,1359829,Jessi Alves,Other,BR,person,1278,
2026-09-29,jessismiles__,354674,Jessi Smiles,Music,US,person,1912,
2026-09-29,jichangwook,27538785,지창욱,Film & TV,KR,person,221,
2026-09-29,jilwww,4065216,정일우 JUNGILWOO,Film & TV,KR,person,765,
2026-09-29,jin,56618357,Jin of BTS,Music,KR,person,107,
2026-09-29,jinjoo1224,1002416,박진주,Film & TV,KR,person,1412,
2026-09-29,jinkijoo,2507697,진기주,Film & TV,KR,person,949,
2026-09-29,jinseyun.go,523662,진세연,Film & TV,KR,person,1719,
2026-09-29,jinuk0916,1143019,Lee Jinuk 이진욱,Film & TV,KR,person,1358,
2026-09-29,jiraishin99,1687588,KIM JIHUN,Film & TV,KR,person,1146,
2026-09-29,jj_1986_jj,2497778,𝐊𝐈𝐌𝐉𝐀𝐄𝐉𝐎𝐎𝐍𝐆,Music,KR,person,950,
2026-09-29,jj_minii,395505,서은수,Film & TV,KR,person,1859,
2026-09-29,jlo,240034690,Jennifer Lopez,Music,US,person,17,Film & TV
2026-09-29,jmena,7038393,Jimena Barón,Music,AR,person,572,
2026-09-29,johanneshk,746336,Johannes Høsflot Klæbo,Sports,NO,person,1546,
2026-09-29,johaugtherese,491288,Therese,Sports,NO,person,1755,
2026-09-29,jolin_cai,4807150,JOLIN 蔡依林,Music,TW,person,713,
2026-09-29,jonasems,1574430,Jonas Ems,Film & TV,DE,person,1192,
2026-09-29,jonasvingegaard,1007490,Jonas Vingegaard,Sports,,person,1410,
2026-09-29,josefinfrid,1233178,JOSEFINE FRIDA,Film & TV,NO,person,1326,
2026-09-29,josegordo.eu,459239,JOSE GORDO,Public figures,ES,person,1788,
2026-09-29,josh_cullen_s,709306,JOSH CULLEN,Music,PH,person,1569,
2026-09-29,joshlilj,6942246,𝐉𝐨𝐬𝐡 𝐋𝐢𝐥𝐣𝐞𝐧𝐪𝐮𝐢𝐬𝐭,Creators,US,person,580,
2026-09-29,josip_heit,773164,Josip Heit,Public figures,HR,person,1531,
2026-09-29,joyannreid,1511225,Joy-Ann Reid,Media,US,person,1211,
2026-09-29,joyridesweets,2125,JOYRIDE,Brands,US,org,2290,
2026-09-29,jrjswn,1234635,정건주,Film & TV,KR,person,1325,
2026-09-29,juanfutbol,689960,juanfutbol,Sports,MX,org,1589,
2026-09-29,juhiparmar,1393772,Juhi Parmar,Film & TV,IN,person,1260,
2026-09-29,juliaaburch,1995828,Julia Burch,Creators,CA,person,1056,
2026-09-29,juma_jux,8119539,Juma_jux,Music,TZ,person,542,
2026-09-29,jungdabiny,676668,정다빈,Film & TV,KR,person,1599,
2026-09-29,jungeum1984,497,Hwang Jung Eum,Music,KR,person,2304,
2026-09-29,jungeunchae_,662609,jungeunchae,Film & TV,KR,person,1607,
2026-09-29,junghyesung91,487328,Jung hye sung,Film & TV,KR,person,1761,
2026-09-29,jungyumigram,518047,jungyumi,Film & TV,KR,person,1729,
2026-09-29,juninhomanella,3019351,Junior Manella,Creators,BR,person,869,
2026-09-29,justintimberlake,68893553,Justin Timberlake,Music,US,person,70,Film & TV
2026-09-29,juttaleerdam,6299511,Jutta Leerdam,Sports,NL,person,626,
2026-09-29,juventus,58986171,Juventus,Sports,IT,org,94,
2026-09-29,k.a_innsoo,1777683,유인수,Film & TV,KR,person,1116,
2026-09-29,k.kbeom,6896431,김범 kimbum,Film & TV,KR,person,586,
2026-09-29,k.mbappe,136896311,Kylian Mbappé,Sports,FR,person,30,
2026-09-29,k_hanna_,2002827,강한나 / ʜᴀɴɴᴀ ᴋᴀɴɢ,Film & TV,KR,person,1054,
2026-09-29,kagramana,4111856,Роман Каграманов,Music,RU,person,761,
2026-09-29,kajol,18731790,Kajol Devgan,Film & TV,IN,person,295,
2026-09-29,kanghaneul_official,730214,강하늘,Film & TV,KR,person,1554,
2026-09-29,kanwal.135,4735121,Kanwal Aftab,Creators,PK,person,718,
2026-09-29,kaoru.m.0520,1339526,三笘薫,Sports,JP,person,1288,
2026-09-29,kareenakapoorkhan,14015368,Kareena Kapoor Khan,Film & TV,IN,person,384,
2026-09-29,karimbenzema,74409019,Karim Benzema,Sports,FR,person,63,
2026-09-29,karolg,70436037,KAROL G,Music,CO,person,68,
2026-09-29,karolinakurkova,1084626,Karolina Kurkova,Film & TV,SK,person,1380,
2026-09-29,karza0n,550268,Karzan Hisham,Creators,IQ,person,1692,
2026-09-29,katrinakaif,78661315,Katrina Kaif,Film & TV,IN,person,55,
2026-09-29,katy_ann_xo,649269,Katy Ann,Film & TV,US,person,1613,
2026-09-29,katyperry,195305000,KATY PERRY,Music,US,person,19,
2026-09-29,kayavine,1269821,Kay Lertsittichai,Creators,TH,person,1312,
2026-09-29,kaznews,1110507,NUR.KZ,Media,KZ,org,1373,
2026-09-29,kelliegerardi,1425812,Kellie Gerardi,Media,US,person,1247,
2026-09-29,kelogsloops,1429080,the art of hieu,Creators,,person,1246,
2026-09-29,kendalljenner,277513077,Kendall,Fashion & beauty,US,person,12,Film & TV
2026-09-29,kendokaponi,2239399,El grinch,Music,US,person,996,
2026-09-29,kenzo,2173709,KENZO,Brands,FR,org,1011,
2026-09-29,kevinhart4real,171980826,Kevin Hart,Film & TV,US,person,22,
2026-09-29,khaby00,78018488,Khabane Lame,Creators,IT,person,58,
2026-09-29,khloekardashian,291572542,Khloé Kardashian,Film & TV,US,person,10,
2026-09-29,kikkafede88,2004523,Federica Pellegrini,Sports,IT,person,1053,
2026-09-29,kimheebibi,585586,김희정 Kim Hee Jung,Film & TV,KR,person,1663,
2026-09-29,kimjiseok16,377716,김지석,Film & TV,KR,person,1882,
2026-09-29,kimkardashian,343869701,Kim Kardashian,Film & TV,US,person,8,Fashion & beauty
2026-09-29,kingjames,153772357,kingjames,Sports,US,person,24,
2026-09-29,kj_ieun,1380746,김지은,Film & TV,KR,person,1266,
2026-09-29,kollegahderboss,2104492,FELIX BLUME,Music,DE,person,1029,
2026-09-29,kopular,1259545,고경표 Ko kyung pyo,Film & TV,KR,person,1317,
2026-09-29,kourtneykardash,209193328,Kourtney Kardashian Barker,Film & TV,US,person,18,
2026-09-29,krisjenner,50113286,Kris Jenner,Film & TV,US,person,132,
2026-09-29,kristenanniebell,15819152,kristen bell,Film & TV,US,person,340,
2026-09-29,kritisanon,57918276,Kriti Sanon,Film & TV,IN,person,100,
2026-09-29,krw810319,485941,Kim Raewon,Film & TV,KR,person,1763,
2026-09-29,kto940620,2718140,강태오,Film & TV,KR,person,905,
2026-09-29,kurtisconner,1464620,kurtis conner,Film & TV,CA,person,1229,
2026-09-29,kurzgesagt,1606375,Kurzgesagt - In a nutshell,Creators,DE,org,1178,
2026-09-29,kwakdongyeon0,3777998,곽동연,Film & TV,KR,person,796,
2026-09-29,kygomusic,5533353,Kygo,Music,NO,person,666,
2026-09-29,kyliejenner,380846826,Kylie,Fashion & beauty,US,person,6,Film & TV
2026-09-29,l__lijah,392190,Lee Elijah,Film & TV,KR,person,1865,
2026-09-29,ladipoe,709222,Leader of The Revival,Music,NG,person,1568,
2026-09-29,ladygaga,61175251,Lady Gaga,Music,US,person,87,Film & TV
2026-09-29,lalalalisa_m,105985875,LISA,Music,TH,person,35,Film & TV
2026-09-29,laliga,55617834,LALIGA,Sports,ES,org,113,
2026-09-29,lanacondor,10587317,Lana Condor,Film & TV,US,person,459,
2026-09-29,lanzanipeter,697941,Peter Lanzani,Film & TV,AR,person,1580,
2026-09-29,lasselom,593017,Lasse L. Matberg,Creators,NO,person,1658,
2026-09-29,laterkader,653799,EHG,Other,,person,1612,
2026-09-29,lauraacunaayala,4406930,Laurita Acuña - Presentadora,Film & TV,CO,person,740,
2026-09-29,laurawontorra,611403,Laura Wontorra | TV Host Sports & Show | Founder,Film & TV,DE,person,1643,
2026-09-29,lavanyavikram_,1098702,Lavanya Vikram | Dubai Influencer,Creators,IN,person,1377,
2026-09-29,laylayyo,708456,Talay Sanguandikul,Film & TV,TH,person,1570,
2026-09-29,le2jh,8048945,이준호,Film & TV,KR,person,544,Music
2026-09-29,leagueoflegends,4594805,League of Legends,Brands,US,org,725,
2026-09-29,leechungah,1171622,Chung Ah Lee 이청아,Film & TV,KR,person,1351,
2026-09-29,leejunhyuk05,992332,이준혁,Film & TV,KR,person,1421,
2026-09-29,leesoohyuk,5374047,Lee Soo-hyuk,Film & TV,KR,person,675,
2026-09-29,leeyoum262,6308246,이유미,Film & TV,KR,person,625,
2026-09-29,lelepons,52103528,Lele Pons,Creators,VE,person,122,
2026-09-29,lenameyerlandrut,5523112,Lena,Music,DE,person,667,
2026-09-29,leomessi,516978071,Leo Messi,Sports,AR,person,3,
2026-09-29,leonardodicaprio,58749407,Leonardo DiCaprio,Film & TV,US,person,97,
2026-09-29,lestikejora,28419178,Lestikejora,Music,ID,person,212,
2026-09-29,lewishamilton,44051798,Lewis Hamilton,Sports,GB,person,154,
2026-09-29,lilmabu,1646738,mabu,Music,US,person,1159,
2026-09-29,lindseyvonn,3615346,L I N D S E Y • V O N N,Sports,US,person,804,
2026-09-29,lisa_buckwitz,451460,Lιѕa Вυcĸwιтz OLY,Sports,DE,person,1792,
2026-09-29,lizzobeeating,11180707,Lizzo,Music,US,person,446,
2026-09-29,logitech,884645,Logitech,Brands,US,org,1474,
2026-09-29,logitechg,4339431,Logitech G,Brands,,org,743,
2026-09-29,lolojones,541644,Lolo Jones,Sports,US,person,1699,
2026-09-29,lostfrequencies,1452572,Lost Frequencies,Music,BE,person,1233,
2026-09-29,louist91,18490494,Louis Tomlinson,Music,GB,person,300,
2026-09-29,louisvuitton,55094684,Louis Vuitton,Fashion & beauty,FR,org,116,
2026-09-29,lovejoyonline,360944,Lovejoy Band,Music,GB,org,1903,
2026-09-29,loverrukk,4344697,Love Pattranite (เลิฟ),Film & TV,TH,person,742,
2026-09-29,loveyoonsea,551060,윤세아,Film & TV,KR,person,1688,
2026-09-29,lovingtanofficial,677384,Loving Tan,Brands,AU,org,1598,
2026-09-29,lrzammit,438036,Louis Rees-Zammit,Sports,GB,person,1809,
2026-09-29,lucaslynggaardtonnesen,391172,Lucas Lynggaard Tønnesen,Film & TV,,person,1866,
2026-09-29,luciadelapuerta,1084309,Lucia de la puerta,Sports,ES,person,1379,
2026-09-29,luciia,3926900,Lucia Lachkovic,Public figures,SK,person,779,
2026-09-29,lucypug,720749,Lucy,Creators,SK,person,1561,
2026-09-29,luisier_affineur_fromages,864208,Luisier Affineur,Creators,CH,person,1483,
2026-09-29,lululemon,5883479,lululemon,Fashion & beauty,CA,org,652,
2026-09-29,lunga_49,510413,Lung-A ลุงเอ,Creators,TH,person,1739,
2026-09-29,luzvaldezmx,467332,Luz Valdez,Creators,MX,person,1782,
2026-09-29,lysandrenadeau,486425,Lysandre Nadeau,Creators,CA,person,1762,
2026-09-29,m_kayoung,13490268,MUN KA YOUNG,Film & TV,KR,person,390,
2026-09-29,magicspooncereal,424726,Magic Spoon,Brands,US,org,1826,
2026-09-29,magnus_carlsen,2406563,Magnus Carlsen,Sports,NO,person,963,
2026-09-29,majkspirit,569370,Spirit,Music,SK,person,1669,
2026-09-29,maligoshik,2630729,Anna Malygon,Creators,UA,person,924,
2026-09-29,maluma,63476102,MALUMA,Music,CO,person,83,
2026-09-29,mammootty,5218216,Mammootty,Film & TV,IN,person,689,
2026-09-29,mangelrogel,2600486,Mangel,Creators,ES,person,935,
2026-09-29,manurios,9059355,Manu Rios,Film & TV,ES,person,503,
2026-09-29,manutd,66127608,Manchester United,Sports,GB,org,79,
2026-09-29,maphramusic,805085,MAPHRA,Music,,person,1513,
2026-09-29,marcel__hirscher,750490,Marcel Hirscher,Sports,AT,person,1542,
2026-09-29,marcelotwelve,67112146,Marcelo Vieira,Sports,BR,person,77,
2026-09-29,marcomaterazzi,1208544,Marco Materazzi,Sports,IT,person,1339,
2026-09-29,marekhamsik17,863736,Marek Hamšík,Sports,SK,person,1484,
2026-09-29,maria.svarbova,412358,MARIA SVARBOVA,Media,SK,person,1841,
2026-09-29,martin37skrtel,837873,Martin Skrtel OFFICIAL,Sports,SK,person,1497,
2026-09-29,marvel,65124520,Marvel Entertainment,Brands,US,org,80,
2026-09-29,maryfer_centeno,1002370,MaryFer Centeno Grafologa,Public figures,MX,person,1414,
2026-09-29,massimobottura,1634099,Massimo Bottura,Public figures,IT,person,1168,
2026-09-29,mattdavella,356327,Matt D'Avella,Film & TV,,person,1910,
2026-09-29,matthewcookofficial,745262,Matthew Cook,Film & TV,AU,person,1552,
2026-09-29,matthewlillard,2597729,Matthew Lillard,Film & TV,US,person,936,
2026-09-29,matthewolivierx,1294471,Matthew Olivier,Public figures,CA,person,1303,
2026-09-29,maybemollyyy,436694,Molly Little,Film & TV,US,person,1810,
2026-09-29,mazdafar.momeni,1632569,مزدافَر مؤمنی,Public figures,IR,person,1169,
2026-09-29,mechisoy,1609417,ℳ𝑒𝓇𝒸𝑒𝒹𝑒𝓈 ℒ𝒶𝓂𝒷𝓇𝑒,Music,AR,person,1176,
2026-09-29,medwed33,1315519,Medvedev Daniil,Sports,RU,person,1299,
2026-09-29,meennicha8,1794456,ᵂ ˡ † ᴴ,Sports,TH,person,1110,
2026-09-29,melaniecmusic,1298384,Melanie C,Music,GB,person,1301,
2026-09-29,melrosemichaels,318759,MΞLЯ0SΞ MICHAΞLS,Creators,US,person,1948,
2026-09-29,mercedesamgf1,16783247,Mercedes-AMG PETRONAS F1 Team,Sports,GB,org,325,
2026-09-29,metegokofficial,621442,Mete GÖK,Film & TV,TR,person,1638,
2026-09-29,miatalerico101,1368534,Mia Talerico,Film & TV,US,person,1271,
2026-09-29,michaelbjordan,25875990,Michael B. Jordan,Film & TV,US,person,236,
2026-09-29,michelleyeoh_official,2714370,Michelle Yeoh 楊紫瓊,Film & TV,MY,person,906,
2026-09-29,mickey.a.np,687966,Mickey ANP,Sports,US,person,1591,
2026-09-29,mikaelashiffrin,1688943,MIKAELA SHIFFRIN,Sports,US,person,1145,
2026-09-29,milanskriniar,1460909,Milan Škriniar,Sports,SK,person,1231,
2026-09-29,min_namkoong,1798661,남궁민,Film & TV,KR,person,1108,
2026-09-29,minalkhan.official,10609255,Minal khan,Film & TV,PK,person,456,
2026-09-29,minhakim__,532450,Minha Kim,Film & TV,KR,person,1707,
2026-09-29,minkakelly,1395392,Minka Kelly,Film & TV,US,person,1256,
2026-09-29,minniedlamini,5200315,Minnie Dlamini,Film & TV,ZA,person,690,
2026-09-29,mishaetalex,532518,𝑴𝒊𝒔𝒉𝒂 & 𝑨𝒍𝒆𝒙,Creators,FR,person,1706,
2026-09-29,missbotez,977031,Alexandra Botez,Creators,US,person,1436,
2026-09-29,mixxiw,3779860,Mixxiw,Film & TV,TH,person,795,
2026-09-29,mmarkpkk,2693739,Pakin Kunaanuwit,Film & TV,TH,person,913,
2026-09-29,mohammedelkurd,950328,محمد الكرد,Media,PS,person,1442,
2026-09-29,mollymae,8705314,Molly-Mae,Creators,GB,person,513,
2026-09-29,moni.farro,1051644,Monica Farro,Film & TV,UY,person,1391,
2026-09-29,monroviaboy,1046770,Mon Rovîa,Music,,person,1394,
2026-09-29,monsieur_proff,1021189,Monsieur Prof,Creators,GB,person,1404,
2026-09-29,montaner,8813688,Ricardo Montaner,Music,VE,person,511,
2026-09-29,mora,3706929,Mora,Music,US,person,800,
2026-09-29,mortenharket,175954,Morten Harket,Music,NO,person,2055,
2026-09-29,mosalah,67925638,Mohamed Salah,Sports,EG,person,73,
2026-09-29,moshereuven,1701255,𝗠𝗢𝗦𝗛𝗘 𝗥𝗘𝗨𝗩𝗘𝗡,Music,US,person,1137,
2026-09-29,mothermothermusic,693469,Mother Mother,Music,CA,org,1584,
2026-09-29,moynislam,469134,Moyn Islam,Public figures,GB,person,1781,
2026-09-29,mr.car,1134530,mr.car,Public figures,NO,person,1361,
2026-09-29,mrbeast,89876215,MrBeast,Creators,US,person,42,
2026-09-29,mrs.julezz,439,Julezz.offiziell,Creators,DE,person,2306,
2026-09-29,mrsamclaflin,3878647,Sam Claflin,Film & TV,GB,person,788,
2026-09-29,msblairewhite,523354,BLAIRE WHITE,Creators,US,person,1720,
2026-09-29,museelouvre,5341707,Musée du Louvre,Other,FR,org,677,
2026-09-29,my_songjihyo,3889913,송지효(Song Ji Hyo),Film & TV,KR,person,786,
2026-09-29,mynameis_yim,1314941,mynameis_yim,Film & TV,TH,person,1298,
2026-09-29,nadegeimpote,899813,Nadege Impote,Music,CD,person,1464,
2026-09-29,nagore_robles,1385958,Nagore Robles,Creators,ES,person,1262,
2026-09-29,nala_cat,4260939,Nala Cat,Creators,,org,753,
2026-09-29,nanon_korapat,5880733,NANON,Film & TV,TH,person,653,
2026-09-29,naosalvo,393927,Cid NaoSalvo,Creators,BR,person,1860,
2026-09-29,nardwuar,2650759,The Human Serviette,Sports,CA,person,919,
2026-09-29,narendramodi,106771999,Narendra Modi,Public figures,IN,person,34,
2026-09-29,nasa,104328561,NASA,Media,US,org,36,
2026-09-29,nat.natasit,1265144,Natasit Uareksit,Film & TV,TH,person,1314,
2026-09-29,natgeo,268506757,National Geographic,Media,US,org,15,
2026-09-29,nathalie_bw,935167,Nathalie Bleicher-Woth,Film & TV,RO,person,1450,
2026-09-29,nathalienicole,563389,Nathalie Nicole Smith,Public figures,US,person,1675,
2026-09-29,nato,2461986,NATO,Public figures,BE,org,956,
2026-09-29,navahang,638343,Navahang,Media,FI,org,1624,
2026-09-29,nba,87947773,NBA,Sports,US,org,45,
2026-09-29,nbcnews,4658618,NBC News,Media,US,org,724,
2026-09-29,nehakakkar,76118434,Neha Kakkar,Music,IN,person,62,
2026-09-29,neilpatel,678760,Neil Patel,Creators,US,person,1597,
2026-09-29,net_siraphop,2165485,Siraphop Manithikhun 陈欣博,Film & TV,TH,person,1015,
2026-09-29,netflix,42408644,Netflix US,Film & TV,US,org,159,
2026-09-29,new_cwr,4346158,NuNew Chawarin,Music,TH,person,744,
2026-09-29,news.rebel,384195,Rebel News,Media,CA,org,1874,
2026-09-29,newwiee,4895140,New Thitipoom,Film & TV,TH,person,707,
2026-09-29,neymarjr,241786436,Neymar Jr,Sports,BR,person,16,
2026-09-29,nfl,32749925,NFL,Sports,US,org,191,
2026-09-29,nihaachuu,1365734,Niki,Creators,DE,person,1274,
2026-09-29,nike,291097008,Nike,Brands,US,org,11,
2026-09-29,nina,27887439,Nina Dobrev,Film & TV,CA,person,217,
2026-09-29,noahschnacky,1191074,Noah Schnacky,Music,US,person,1346,
2026-09-29,noakirel,1842019,Noa Kirel Peretz,Music,IL,person,1091,
2026-09-29,nolwennleroyofficiel,148813,Nolwenn Leroy,Music,FR,person,2080,
2026-09-29,norvacentre,722,NorvaCentre,Public figures,CA,org,2300,
2026-09-29,notristantate,1787696,The Talisman,Creators,GB,person,1112,
2026-09-29,nourardakani,1558974,Nour Ardakani,Music,LB,person,1197,
2026-09-29,novah.music,2472693,Novah,Music,BE,person,954,
2026-09-29,numberx9th,1225394,นพเก้า เดชาพัฒนคุณ,Film & TV,TH,person,1329,
2026-09-29,odegaard.98,7759847,Martin Ødegaard,Sports,NO,person,553,
2026-09-29,official_kard,3451410,KARD,Music,KR,org,822,
2026-09-29,officialbankofbaroda,1235403,Bank of Baroda,Brands,IN,org,1328,
2026-09-29,officialfrandrescher,1803170,Fran Drescher,Film & TV,US,person,1105,
2026-09-29,officialjld,1934900,Julia Louis-Dreyfus,Film & TV,US,person,1071,
2026-09-29,officialsb19,1277327,SB19 Official,Music,PH,org,1310,
2026-09-29,ofracosmetics,1587592,OFRA Cosmetics Makeup & Skin Care Made in the USA,Fashion & beauty,US,org,1183,
2026-09-29,ohiostatefb,1580473,Ohio State Football,Sports,US,org,1189,
2026-09-29,ohiostathletics,657187,Ohio State Athletics,Sports,US,org,1609,
2026-09-29,ohsheglows,556856,Angela Liddon / Oh She Glows,Media,,person,1683,
2026-09-29,ohvely22,2207579,오연서,Film & TV,KR,person,1003,
2026-09-29,oi_petit,1156104,Kenta Hashi / けんた食堂,Creators,JP,person,1355,
2026-09-29,olamide,11049501,Olamidé,Music,NG,person,448,
2026-09-29,oliviarodrigo,42305791,Olivia Rodrigo,Music,US,person,160,
2026-09-29,omah_lay,4952448,OMAH LAY,Music,NG,person,704,
2026-09-29,omarherzshow,1369473,Mohammed and Omar Show,Creators,PS,org,1272,
2026-09-29,onlyfans,2700041,OnlyFans,Media,GB,org,912,
2026-09-29,oohsehun,22084085,SEHUN,Music,KR,person,259,
2026-09-29,ovyonthedrums,2117940,OVY,Music,CO,person,1025,
2026-09-29,ozgecangurelofficial,6007615,Özge Gürel,Film & TV,TR,person,645,
2026-09-29,p_hyemin_,369715,박혜민,Sports,KR,person,1890,
2026-09-29,patriciamanterola,1402042,𝐏𝐚𝐭𝐫𝐢𝐜𝐢𝐚 𝐌𝐚𝐧𝐭𝐞𝐫𝐨𝐥𝐚,Music,MX,person,1254,
2026-09-29,paulpogba,63485410,Paul Labile Shakur Pogba,Sports,FR,person,84,
2026-09-29,paulscholesaaa,1204511,Paul Scholes,Sports,GB,person,1340,
2026-09-29,pedrosuarezvertiz,879046,Pedro Suárez-Vértiz,Music,PE,person,1475,
2026-09-29,petosagan,1896532,Peter Sagan,Sports,SK,person,1082,
2026-09-29,pierregarniermusique,1199775,Pierre Garnier,Music,FR,person,1343,
2026-09-29,pinggumama,376742,황보라,Film & TV,KR,person,1884,
2026-09-29,pitelgiovanna,1241576,Pitel,Film & TV,BR,person,1321,
2026-09-29,plengasavahame,449182,Pleng Chontida,Music,TH,person,1795,
2026-09-29,pln_id,1384868,PLN,Brands,ID,org,1263,
2026-09-29,polespargaro,807209,Pol Espargaró,Sports,ES,person,1510,
2026-09-29,polgranch,895943,Pol Granch,Music,FR,person,1466,
2026-09-29,portalmigalhas,800855,Migalhas,Brands,BR,org,1515,
2026-09-29,postmalone,26389638,postmalone,Music,US,person,228,
2026-09-29,pourmoiltd,291720,Pour Moi,Brands,,org,1976,
2026-09-29,prattprattpratt,43086356,Chris Pratt,Film & TV,US,person,157,
2026-09-29,premierleague,80410568,Premier League,Sports,GB,org,52,
2026-09-29,priyankachopra,92880324,Priyanka,Film & TV,IN,person,41,
2026-09-29,proxie.officialth,425895,PROXIE,Music,TH,org,1824,
2026-09-29,psg,67374660,Paris Saint-Germain,Sports,FR,org,75,
2026-09-29,rachel_mypark,11943438,박민영 Park Min Young,Film & TV,KR,person,424,
2026-09-29,raf_camora,1802274,RAF Camora,Music,AT,person,1107,
2026-09-29,rafaelnadal,21074581,Rafa Nadal,Sports,ES,person,267,
2026-09-29,raftaarmusic,4045583,RAFTAAЯ,Music,IN,person,767,
2026-09-29,rageagainstthemachine,1906749,Rage Against The Machine,Music,US,org,1078,
2026-09-29,raisi.ir,3033861,سید ابراهیم رئیسی,Public figures,IR,person,867,
2026-09-29,rayssalealsk8,8244744,Rayssa Leal,Sports,BR,person,537,
2026-09-29,raznatovicanastasija,1008602,Anastasija Gudelj,Music,RS,person,1409,
2026-09-29,real_jinhyuk,1202260,최진혁,Film & TV,KR,person,1342,
2026-09-29,real_scrip,2043840,Скриптонит,Music,KZ,person,1043,
2026-09-29,realbencarson,702180,Dr. Ben & Candy Carson,Public figures,US,person,1575,
2026-09-29,realdonaldtrump,44126458,President Donald J. Trump,Public figures,US,person,152,
2026-09-29,realisshoman,907424,임성빈,Music,KR,person,1462,
2026-09-29,realmadrid,181187056,Real Madrid C.F.,Sports,ES,org,20,
2026-09-29,realmikejfox,2707888,Michael J Fox,Film & TV,US,person,908,
2026-09-29,realstraykids,33665176,Stray Kids,Music,KR,org,185,
2026-09-29,redvelvet.smtown,11543211,Red Velvet Official,Music,KR,org,435,
2026-09-29,remco.ev,1278953,Remco Evenepoel,Sports,BE,person,1309,
2026-09-29,renmakesmusic,3914617,Ren,Music,GB,person,782,
2026-09-29,reveramess_,917715,강소라,Film & TV,KR,person,1457,
2026-09-29,richardbuettner,405731,Richard Buettner,Public figures,DE,person,1849,
2026-09-29,richiehawtin,845943,Richie Hawtin,Music,CA,person,1494,
2026-09-29,richmavoko,2304803,Billionea kid,Music,TZ,person,984,
2026-09-29,rimowa,1601807,RIMOWA,Brands,DE,org,1179,
2026-09-29,rishisunakmp,3207735,Rishi Sunak,Public figures,GB,person,851,
2026-09-29,rkive,53737412,RM,Music,KR,person,120,
2026-09-29,robertdowneyjr,58886309,Robert Downey Jr.,Film & TV,US,person,95,
2026-09-29,robertocarlomx,645688,Roberto Carlo,Film & TV,MX,person,1618,
2026-09-29,rogerfederer,13348963,Roger Federer,Sports,CH,person,397,
2026-09-29,rohitboseroy,980865,Rohit Bose Roy,Film & TV,IN,person,1433,
2026-09-29,rohyoonseo,3362146,노윤서,Film & TV,KR,person,835,
2026-09-29,romanlochmann,1430757,Roman,Music,DE,person,1244,
2026-09-29,ronaldinho,81092679,Ronaldo de Assis Moreira,Sports,BR,person,51,
2026-09-29,rosalia.vt,27835308,LA ROSALÍA,Music,ES,person,218,
2026-09-29,roses_are_rosie,83043942,ROSÉ,Music,NZ,person,49,
2026-09-29,round2hell,3466050,Round2hell Official,Creators,IN,org,818,
2026-09-29,royalnasty__,404653,𝑨𝑺𝑲 𝑶𝑭 𝑹𝑶𝒀𝑨𝑳,Film & TV,NG,person,1851,
2026-09-29,rozgajelenaofficial,499169,Jelena Rozga,Music,HR,person,1749,
2026-09-29,ruth_chavarri,1224471,Ruth Chavarri,Film & TV,VE,person,1331,
2026-09-29,rybakofficial,1479477,ALEXANDER RYBAK,Music,NO,person,1223,
2026-09-29,ryusdb,2871469,RYUJUNYEOL,Film & TV,KR,person,886,
2026-09-29,sabita_5,635399,오나라,Film & TV,KR,person,1626,
2026-09-29,sadiesink_,35098829,Sadie Sink,Film & TV,US,person,182,
2026-09-29,samuliesword,2122764,김민석,Film & TV,KR,person,1023,
2026-09-29,sanamchauhdry,2730492,Sanam Chauhdry,Film & TV,PK,person,902,
2026-09-29,sangrejaponesa,7461803,EUGENIA,Film & TV,AR,person,563,
2026-09-29,santipenapy,609190,Santiago Peña,Public figures,PY,person,1646,
2026-09-29,sarahconnor,1033010,Sarah Connor,Music,DE,person,1401,
2026-09-29,sarahkhanofficial,12729078,Mrs.Falak,Film & TV,PK,person,403,
2026-09-29,sarajoofficial,449958,Sara Jo,Music,RS,person,1793,
2026-09-29,saramalakul,380378,Sara Malakul GROVE,Film & TV,US,person,1880,
2026-09-29,saraya,5920618,Saraya Bevis,Sports,GB,person,649,
2026-09-29,sascha_huber_official,688946,SASCHA HUBER | FITNESS,Creators,AT,person,1590,
2026-09-29,sashakovacevic,495311,Sasa Kovacevic,Music,RS,person,1753,
2026-09-29,saudi_airlines,1118666,Saudia,Brands,SA,org,1370,
2026-09-29,schwarzenegger,26766662,Arnold Schwarzenegger,Film & TV,AT,person,223,Sports; Public figures
2026-09-29,scottcbakken,448573,Scott Bakken,Creators,CA,person,1797,
2026-09-29,sea_tawinan,2646579,𝐓𝐚𝐰𝐢𝐧𝐚𝐧 𝐀. 小海,Film & TV,TH,person,920,
2026-09-29,seagalofficial,572101,Steven Seagal,Film & TV,US,person,1668,
2026-09-29,seanmikekelly,12085028,Sean Kelly,Public figures,US,person,419,
2026-09-29,seantuck,373028,Sean Tucker,Creators,,person,1888,
2026-09-29,sehatokar,152707,موقع صحتك,Media,,org,2076,
2026-09-29,selenagomez,403094990,Selena Gomez,Music,US,person,4,Film & TV
2026-09-29,selly,2243843,Andrei Șelaru,Music,RO,person,994,
2026-09-29,senators,441479,Ottawa Senators,Sports,CA,org,1804,
2026-09-29,seokj1012,5106794,서강준,Film & TV,KR,person,696,
2026-09-29,seonho__kim,12949538,김선호,Film & TV,KR,person,402,
2026-09-29,serenawilliams,17803256,Serena Williams,Sports,US,person,307,
2026-09-29,sergioramos,69849198,Sergio Ramos,Sports,ES,person,69,
2026-09-29,seriea,12005746,Lega Serie A,Sports,IT,org,421,
2026-09-29,severina,1475668,Severina,Music,HR,person,1225,
2026-09-29,shaegilll,436485,S H A E,Music,PK,person,1811,
2026-09-29,shakira,103318779,Shakira,Music,CO,person,39,
2026-09-29,shawnmendes,68608656,Shawn Mendes,Music,CA,person,72,
2026-09-29,sheikhaboobacker,275510,Sheikh Abubakr Ahmad,Public figures,IN,person,1993,
2026-09-29,shervinine,4411540,Shervin Hajipour,Music,IR,person,739,
2026-09-29,shin_sung_rok,513607,배우 신성록입니다,Film & TV,KR,person,1733,
2026-09-29,shindohyunn,360949,신도현,Film & TV,KR,person,1904,
2026-09-29,shinhs831,5272287,신혜선 Shin hae sun,Film & TV,KR,person,684,
2026-09-29,shraddhakapoor,92930644,Shraddha,Film & TV,IN,person,40,
2026-09-29,sidhu_moosewala,18112004,Sidhu Moosewala (ਮੂਸੇ ਆਲਾ),Music,IN,person,304,
2026-09-29,simgesagin,1826508,Simge,Music,TR,person,1095,
2026-09-29,simonahegerova,553707,SIMA,Music,SK,person,1685,
2026-09-29,simonebiles,11811716,SIMONE BILES,Sports,US,person,428,
2026-09-29,simonwill,313879,SIMON WILL,Creators,DE,person,1956,
2026-09-29,skuolanet,1049475,Skuola.net,Media,IT,org,1392,
2026-09-29,smtown,13916845,SM Entertainment Group,Music,KR,org,386,
2026-09-29,snoopdogg,86762426,snoopdogg,Music,US,person,47,
2026-09-29,sokbaraby,972196,SOK BARABY,Music,KH,person,1438,
2026-09-29,somin_jj,6324454,정소민,Film & TV,KR,person,621,
2026-09-29,songilkook,2419334,1958,Film & TV,KR,person,961,
2026-09-29,sonhojun_official,549400,손호준 SON HO JUN,Film & TV,KR,person,1693,
2026-09-29,soniaperonaci,1108630,Sonia Peronaci,Creators,IT,person,1374,
2026-09-29,sonsukku,1416759,손석구,Film & TV,KR,person,1250,
2026-09-29,soojunglim_,427723,임수정,Film & TV,KR,person,1823,
2026-09-29,soominn_jo,1583333,조수민 Jo Soo Min,Film & TV,KR,person,1187,
2026-09-29,sooogsx,482374,Bailey Erin,Creators,,person,1765,
2026-09-29,sooriland,2643351,soroush rezaee,Film & TV,IR,person,923,
2026-09-29,sooyaaa__,80071232,JISOO,Music,KR,person,53,Film & TV
2026-09-29,sophiathomalla,1452259,S O P H I A T H O M A L L A,Film & TV,DE,person,1234,
2026-09-29,sophiemudd,2585477,Sophie Mudd,Creators,US,person,941,
2026-09-29,sophiep0wers,844217,sophie powers,Music,CA,person,1496,
2026-09-29,souhilamallem,5829068,سهيلة معلم | Souhila Mallem,Film & TV,DZ,person,655,
2026-09-29,sportmediaset,1015300,Sport Mediaset,Sports,IT,org,1406,
2026-09-29,sportschau,853274,Sportschau,Sports,DE,org,1489,
2026-09-29,sr.ventura,1516323,Eddy Ventura,Music,US,person,1209,
2026-09-29,srchafreen,4580809,freen (ฟรีน),Film & TV,TH,person,728,
2026-09-29,sriritajensen,4118262,Sririta Jensen Narongdej,Film & TV,TH,person,760,
2026-09-29,ssinz7,14942563,박신혜/Shin Hye Park,Film & TV,KR,person,358,
2026-09-29,ssoyang84,609418,소이현,Film & TV,KR,person,1645,
2026-09-29,starectory,1030,St. Andrews Rectory,Public figures,CA,org,2296,
2026-09-29,stefania_lo_gatto,785293,Stefania Lo Gatto,Public figures,IT,person,1524,
2026-09-29,stell16_,783866,Stell Ajero,Music,PH,person,1527,
2026-09-29,stephanielee199,524247,Stephanie Lee,Film & TV,US,person,1717,
2026-09-29,stjude,648777,St. Jude Children’s Research Hospital,Public figures,US,org,1614,
2026-09-29,su1023_,2964611,신은수,Film & TV,KR,person,876,
2026-09-29,sunbin_eyesmag,1540670,이선빈,Film & TV,KR,person,1200,
2026-09-29,sunnyleone,54663569,Sunny Leone,Film & TV,US,person,117,
2026-09-29,susana_bicho90,67,Susana Molina Ruiz,Creators,ES,person,2319,
2026-09-29,susemee,1746246,임세미 Lim Semi,Film & TV,KR,person,1120,
2026-09-29,suzanneschulting,875564,Suzanne Schulting,Sports,NL,person,1479,
2026-09-29,sysysy1102,1691972,김소연 kim so yeon,Film & TV,KR,person,1144,
2026-09-29,t_js0813,508680,탕준상,Film & TV,KR,person,1741,
2026-09-29,tadejpogacar,3135890,Tadej Pogačar,Sports,SI,person,859,
2026-09-29,tagesschau,6977679,tagesschau,Media,DE,org,577,
2026-09-29,tailopez,3005990,Tai Lopez,Film & TV,US,person,872,
2026-09-29,tasnia_farin,2786166,Tasnia Farin,Film & TV,BD,person,897,
2026-09-29,tatawerneck,54542365,Tata Werneck,Film & TV,BR,person,118,
2026-09-29,tatemcrae,10002928,Tate McRae,Music,CA,person,471,
2026-09-29,tavicastro,5026723,Tavi Castro,Creators,NL,person,699,
2026-09-29,taylorswift,272761016,Taylor Swift,Music,US,person,13,
2026-09-29,taytumandoakley,2862994,TAYTUM & OAKLEY FISHER,Creators,,org,887,
2026-09-29,teddysphotos,47244821,Ed Sheeran,Music,GB,person,139,
2026-09-29,tefivalenzuela,2841012,TEFI VALENZUELA,Music,PE,person,893,
2026-09-29,ten,1702150,Khaled Mazeedi,Creators,KW,person,1132,
2026-09-29,teoyoo,517368,Teo Yoo / 유태오,Film & TV,DE,person,1730,
2026-09-29,teprovocaonline,477757,Teprovoca,Other,,org,1768,
2026-09-29,texasvolleyball,420996,Texas Volleyball,Sports,US,org,1832,
2026-09-29,tgcom24,1421124,Tgcom24,Media,IT,org,1248,
2026-09-29,thatdanielwu,1897857,Daniel Wu 吴 彦 祖,Film & TV,US,person,1081,
2026-09-29,theattrakt,14668,ATTRAKT OFFICIAL INSTAGRAM,Music,KR,org,2256,
2026-09-29,thebiancadelrio,2571942,Bianca Del Rio,Film & TV,US,person,943,
2026-09-29,theblondebrewer,1584205,Jaron & Maggie,Creators,US,org,1185,
2026-09-29,thebrandidentity,724003,The Brand Identity,Brands,GB,org,1560,
2026-09-29,thebursin,11217001,Kerem Bürsin,Film & TV,TR,person,444,
2026-09-29,thedubaimall,93,The Dubaï Mall CM,Brands,AE,org,2314,
2026-09-29,thehotblend,497089,Alexandra Teleki,Creators,HU,person,1751,
2026-09-29,themuseumofmodernart,6133394,MoMA The Museum of Modern Art,Other,US,org,636,
2026-09-29,theoceancleanup,2585918,The Ocean Cleanup,Public figures,,org,940,
2026-09-29,therakankhalifa,500383,Rakan Khalifa راكان خليفة | WEALTH & INVESTMENT COACH,Public figures,,person,1746,
2026-09-29,therealadamsavage,1235383,Adam Savage,Film & TV,US,person,1323,
2026-09-29,therealkateesackhoff,771099,Katee Sackhoff,Film & TV,US,person,1532,
2026-09-29,therock,381100609,Dwayne Johnson,Film & TV,US,person,5,Sports
2026-09-29,thetownfestival,1000239,The Town,Music,BR,org,1415,
2026-09-29,theweeknd,77561580,Abel,Music,CA,person,59,
2026-09-29,thomasangelvy,1429728,Thomas Angelvy,Film & TV,FR,person,1245,
2026-09-29,thv,76810466,V,Music,KR,person,60,
2026-09-29,tiaclair1,2079154,Tia-Clair Toomey-Orr,Sports,AU,person,1036,
2026-09-29,tiaraandini,8256356,TIARA,Music,ID,person,536,
2026-09-29,tigerjackieshroff,39202019,Tiger shroff,Film & TV,IN,person,167,
2026-09-29,tim_pita,2935423,Tim Pita,Music,TH,person,880,
2026-09-29,tina_karol,1948685,Tina Karol,Music,UA,person,1067,
2026-09-29,tinder,473997,Tinder,Brands,,org,1774,
2026-09-29,tinistoessel,21718984,tini,Music,AR,person,261,Film & TV
2026-09-29,tokyodisneyresort_official,4455063,東京ディズニーリゾート,Brands,JP,org,734,
2026-09-29,tomholland2013,68662024,Tom Holland,Film & TV,GB,person,71,
2026-09-29,tongtong_thestar12,1333576,Tng,Film & TV,TH,person,1291,
2026-09-29,toniruediger,13224952,Antonio Rüdiger,Sports,DE,person,399,
2026-09-29,tonistorm_,941118,Timeless Toni Storm,Sports,NZ,person,1449,
2026-09-29,top.physical,529245,윤성빈 Yun sungbin,Sports,KR,person,1711,
2026-09-29,torispelling,1827526,TORI SPELLING,Film & TV,US,person,1094,
2026-09-29,trash_italiano,4430831,Trash Italiano,Media,,org,738,
2026-09-29,travelzoo_de,78593,Travelzoo Deutschland,Brands,GB,org,2159,
2026-09-29,travisscott,58721995,flame,Music,US,person,98,
2026-09-29,trishapaytas,2097053,Trisha Paytas Hacmon,Creators,US,person,1030,
2026-09-29,tyshawn,736292,Tyshawn Jones,Sports,US,person,1551,
2026-09-29,uarmyhope,56743277,jhope,Music,KR,person,106,
2026-09-29,ufc,50879688,UFC,Sports,US,org,128,
2026-09-29,uppoompat,1528834,up,Film & TV,TH,person,1206,
2026-09-29,upworthy,4865094,Upworthy,Media,US,org,710,
2026-09-29,usainbolt,14061049,Usain St.Leo Bolt,Sports,JM,person,381,
2026-09-29,usascoop_,561242,USA Scoop,Media,US,org,1677,
2026-09-29,usavolleyball,975069,USA Volleyball,Sports,US,org,1437,
2026-09-29,usher,14026807,Usher,Music,US,person,382,
2026-09-29,vanessahudgens,47727482,Vanessa Hudgens,Film & TV,US,person,138,Music
2026-09-29,varundvn,45085266,VarunDhawan,Film & TV,IN,person,147,
2026-09-29,vegetta777,6485014,Samuel De Luque,Creators,ES,person,604,
2026-09-29,vickyvette,1972824,Vicky Vette,Film & TV,NO,person,1062,
2026-09-29,victon1109,567186,VICTON (빅톤),Music,KR,org,1670,
2026-09-29,victoriassecret,76774910,Victoria's Secret,Fashion & beauty,US,org,61,
2026-09-29,viktor_hovland,805907,Viktor Hovland,Sports,NO,person,1512,
2026-09-29,vindiesel,103466053,Vin Diesel,Film & TV,US,person,37,
2026-09-29,vinijr,64007089,Vinicius Jr.,Sports,BR,person,82,
2026-09-29,virat.kohli,271575081,Virat Kohli,Sports,IN,person,14,
2026-09-29,visca96barca,863330,Anton / ViscaBarca,Creators,DE,person,1485,
2026-09-29,viviz_official,1293955,VIVIZ 비비지,Music,KR,org,1304,
2026-09-29,vox_es,1175289,VOX,Public figures,ES,org,1348,
2026-09-29,voxdotcom,1017638,Vox,Media,US,org,1405,
2026-09-29,voyavivirel,729297,박지현,Film & TV,KR,person,1555,
2026-09-29,wdohwan,8386025,우도환,Film & TV,KR,person,528,
2026-09-29,wellahair,1709987,Wella Professionals,Brands,DE,org,1130,
2026-09-29,whichuk,526000,Which?,Media,GB,org,1716,
2026-09-29,whinderssonnunes,54317501,Whindersson Nunes,Creators,BR,person,119,
2026-09-29,williamstrobeck,392594,William Strobeck,Film & TV,US,person,1864,
2026-09-29,willsmith,67668163,Will Smith,Film & TV,US,person,74,Music
2026-09-29,willy_kanga,535298,Williams Etombi,Other,NG,person,1705,
2026-09-29,winpw,579256,Win Thanik,Film & TV,TH,person,1666,
2026-09-29,winwithsashin,895654,Sashin Govender,Public figures,ZA,person,1467,
2026-09-29,wjmild,3798994,𝑾𝑱𝑴𝑰𝑳𝑫,Film & TV,TH,person,793,
2026-09-29,wonjianolive,982999,원지안,Film & TV,KR,person,1431,
2026-09-29,worow0ro,726117,Woro Widowati,Music,,person,1559,
2026-09-29,woutvanaert,1448912,Wout van Aert,Sports,BE,person,1237,
2026-09-29,wwe,35432294,WWE,Brands,US,org,180,
2026-09-29,xdinaryheroes_official,2061873,Xdinary Heroes,Music,KR,org,1042,
2026-09-29,xeesoxee,16716509,한소희,Film & TV,KR,person,328,
2026-09-29,xxadoraa,1431568,Cho Boah,Film & TV,KR,person,1243,
2026-09-29,yaemina,632460,Emina Jahovic,Music,TR,person,1629,
2026-09-29,yangasc,5189349,Young Africans Sports Club,Sports,TZ,org,691,
2026-09-29,yannickalleno,464493,Yannick Alléno,Public figures,FR,person,1785,
2026-09-29,yeyeji_seo,2343735,SEO YEA JI,Film & TV,KR,person,975,
2026-09-29,yim_siwang,4290092,임시완,Film & TV,KR,person,748,
2026-09-29,yjiinp,1120340,표예진,Film & TV,KR,person,1368,
2026-09-29,yohanblake,797061,Yohan Blake,Sports,JM,person,1518,
2026-09-29,yong.lixx,36612959,Felix,Music,AU,person,177,
2026-09-29,yoo_yeonseok,4505348,유연석,Film & TV,KR,person,732,
2026-09-29,yoonhyunmin,824448,윤현민,Film & TV,KR,person,1505,
2026-09-29,yubi_190,1202450,이유비 𝐘𝐮𝐛𝐢 𝐋𝐞𝐞,Film & TV,KR,person,1341,
2026-09-29,yui.sakurai_7,797263,櫻井優衣,Music,JP,person,1517,
2026-09-29,yungmiami305,6406037,Caresha Brownlee,Music,US,person,612,
2026-09-29,yutohorigome,1962117,堀米雄斗,Sports,JP,person,1065,
2026-09-29,zacefron,57547897,Zac Efron,Film & TV,US,person,102,
2026-09-29,zachking,31929868,Zach King,Creators,US,person,195,
2026-09-29,zakon.kz,933367,СМИ zakon.kz,Media,KZ,org,1452,
2026-09-29,zara,61655623,ZARA,Fashion & beauty,ES,org,85,
2026-09-29,zaralarsson,13332539,Zara Larsson,Music,SE,person,395,
2026-09-29,zeepruk,4963739,Z,Film & TV,TH,person,705,
2026-09-29,zendaya,178630375,Zendaya,Film & TV,US,person,21,
2026-09-29,zerocalcare,1594801,michele rech,Film & TV,IT,person,1182,
2026-09-29,zuzana_caputova,477686,Zuzana Čaputová,Public figures,SK,person,1769,
2026-09-30,03_hu,4286127,박지후,Film & TV,KR,person,749,
2026-09-30,0529.jihoon.ig,7780343,박지훈 Park Jihoon,Music,KR,person,552,
2026-09-30,0myoung_0526,2014219,공명,Film & TV,KR,person,1051,
2026-09-30,0seungyeon,1671043,공승연,Film & TV,KR,person,1150,
2026-09-30,1.fcunion,366623,1. FC Union Berlin,Sports,DE,org,1895,
2026-09-30,10042n00,1962436,나인우 NA INWOO,Film & TV,KR,person,1064,
2026-09-30,1jnnf,1099456,Jennifer Lawrence,Film & TV,US,person,1375,
2026-09-30,1wron3k,388420,Wiktor Wronka,Creators,PL,person,1868,
2026-09-30,2pac,10914726,Tupac Shakur,Music,US,person,453,
2026-09-30,2xj_hee,1111287,진지희 JIN JI HEE,Film & TV,KR,person,1372,
2026-09-30,39daph,278790,daphne,Creators,CA,person,1989,
2026-09-30,42psy42,4453364,PSY,Music,KR,person,735,
2026-09-30,433,79648364,433,Media,,org,54,
2026-09-30,50cent,38695224,50 Cent,Music,US,person,171,
2026-09-30,5_sprechwunsch,727707,Luis Teichmann,Creators,DE,person,1558,
2026-09-30,9gag,51935404,9GAG: Go Fun The World,Media,HK,org,123,
2026-09-30,_choiiii__,8918748,최현욱,Film & TV,KR,person,508,
2026-09-30,_chuckberry,0,Chuck Berry,Music,US,person,2328,
2026-09-30,_maxhaase_,4117958,Max Haase - German Travel Influencer,Creators,DE,person,763,
2026-09-30,_rl9,38778708,Robert Lewandowski,Sports,PL,person,170,
2026-09-30,_ryeoun,3458465,려운,Film & TV,KR,person,820,
2026-09-30,_seorina,10030812,설인아 sᴇᴏʀɪɴᴀ,Film & TV,KR,person,469,
2026-09-30,aagbanjh,2959889,안재현,Film & TV,KR,person,878,
2026-09-30,ab,15530555,Yawah Ben,Sports,US,person,348,
2026-09-30,abba,2238950,ABBA,Music,SE,org,997,
2026-09-30,abcnews,5821843,ABC News,Media,US,org,656,
2026-09-30,abdevilliers17,29530749,AB de Villiers,Sports,ZA,person,204,
2026-09-30,ac2ality,530576,noticias en 1 min,Media,ES,org,1709,
2026-09-30,acdc,6445610,AC/DC,Music,AU,org,610,
2026-09-30,achilleidol,2592424,ACHILLE LAURO,Music,IT,person,938,
2026-09-30,acmilan,18191139,AC Milan,Sports,IT,org,302,
2026-09-30,actorsashapetrov,3142346,Alexander Petrov,Film & TV,RU,person,858,
2026-09-30,actorvijay,19119441,Vijay,Film & TV,IN,person,288,
2026-09-30,adele,55939950,Adele,Music,GB,person,111,
2026-09-30,adib.waez,276679,Adib Waez,Public figures,SY,person,1991,
2026-09-30,adidas,29723903,adidas,Brands,DE,org,203,
2026-09-30,adriennemareebrown,445463,Adrienne Maree Brown,Music,US,person,1800,
2026-09-30,afaseleccion,18472456,Selección Argentina,Sports,AR,org,299,
2026-09-30,afcajax,8664856,AFC Ajax,Sports,,org,516,
2026-09-30,africanunion_official,72062,African Union (AU),Public figures,,org,2167,
2026-09-30,agnezmo,31126130,AGNEZ MO,Music,ID,person,197,
2026-09-30,agustd,55088267,SUGA of BTS 민윤기,Music,KR,person,115,
2026-09-30,airbus,2730228,Airbus,Brands,FR,org,903,
2026-09-30,airindia,892518,Air India,Brands,IN,org,1470,
2026-09-30,aishwaryaraibachchan_arb,14787216,AishwaryaRaiBachchan,Film & TV,IN,person,362,
2026-09-30,aitmatov.kg,11,Aitmatov.kg,Film & TV,KG,person,2323,
2026-09-30,akapismak,3062548,Aşkım Kapışmak,Public figures,TR,person,865,
2026-09-30,akihiroooo1130,367287,Akihiro Yamauchi,Sports,JP,person,1893,
2026-09-30,aksakfn12,2041472,김영광,Film & TV,KR,person,1044,
2026-09-30,akshaykumar,64921185,Akshay Kumar,Film & TV,IN,person,81,
2026-09-30,alanchikinchow,2220543,Alan Chikin Chow,Film & TV,US,person,1000,
2026-09-30,alberteinstein,2287834,Albert Einstein,Public figures,US,person,985,
2026-09-30,alexandramalenaleclerc,5606693,Alexandra Leclerc,Creators,FR,person,663,
2026-09-30,alexbodi,362688,Bodi Alex,Public figures,RO,person,1899,
2026-09-30,algore,204736,Al Gore,Creators,US,person,2041,
2026-09-30,alhadayacenter,2002338,الهدايا سنتر | Alhadaya Center,Brands,SA,org,1055,
2026-09-30,aliaabhatt,85268002,Alia Bhatt,Film & TV,IN,person,48,
2026-09-30,aliciakeys,27220022,Alicia Keys,Music,US,person,222,
2026-09-30,alishalehmann7,15002790,Alisha Lehmann,Sports,CH,person,355,
2026-09-30,alishbahannjum,3651041,ALISHBAH ANJUM,Creators,PK,person,802,
2026-09-30,alla_orfey,3771421,ALLA PUGACHEVA,Music,RU,person,797,
2026-09-30,alsisiofficial,3531455,Abdelfattah Elsisi,Public figures,EG,person,814,
2026-09-30,amandahearst,346116,Amanda Hearst Rønning,Fashion & beauty,US,person,1919,
2026-09-30,amazon,6823045,Amazon,Brands,US,org,590,
2026-09-30,amberheard,4882310,Amber Heard,Film & TV,US,person,708,
2026-09-30,amitabhbachchan,36311098,Amitabh Bachchan,Film & TV,IN,person,178,
2026-09-30,amnesty,1348767,Amnesty International,Public figures,GB,org,1281,
2026-09-30,amunstarr,2072767,Amun Starr,Music,US,person,1038,
2026-09-30,amyadams,983284,Amy Adams,Film & TV,IT,person,1428,
2026-09-30,amypellre,418,Amy Pell,Film & TV,US,org,2307,
2026-09-30,amywinehouse,2220550,Amy Winehouse,Music,GB,person,999,
2026-09-30,anabella,1433864,Anabella,Music,VE,person,1242,
2026-09-30,ananyapanday,26212643,Ananya,Film & TV,IN,person,232,
2026-09-30,anastaciamusic,499653,Anastacia,Music,US,person,1748,
2026-09-30,andreas.szakacs,4072484,Andreas Szakacs,Public figures,US,person,764,
2026-09-30,andresiniesta8,42336920,Andres Iniesta,Sports,ES,person,161,
2026-09-30,android,2013231,Android,Brands,,org,1050,
2026-09-30,angelinajolie,16381258,Angelina Jolie,Film & TV,KH,person,334,
2026-09-30,anggun_cipta,2198583,Anggun Official,Music,ID,person,1006,
2026-09-30,anitta,61071262,Anitta,Music,BR,person,88,
2026-09-30,anna_netrebko_yusi_tiago,738646,Anna Netrebko,Music,AT,person,1550,
2026-09-30,annacathcart,6314633,Anna Cathcart,Film & TV,CA,person,624,
2026-09-30,annafpadilla,922873,ANNA PADILLA,Creators,ES,person,1456,
2026-09-30,annamtendler,272235,Anna Marie Tendler,Creators,US,person,1996,
2026-09-30,annehathaway,44539386,Anne Hathaway,Film & TV,US,person,149,
2026-09-30,anthonyhopkins,6658489,Anthony Hopkins,Film & TV,US,person,595,
2026-09-30,antogriezmann,39050598,Antoine Griezmann,Sports,FR,person,169,
2026-09-30,antoinesallis,290431,Antoine Sallis | Credit Genius,Creators,US,person,1977,
2026-09-30,antonioguterres,719073,António Guterres,Public figures,TL,person,1563,
2026-09-30,anushkasharma,67286194,AnushkaSharma1588,Film & TV,IN,person,76,
2026-09-30,anyataylorjoy,12042254,Anya Taylor-Joy,Film & TV,GB,person,417,
2026-09-30,apple,38011527,apple,Brands,US,org,174,
2026-09-30,arethafranklin,280978,Aretha Franklin,Music,US,person,1986,
2026-09-30,arianagrande,362587148,Ariana Grande,Music,US,person,7,Film & TV
2026-09-30,arsenal,32526699,Arsenal,Sports,GB,org,192,
2026-09-30,artdikaya_,1983994,Anastasia Andreenkova,Creators,RU,person,1061,
2026-09-30,asean,200430,ASEAN,Public figures,,org,2043,
2026-09-30,astonvilla,4774951,Aston Villa,Sports,GB,org,716,
2026-09-30,athenasmusica,521485,Athenas,Music,,person,1723,
2026-09-30,atleticodemadrid,17925243,Atlético de Madrid,Sports,ES,org,305,
2026-09-30,audi_de,1415016,Audi Deutschland,Brands,DE,org,1252,
2026-09-30,avani,14824722,avani,Creators,US,person,361,
2026-09-30,avocat.avi.bitton,408498,AVI BITTON,Other,,person,1845,
2026-09-30,avrillavigne,13981591,Avril Lavigne,Music,FR,person,385,
2026-09-30,ayanakamura_officiel,4795117,LA NAKAMURANCE,Music,FR,person,715,
2026-09-30,ayezakhan.ak,14631572,Ayeza Khan,Film & TV,PK,person,366,
2026-09-30,aymenabdennour_,2218712,Aymen Abdennour,Sports,TN,person,1002,
2026-09-30,aynuraydin,765401,Aynur Aydin,Music,TR,person,1533,
2026-09-30,azzurri,6521422,Nazionale Italiana di Calcio,Sports,IT,org,602,
2026-09-30,b.netanyahu,4129597,Benjamin Netanyahu - בנימין נתניהו,Public figures,IL,person,759,
2026-09-30,babygang_1,2959981,Baby Gang,Music,IT,person,877,
2026-09-30,badbunnypr,53376158,Benito Antonio,Music,PR,person,121,
2026-09-30,badgalriri,145775750,badgalriri,Music,BB,person,27,Fashion & beauty
2026-09-30,bakaprase,1714703,Bogdan Ilic,Music,RS,person,1127,
2026-09-30,balenshah,2404227,Balen,Music,NP,person,964,
2026-09-30,barackobama,42740592,Barack Obama,Public figures,US,person,158,
2026-09-30,barbara_devil,321262,Barbara Devil,Film & TV,SK,person,1943,
2026-09-30,barbrastreisand,1881900,Barbra Streisand,Music,US,person,1084,
2026-09-30,basilicasagradafamilia,596607,Basílica de la Sagrada Família,Other,ES,org,1655,
2026-09-30,baskinrobbins,810028,Baskin-Robbins,Brands,US,org,1509,
2026-09-30,basshunter_se,127510,Bᴀssʜᴜɴᴛᴇʀ,Music,SE,person,2097,
2026-09-30,batman,2574243,Batman,Film & TV,US,org,942,
2026-09-30,bbc,6933697,BBC,Media,GB,org,581,
2026-09-30,bbcdoctorwho,929472,Doctor Who,Film & TV,GB,org,1453,
2026-09-30,beingsalmankhan,72705764,Salman Khan,Film & TV,IN,person,65,
2026-09-30,bellahadid,59079196,Bella,Fashion & beauty,US,person,92,
2026-09-30,belonika,1116545,Ника Белоцерковская,Film & TV,RU,person,1371,
2026-09-30,beyonce,298966079,Beyoncé,Music,US,person,9,
2026-09-30,bigbangtheory,3281054,The Big Bang Theory,Film & TV,US,org,840,
2026-09-30,bigmatthewww,2703817,BM 비엠,Music,KR,person,909,
2026-09-30,billieeilish,123797629,BILLIE EILISH,Music,US,person,32,
2026-09-30,billkaulitz,2612734,Bill Kaulitz,Music,DE,person,929,
2026-09-30,bingcrosby,149632,Bing Crosby,Music,US,person,2079,
2026-09-30,biscuitdemer,3262094,Emilia,Creators,CM,person,842,
2026-09-30,bjork,2688080,Björk,Music,IS,person,915,
2026-09-30,blackpinkofficial,57710240,BLΛƆKPIИK,Music,KR,org,101,
2026-09-30,bloodyhawkofficial,232609,Bloody Hawk,Music,GR,person,2016,
2026-09-30,bmwgroup,267074,BMW Group,Brands,DE,org,1999,
2026-09-30,bni46,1973805,Bank Negara Indonesia,Brands,ID,org,1063,
2026-09-30,bobdylan,1291729,Bob Dylan,Music,US,person,1306,
2026-09-30,boeing,2184028,The Boeing Company,Brands,US,org,1008,
2026-09-30,bookriot,324370,Book Riot,Media,US,org,1936,
2026-09-30,borisjohnsonuk,1580276,Boris Johnson,Public figures,US,person,1190,
2026-09-30,bpagester,1818193,BRIAN PAGE,Public figures,US,person,1101,
2026-09-30,brasil,26368795,CBF • Seleção Brasileira de Futebol,Sports,BR,org,229,
2026-09-30,breakingbad,2418307,Breaking Bad,Film & TV,US,org,962,
2026-09-30,brigittebardot_collections,16457,Brigitte Bardot Collections,Music,FR,person,2253,
2026-09-30,britishmuseum,2568365,British Museum,Public figures,GB,org,944,
2026-09-30,britneyspears,41874515,Britney Spears,Music,US,person,162,
2026-09-30,brucelee,12575183,Bruce Lee,Film & TV,US,person,406,Sports
2026-09-30,brunomars,43623557,Bruno Mars,Music,US,person,156,
2026-09-30,bts.bighitofficial,81639431,BTS official,Music,KR,org,50,
2026-09-30,bundeskanzlerinmerkel,1534186,Bundeskanzlerin a.D. Merkel,Public figures,DE,person,1201,
2026-09-30,bundesliga,16981470,Bundesliga,Sports,DE,org,324,
2026-09-30,bundespraesident.steinmeier,434878,Bundespräsident Steinmeier,Public figures,DE,person,1812,
2026-09-30,bunnings,510211,Bunnings Warehouse,Brands,AU,org,1738,
2026-09-30,burgerking,2016507,Burger King,Brands,US,org,1048,
2026-09-30,bvb09,20767016,Borussia Dortmund,Sports,DE,org,270,
2026-09-30,cambridgeuniversity,1643556,University of Cambridge,Public figures,GB,org,1161,
2026-09-30,camerondiaz,12369212,Cameron Diaz,Film & TV,US,person,412,
2026-09-30,camila_cabello,61604579,camila,Music,US,person,86,
2026-09-30,candiceking,12042242,Candice King,Film & TV,US,person,418,
2026-09-30,canyon,2146368,Canyon,Brands,DE,org,1020,
2026-09-30,caradelevingne,38176709,Cara Delevingne,Fashion & beauty,GB,person,172,Film & TV
2026-09-30,catherinezetajones,6478094,Catherine Zeta-Jones,Film & TV,GB,person,605,
2026-09-30,cbabdullahgul,190413,Abdullah Gül,Public figures,TR,person,2049,
2026-09-30,cbstv,1344270,CBS,Media,US,org,1285,
2026-09-30,cdu,226631,CDU Deutschlands,Public figures,DE,org,2021,
2026-09-30,celinedion,11932475,Céline Dion,Music,CA,person,422,
2026-09-30,cern,1351162,CERN,Public figures,CH,org,1280,
2026-09-30,cesar_cultureg,2318292,César Roussel,Creators,FR,person,983,
2026-09-30,champagnepapi,139965403,champagnepapi,Music,US,person,28,
2026-09-30,championsleague,120590282,UEFA Champions League,Sports,,org,33,
2026-09-30,chandlerhallow,5180196,Chandler Hallow,Creators,US,person,694,
2026-09-30,chanelofficial,59022617,CHANEL,Brands,FR,org,93,
2026-09-30,chappellroan,7700325,･ﾟ: * Chappell Roan *:･ﾟ,Music,US,person,554,
2026-09-30,charlidamelio,40120298,charli,Creators,US,person,164,
2026-09-30,charlie_hebdo_officiel,289330,Charlie Hebdo,Media,FR,org,1979,
2026-09-30,charliechaplinofficial,222351,Charlie Chaplin,Music,GB,person,2028,
2026-09-30,charlizeafrica,8327741,Charlize Theron,Film & TV,US,person,530,
2026-09-30,charlottewwe,5301226,Charlotte Flair,Sports,US,person,681,
2026-09-30,chedetofficial,1639106,Dr Mahathir Mohamad,Public figures,MY,person,1165,
2026-09-30,chelseafc,44415149,Chelsea FC,Sports,GB,org,151,
2026-09-30,cher,3633487,Cher,Music,US,person,803,
2026-09-30,chesterbe,1695528,Chester Bennington,Music,US,person,1141,
2026-09-30,chilipeppers,6567635,Red Hot Chili Peppers,Music,US,org,599,
2026-09-30,chocolatewhipcream,2073252,Shannel,Music,US,person,1037,
2026-09-30,chrisbrownofficial,139931029,BROWN,Music,US,person,29,
2026-09-30,chrisevans,16990831,Chris Evans,Film & TV,US,person,323,
2026-09-30,chrishemsworth,58167404,Chris Hemsworth,Film & TV,AU,person,99,
2026-09-30,christianlalama,349340,c,Music,CA,person,1915,
2026-09-30,chucknorris,3244849,Chuck Norris,Film & TV,US,person,848,Sports
2026-09-30,chuuo3o,2798032,츄,Music,KR,person,896,
2026-09-30,cia,1030195,Central Intelligence Agency,Public figures,US,org,1402,
2026-09-30,claudia_shein,3563074,Claudia Sheinbaum Pardo,Public figures,MX,person,810,
2026-09-30,cnn,23664658,CNN,Media,US,org,247,
2026-09-30,coachstormy,1652289,Dr. Stormy Wellington,Public figures,US,person,1156,
2026-09-30,cocacola,3374524,Coca-Cola,Brands,US,org,834,
2026-09-30,coldplay,28748125,Coldplay,Music,GB,org,210,
2026-09-30,colorsxstudios,2437155,COLORS,Brands,,org,957,
2026-09-30,comedycentral,2533020,Comedy Central,Film & TV,US,org,947,
2026-09-30,commonwealth_sec,47661,The Commonwealth,Public figures,GB,org,2199,
2026-09-30,condoleezzarice,122199,Condoleezza Rice,Music,US,person,2107,
2026-09-30,corbinbleu,1037909,Corbin Bleu,Film & TV,US,person,1398,
2026-09-30,corinthians,15747524,Corinthians,Sports,BR,org,343,
2026-09-30,cornelluniversity,432653,Cornell University,Public figures,US,org,1817,
2026-09-30,councilofeurope,88385,Council of Europe,Public figures,FR,org,2142,
2026-09-30,creativecommons,17817,Creative Commons,Public figures,US,org,2247,
2026-09-30,cristiano,679255076,Cristiano Ronaldo,Sports,PT,person,2,
2026-09-30,cristinafkirchner,1700050,Cristina Kirchner,Public figures,AR,person,1138,
2026-09-30,culturetrip,604351,Culture Trip,Brands,GB,org,1650,
2026-09-30,cyborgbjj,577569,"Roberto ""Cyborg"" Abreu",Sports,BR,person,1667,
2026-09-30,daddyyankee,50590878,DY,Music,US,person,130,
2026-09-30,dahee0315,2358869,이다희,Film & TV,KR,person,970,
2026-09-30,dalailama,2345000,Dalai Lama,Public figures,,person,974,
2026-09-30,damedvedev,2157088,Дмитрий Медведев,Public figures,RU,person,1016,
2026-09-30,danbilzerian,28649253,Dan Bilzerian,Creators,US,person,211,
2026-09-30,danieladarcourtoficial,3174473,Daniela Darcourt,Music,PE,person,854,
2026-09-30,danishtaimoor16,8865410,Danish Taimoor,Film & TV,PK,person,509,
2026-09-30,daryo.rasmiy,2151762,Daryo Nashri,Media,UZ,org,1017,
2026-09-30,davidalaba,15027825,David Alaba,Sports,AT,person,354,
2026-09-30,davidbeckham,87693186,David Beckham,Sports,GB,person,46,
2026-09-30,davidbowie,3085061,David Bowie,Music,GB,person,864,
2026-09-30,daviddobrik,9200391,DAVID DOBRIK,Creators,US,person,493,
2026-09-30,davidlynchtheater1,43103,David Lynch Theater,Music,US,person,2202,
2026-09-30,ddlovato,147588405,Demi Lovato,Music,US,person,26,Film & TV
2026-09-30,deepikapadukone,78017929,दीपिका पादुकोण,Film & TV,IN,person,57,
2026-09-30,demimoore,6913878,Demi Moore,Film & TV,US,person,584,
2026-09-30,depthsofwikipedia,1652117,Wikipedia is weird!,Creators,US,org,1157,
2026-09-30,devinahermawan,1790870,Devina Hermawan,Public figures,ID,person,1111,
2026-09-30,dfb_team,7587781,DFB-Team,Sports,DE,org,558,
2026-09-30,diane_keaton,2632959,Diane Keaton,Film & TV,US,person,927,
2026-09-30,diariodemallorca,163627,Diario de Mallorca,Media,ES,org,2065,
2026-09-30,didibofficial,3347212,Didi B Mojaveli,Music,CI,person,836,
2026-09-30,diljitdosanjh,26641307,DILJIT DOSANJH,Music,IN,person,224,Film & TV
2026-09-30,dilmarousseff,1625517,Dilma Rousseff,Public figures,BR,person,1171,
2026-09-30,dior,46633116,Dior Official,Fashion & beauty,FR,org,141,
2026-09-30,discord,2610909,Discord,Brands,US,org,930,
2026-09-30,dishapatani,60311703,disha patani (paatni),Film & TV,IN,person,89,
2026-09-30,disney,40046534,Disney,Film & TV,US,org,165,
2026-09-30,disneyfrozen,743006,Disney’s Frozen,Film & TV,US,org,1549,
2026-09-30,divyakirti.vikas,2629260,Vikas Divyakirti,Film & TV,IN,person,928,
2026-09-30,djokernole,16792461,Novak Djokovic,Sports,RS,person,327,
2026-09-30,doctor.yousef,2225287,𝐃𝐫. 𝐘𝐨𝐮𝐬𝐞𝐟 𝐀𝐛𝐨 𝐙𝐚𝐫𝐚𝐝 | دكتور يوسف,Creators,SY,person,998,
2026-09-30,dojacat,24339900,Doja Cat,Music,US,person,243,
2026-09-30,dollyparton,10174913,Dolly Parton,Music,US,person,465,
2026-09-30,donaldtusk,692210,Donald Tusk,Public figures,PL,person,1587,
2026-09-30,donkervoortcars,84811,Donkervoort | Dutch Supercars,Brands,,org,2149,
2026-09-30,dorachan_official,518514,【ドラえもん公式】ドラえもんチャンネル,Film & TV,JP,org,1728,
2026-09-30,dr_kasia_sterriker,1630969,Dr Eng. Kasia Sterriker,Other,,person,1170,
2026-09-30,draconitedragon,341402,Allen,Creators,CA,person,1924,
2026-09-30,dragana_mirkovic,1405035,Dragana Mirković,Music,RS,person,1253,
2026-09-30,drahmadinejad.ir,91429,دکتر محمود احمدی نژاد,Public figures,IR,person,2134,
2026-09-30,drewbarrymore,18794617,Drew Barrymore,Film & TV,US,person,292,
2026-09-30,ds17_fg,5199183,Dennis Schröder,Sports,DE,person,693,
2026-09-30,dualipa,88784578,DUA LIPA,Music,GB,person,44,
2026-09-30,dunknatachai,4268780,Dunk Natachai B.,Film & TV,TH,person,752,
2026-09-30,duolingo,5303636,Duolingo,Brands,,org,680,
2026-09-30,durefishans,8578874,Durefishan Saleem,Film & TV,PK,person,520,
2026-09-30,eceseckin,1804255,Ece Seçkin,Music,TR,person,1104,
2026-09-30,efprocycling,605889,EF Education–EasyPost,Sports,CH,org,1649,
2026-09-30,eintrachtfrankfurt,1366198,Eintracht Frankfurt Official,Sports,DE,org,1273,
2026-09-30,elalfaeljefe,13754413,Emanuel Herrera Batista,Music,DO,person,388,
2026-09-30,elbasy_nazarbayev,153516,Тұңғыш Президенттің Баспасөз қызметі,Public figures,KZ,person,2075,
2026-09-30,elishaphaneuf,830908,Elisha Cuthbert,Film & TV,CA,person,1501,
2026-09-30,elizabethtaylor,302720,Elizabeth Taylor,Film & TV,GB,person,1963,
2026-09-30,ellendegeneres,129859608,Ellen DeGeneres,Film & TV,US,person,31,
2026-09-30,elliotpage,5038580,Elliot Page,Film & TV,CA,person,697,
2026-09-30,elmagopopoficial,1705762,El Mago Pop,Film & TV,ES,person,1133,
2026-09-30,elown_kiffnobeat,1754658,EANIE MEANIE ST THOMAS,Music,CI,person,1118,
2026-09-30,elrubiuswtf,17392988,el rubius WTF,Creators,ES,person,313,
2026-09-30,elsabois,1626547,Elsa Bois,Film & TV,FR,person,1172,
2026-09-30,eltonjohn,6037382,Elton John,Music,GB,person,644,
2026-09-30,elvis,1989700,Elvis Presley,Music,US,person,1058,
2026-09-30,eminem,43880282,Marshall Mathers,Music,US,person,155,
2026-09-30,emmanuelmacron,6983342,Emmanuel Macron,Public figures,FR,person,576,
2026-09-30,emmawatson,70889477,Emma Watson,Film & TV,GB,person,66,
2026-09-30,england,14056547,England football team,Sports,GB,org,380,
2026-09-30,enhypen,22453659,ENHYPEN,Music,KR,org,252,
2026-09-30,equipedefrance,19200042,Equipe de France de Football,Sports,FR,org,286,
2026-09-30,ericclapton,1335409,Eric Clapton,Music,US,person,1289,
2026-09-30,espn,28786983,ESPN,Media,US,org,209,
2026-09-30,estevaowilian_,5267461,Estevão Willian,Sports,BR,person,685,
2026-09-30,estianomarjorie,1122808,Marjorie Estiano,Film & TV,BR,person,1366,
2026-09-30,europaleague,14645186,UEFA Europa League,Sports,,org,365,
2026-09-30,europeancommission,1234825,European Commission,Public figures,BE,org,1324,
2026-09-30,europeanparliament,886927,European Parliament,Public figures,,org,1472,
2026-09-30,europeanspaceagency,3419668,ESA - European Space Agency,Public figures,FR,org,824,
2026-09-30,eurovision,2340214,Eurovision Song Contest,Music,,org,976,
2026-09-30,everton,3388812,Everton,Sports,GB,org,830,
2026-09-30,evomoralesayma,298315,Evo Morales Ayma,Public figures,BO,person,1966,
2026-09-30,f1,44053909,FORMULA 1,Sports,,org,153,
2026-09-30,facebook,7630943,Facebook,Brands,US,org,555,
2026-09-30,fahd.el,1038832,Fahd EL,Creators,FR,person,1397,
2026-09-30,famousbirthdays,1824639,Famous Birthdays,Media,US,org,1096,
2026-09-30,fao,948738,Food & Agriculture Organization of the United Nations,Public figures,IT,org,1443,
2026-09-30,farfetch,6142455,FARFETCH,Brands,PT,org,633,
2026-09-30,fariana,6494914,FARIANA,Music,CO,person,603,
2026-09-30,fcbarcelona,148888524,FC Barcelona,Sports,ES,org,25,
2026-09-30,fcbayern,45633209,FC Bayern,Sports,DE,org,146,
2026-09-30,federicabrignone,490196,Federica Brignone,Sports,IT,person,1757,
2026-09-30,fernandoalo_oficial,7897594,Fernando Alonso,Sports,ES,person,548,
2026-09-30,ferrari,32412939,Ferrari,Brands,IT,org,193,
2026-09-30,festivaldecannes,1667063,Festival de Cannes,Film & TV,FR,org,1153,
2026-09-30,fhollande,235366,François Hollande,Public figures,FR,person,2013,
2026-09-30,fifaworldcup,66984178,FIFA World Cup,Sports,,org,78,
2026-09-30,firefox,386287,Firefox,Brands,,org,1871,
2026-09-30,forbes,7811227,Forbes,Media,US,org,550,
2026-09-30,ford,6759441,Ford Motor Company,Brands,US,org,592,
2026-09-30,forrestgumpfilm,61676,Forrest Gump,Film & TV,US,org,2182,
2026-09-30,francescototti,5552596,Francesco Totti,Sports,IT,person,665,
2026-09-30,franciscus,9726341,Pope Francis,Public figures,AR,person,478,
2026-09-30,francisfordcoppola,595361,Francis Ford Coppola,Film & TV,US,person,1656,
2026-09-30,franjo_v_allmen,327914,Franjo,Sports,CH,person,1932,
2026-09-30,franklampard,6658912,Frank Lampard,Sports,GB,person,594,
2026-09-30,franzbeckenbauer,565684,Franz Beckenbauer,Sports,DE,person,1671,
2026-09-30,freddiemercury,1527791,Freddie Mercury,Music,GB,person,1205,
2026-09-30,frickcollection,433311,The Frick Collection,Public figures,US,org,1816,
2026-09-30,friends,12580233,Friends,Film & TV,US,org,405,
2026-09-30,fujiikaze,3407701,Fujii Kaze,Music,JP,person,826,
2026-09-30,g20org,199411,G20 USA,Public figures,,org,2044,
2026-09-30,gal_gadot,103407614,Gal Gadot,Film & TV,IL,person,38,
2026-09-30,gameofthrones,9231346,Game of Thrones,Film & TV,US,org,492,
2026-09-30,ganni,1683279,GANNI,Fashion & beauty,DK,org,1148,
2026-09-30,garethbale11,51086111,Gareth Bale,Sports,GB,person,126,
2026-09-30,gatorsfb,612042,Florida Gators Football,Sports,US,org,1642,
2026-09-30,geewonii,14250202,김지원,Film & TV,KR,person,375,
2026-09-30,genewilder_official,87513,Gene Wilder,Music,US,person,2143,
2026-09-30,georgeharrisonofficial,1398298,George Harrison,Music,GB,person,1255,
2026-09-30,georgemofficial,1268254,George Michael,Music,GB,person,1313,
2026-09-30,georgerussell63,9237214,George Russell,Sports,GB,person,489,
2026-09-30,georgewbush,1533934,George W. Bush,Public figures,US,person,1202,
2026-09-30,georginagio,78273894,Georgina Rodríguez,Fashion & beauty,ES,person,56,
2026-09-30,geprekbensu,810708,Geprek Bensu,Brands,ID,org,1508,
2026-09-30,getyourguide,1719593,GetYourGuide,Brands,DE,org,1124,
2026-09-30,ggani8918,609956,김가은,Film & TV,KR,person,1644,
2026-09-30,ggonekim,6862891,Kim Go-eun,Film & TV,KR,person,587,
2026-09-30,gianluigibuffon,11032137,Gianluigi Buffon,Sports,IT,person,450,
2026-09-30,gigihadid,73540277,Gigi Hadid,Fashion & beauty,US,person,64,
2026-09-30,gilliana,3895608,Gillian Anderson,Film & TV,US,person,784,
2026-09-30,giorgiameloni,8129071,Giorgia Meloni,Public figures,IT,person,541,
2026-09-30,giorgino_abraham,5950318,Papi G,Film & TV,ID,person,647,
2026-09-30,gippygrewal,7974576,𝗚𝗶𝗽𝗽𝘆 𝗚𝗿𝗲𝘄𝗮𝗹,Film & TV,IN,person,546,Music
2026-09-30,girleatworld,294068,Girl Eat World,Creators,,org,1973,
2026-09-30,giuseppeconte_ufficiale,1880193,Giuseppe Conte,Public figures,IT,person,1086,
2026-09-30,go_wonhee,856653,고원희 wonheego,Film & TV,KR,person,1487,
2026-09-30,goldenglobes,2701144,Golden Globes,Film & TV,US,org,911,
2026-09-30,gongyoo_official,6091494,YOO,Film & TV,KR,person,639,
2026-09-30,google,15773913,Google,Brands,US,org,342,
2026-09-30,googlemaps,1521600,Google Maps,Media,US,org,1208,
2026-09-30,gordongram,19488674,Gordon Ramsay,Film & TV,GB,person,281,
2026-09-30,gorin,448689,オリンピック (The Olympic Games),Sports,CH,org,1796,
2026-09-30,got7.with.igot7,6259961,GOT7,Music,KR,org,628,
2026-09-30,govpritzker,545968,Governor JB Pritzker,Public figures,US,org,1697,
2026-09-30,goyounjung,13169482,고윤정,Film & TV,KR,person,400,
2026-09-30,gregorypeck100,2195,Gregory Peck,Film & TV,US,person,2289,
2026-09-30,gretathunberg,17085154,Greta Thunberg,Public figures,SE,person,321,
2026-09-30,gucci,50581120,GUCCI,Fashion & beauty,IT,org,129,
2026-09-30,guerlain,2475008,Guerlain,Fashion & beauty,FR,org,952,
2026-09-30,guiestopaoficial,14991,Gui e Estopa,Film & TV,BR,org,2255,
2026-09-30,guillermolasso,538105,Guillermo Lasso Mendoza,Public figures,EC,person,1704,
2026-09-30,guinnessworldrecords,11049836,Guinness World Records,Media,GB,org,449,
2026-09-30,gukesh.official,1678472,Gukesh,Sports,IN,person,1149,
2026-09-30,gun_atthaphan,6318497,Atthaphan Phunsawat,Film & TV,TH,person,623,
2026-09-30,guy.ariya,362720,Viratsan Ariyapongpisal,Creators,TH,person,1897,
2026-09-30,guy2bezbarofficial,613976,C O C O J O J O R9 #LaJeunesseDorée,Music,FR,person,1641,
2026-09-30,gwynethpaltrow,9180796,Gwyneth Paltrow,Film & TV,US,person,495,
2026-09-30,haileesteinfeld,20303266,hailee steinfeld,Film & TV,US,person,275,
2026-09-30,haileybieber,58762300,Hailey Rhode Bieber,Fashion & beauty,US,person,96,
2026-09-30,halleberry,9566871,Halle Berry,Film & TV,US,person,482,
2026-09-30,hamid.karzai,1006,hamid.karzai,Public figures,AF,person,2297,
2026-09-30,handemiyy,32228046,Hande Erçel,Film & TV,TR,person,194,
2026-09-30,hanshintigers_official,860341,阪神タイガース,Sports,JP,org,1486,
2026-09-30,harpermurrayy,419833,harps,Sports,US,person,1833,
2026-09-30,harrystyles,45753399,Harry Styles,Music,GB,person,145,
2026-09-30,harvard,3377123,Harvard University,Public figures,US,org,832,
2026-09-30,hec_paris,78345,HEC Paris,Brands,FR,org,2160,
2026-09-30,hegdepooja,28051625,Pooja Hegde,Film & TV,IN,person,216,
2026-09-30,helenmirren,1264448,Helen Mirren,Film & TV,US,person,1315,
2026-09-30,hellopapa11,1533774,임수향 Imsoohyang,Film & TV,KR,person,1203,
2026-09-30,hi_high_hiy,24096112,황인엽,Film & TV,KR,person,244,
2026-09-30,hihyunwoo,3265361,이현우,Film & TV,KR,person,841,
2026-09-30,hillaryclinton,6530797,Hillary Clinton,Public figures,US,person,600,
2026-09-30,hjonghyun,1806159,홍종현,Film & TV,KR,person,1103,
2026-09-30,honda,6114905,Honda,Brands,JP,org,637,
2026-09-30,honeymoon,24844838,LANA DEL REY,Music,US,person,240,
2026-09-30,hotwiu30,1902529,WIU,Music,BR,person,1080,
2026-09-30,hrvy,3377895,HRVY,Music,GB,person,833,
2026-09-30,hudabeauty,56240785,HUDA BEAUTY,Brands,,org,110,
2026-09-30,humphreybogart,73534,Humphrey Bogart,Film & TV,US,person,2166,
2026-09-30,hunterschafer,6934505,Hunter,Film & TV,US,person,582,
2026-09-30,hye_yoon1110,6233568,김혜윤,Film & TV,KR,person,630,
2026-09-30,hyorin_min,2178607,민효린,Film & TV,KR,person,1010,
2026-09-30,hyunbeenshin,671830,신현빈 Hyunbeen Shin,Film & TV,KR,person,1603,
2026-09-30,iaeaorg,159974,IAEA,Public figures,AT,org,2070,
2026-09-30,iamcardib,160950870,Cardi B,Music,US,person,23,
2026-09-30,iamjuhichawla,2328031,Juhi Chawla Mehta,Film & TV,IN,person,981,
2026-09-30,iamsarkivibez,723,Sarki Vibez,Music,NG,person,2299,
2026-09-30,iamsrk,48396613,Shah Rukh Khan,Film & TV,IN,person,136,
2026-09-30,ianmckellen,3100774,Ian McKellen,Film & TV,GB,person,862,
2026-09-30,ibm,744234,IBM,Brands,US,org,1547,
2026-09-30,ichiromizuki,10858,Ichiro Mizuki,Music,JP,person,2268,
2026-09-30,icrc,359488,Int Committee of the Red Cross,Public figures,CH,org,1907,
2026-09-30,ifbaoficial,97078,Instituto Federal da Bahia,Brands,BR,org,2126,
2026-09-30,ihibaqadir,2325400,Hiba Qadir ہبّہ قادر,Film & TV,PK,person,982,
2026-09-30,ikeausa,2605716,IKEA USA,Brands,SE,org,932,
2026-09-30,ikercasillas,20381903,Iker Casillas,Sports,ES,person,274,
2026-09-30,illit_official,8127726,ILLIT 아일릿,Music,KR,org,540,
2026-09-30,illusomina,5912000,Shinmina,Film & TV,KR,person,650,
2026-09-30,ilmeteoit,488608,iLMeteo,Media,IT,org,1759,
2026-09-30,imaginedragons,10064827,Imagine Dragons,Music,US,org,468,
2026-09-30,imbosslee,319710,Jessie Lee Ward,Creators,US,person,1946,
2026-09-30,imdb,4220388,IMDb,Film & TV,GB,org,755,
2026-09-30,imhyoseop,14207273,안효섭,Film & TV,KR,person,376,
2026-09-30,imrankhan.pti,10310331,Imran Khan,Public figures,PK,person,463,
2026-09-30,imszmc_,626486,PABLO,Music,PH,person,1635,
2026-09-30,incindia,15634978,Congress,Public figures,IN,org,346,
2026-09-30,inhyuk_bb,2847875,배인혁,Film & TV,KR,person,890,
2026-09-30,inna,3592725,INNA,Music,RO,person,806,
2026-09-30,instagram,686610581,Instagram,Brands,US,org,1,
2026-09-30,institutegc,38094,Tony Blair Institute for Global Change,Public figures,GB,person,2209,
2026-09-30,intel,1842750,Intel,Brands,US,org,1089,
2026-09-30,inter,14729860,Inter,Sports,IT,org,363,
2026-09-30,internationalcriminalcourt,400753,International Criminal Court,Public figures,,org,1856,
2026-09-30,interpol_hq,221099,INTERPOL,Public figures,FR,org,2030,
2026-09-30,interstellarmovie,216377,Interstellar Movie,Film & TV,US,org,2032,
2026-09-30,investopedia,551939,Investopedia,Media,,org,1687,
2026-09-30,iplt20,13359107,IPL,Sports,IN,org,396,
2026-09-30,ironmaiden,4680676,Iron Maiden,Music,GB,org,722,
2026-09-30,isabellacastillodv,1640762,Isabella Castillo,Film & TV,US,person,1163,
2026-09-30,ishankishan23,11272226,Ishan Kishan,Sports,IN,person,439,
2026-09-30,ishowspeed,55222062,IShowSpeed,Creators,US,person,114,
2026-09-30,isostandards,20516,ISO,Public figures,CH,org,2242,
2026-09-30,iss,9142374,International Space Station,Public figures,,org,498,
2026-09-30,itisriti,2658673,Sriti Jha,Film & TV,IN,person,918,
2026-09-30,itsbobbyshmurda,4708642,Bobby Shmurda,Music,US,person,720,
2026-09-30,itsdanielmac,2780955,Daniel Mac,Creators,US,person,898,
2026-09-30,ivestarship,6956725,IVE 아이브,Music,KR,org,579,
2026-09-30,iwonhoyou,2476591,원호 WONHO,Music,KR,person,951,
2026-09-30,j.m,60136399,JIMIN,Music,KR,person,90,
2026-09-30,jacindaardern,1641500,Jacinda Ardern,Public figures,NZ,person,1162,
2026-09-30,jackblack,16537557,Jack Black,Film & TV,US,person,330,
2026-09-30,jackiechan,8516294,Jackie Chan 成龍,Film & TV,US,person,524,
2026-09-30,jadelavoie,1333910,Jade Lavoie,Creators,CA,person,1290,
2026-09-30,jairmessiasbolsonaro,26357193,Jair M. Bolsonaro,Public figures,BR,person,230,
2026-09-30,jam.rachata,1085119,Jam Rachata,Film & TV,TH,person,1381,
2026-09-30,james.spmk,2144005,JAMES SU,Film & TV,TH,person,1021,
2026-09-30,jamescameronofficial,852915,James Cameron,Film & TV,NZ,person,1490,
2026-09-30,jamesrodriguez10,50161730,James Rodríguez,Sports,CO,person,131,
2026-09-30,jamieoliver,10581023,Jamie Oliver,Film & TV,GB,person,460,
2026-09-30,janefonda,2861296,Jane Fonda,Film & TV,US,person,888,
2026-09-30,janegoodallinst,1940238,Dr. Jane Goodall,Public figures,GB,person,1069,
2026-09-30,janerichsen,819058,Jan Hakon Erichsen,Creators,NO,person,1504,
2026-09-30,janetjackson,8516411,Janet Jackson,Music,US,person,523,
2026-09-30,janetsworld3,2328803,Janet Dannehl - Luxury Travel & Adventure,Creators,DE,person,980,
2026-09-30,janienineeleven,4686269,911,Music,US,person,721,
2026-09-30,janisjoplin,656954,Janis Joplin,Music,US,person,1610,
2026-09-30,jannatmirza_,6322135,Jannat Mirza,Creators,PK,person,622,
2026-09-30,jannik.schuemann,362900,Jannik Schümann,Film & TV,DE,person,1898,
2026-09-30,jasonstatham,46050007,Jason Statham,Film & TV,GB,person,144,
2026-09-30,jaya.ahsan,3302055,Jaya Ahsan,Film & TV,IN,person,838,
2026-09-30,jaytatum0,7148598,Jayson Tatum,Sports,US,person,570,
2026-09-30,jbalvin,49233229,J Balvin,Music,CO,person,133,
2026-09-30,jbayleaf,6629831,JONATHAN BAILEY,Film & TV,GB,person,598,
2026-09-30,jdvance,3003485,JD Vance,Sports,US,person,873,
2026-09-30,jeanpaulbelmondo_,46708,Jean-Paul Belmondo,Film & TV,FR,person,2200,
2026-09-30,jeffbezos,4998547,Jeff Bezos,Public figures,US,person,700,
2026-09-30,jennierubyjane,89437627,J,Music,KR,person,43,
2026-09-30,jenniferaniston,44670142,Jennifer Aniston,Film & TV,US,person,148,
2026-09-30,jensstoltenberg,223653,Jens Stoltenberg,Public figures,NO,person,2026,
2026-09-30,jeon.yeobeen,1831633,전여빈 Yeobeen Jeon,Film & TV,KR,person,1093,
2026-09-30,jeremyleeminer,1437304,Jeremy Miner,Public figures,US,person,1240,
2026-09-30,jeremyrenner,19468088,Jeremy Renner,Film & TV,US,person,283,
2026-09-30,jessicaalba,22009672,Jessica Alba,Film & TV,FR,person,260,
2026-09-30,jetli,4665079,Jet Li,Film & TV,SG,person,723,
2026-09-30,jichangwook,27536641,지창욱,Film & TV,KR,person,221,
2026-09-30,jilwww,4059918,정일우 JUNGILWOO,Film & TV,KR,person,765,
2026-09-30,jimihendrix,1394743,Jimi Hendrix,Music,US,person,1259,
2026-09-30,jimmiejohnson,539417,Jimmie Johnson,Sports,US,person,1702,
2026-09-30,jimmy_wales,389,Jimmy Wales,Public figures,GB,person,2308,
2026-09-30,jin,56616423,Jin of BTS,Music,KR,person,107,
2026-09-30,jinkijoo,2507696,진기주,Film & TV,KR,person,949,
2026-09-30,jiraishin99,1687367,KIM JIHUN,Film & TV,KR,person,1146,
2026-09-30,jj_1986_jj,2494302,𝐊𝐈𝐌𝐉𝐀𝐄𝐉𝐎𝐎𝐍𝐆,Music,KR,person,950,
2026-09-30,jlo,240023036,Jennifer Lopez,Music,US,person,17,Film & TV
2026-09-30,jmena,7038223,Jimena Barón,Music,AR,person,572,
2026-09-30,johancruyff,2256735,Johan Cruyff,Sports,NL,person,989,
2026-09-30,johnnycash,711097,Johnny Cash,Music,US,person,1567,
2026-09-30,johnnydepp,29241889,Johnny Depp,Film & TV,US,person,206,Music
2026-09-30,johntravolta,5834915,John Travolta,Film & TV,US,person,654,
2026-09-30,johnwayneofficial,370606,"John Wayne ""The Duke""",Film & TV,US,person,1889,
2026-09-30,jokowi,55752193,Joko Widodo,Public figures,ID,person,112,
2026-09-30,jolin_cai,4807075,JOLIN 蔡依林,Music,TW,person,713,
2026-09-30,jonasvingegaard,1007398,Jonas Vingegaard,Sports,,person,1410,
2026-09-30,jonvoight,113786,Jon Voight,Film & TV,US,person,2110,
2026-09-30,josefinfrid,1234094,JOSEFINE FRIDA,Film & TV,NO,person,1326,
2026-09-30,josemourinho,6050848,Jose Mourinho,Sports,PT,person,643,
2026-09-30,joshduhamel,2660036,Josh Duhamel,Film & TV,US,person,917,
2026-09-30,joshlilj,6941698,𝐉𝐨𝐬𝐡 𝐋𝐢𝐥𝐣𝐞𝐧𝐪𝐮𝐢𝐬𝐭,Creators,US,person,580,
2026-09-30,joyannreid,1511465,Joy-Ann Reid,Media,US,person,1211,
2026-09-30,jrjswn,1234541,정건주,Film & TV,KR,person,1325,
2026-09-30,juanfutbol,689907,juanfutbol,Sports,MX,org,1589,
2026-09-30,juanmanuelsantos,495780,Juan Manuel Santos,Public figures,CO,person,1752,
2026-09-30,juliaaburch,1995178,Julia Burch,Creators,CA,person,1056,
2026-09-30,juliagillard,151074,Julia Gillard,Public figures,AU,person,2077,
2026-09-30,juliannemoore,2903226,Julianne Moore,Film & TV,US,person,884,
2026-09-30,juliaroberts,14270982,Julia Roberts,Film & TV,US,person,374,
2026-09-30,julieandrews,520740,Julie Andrews,Film & TV,GB,person,1724,
2026-09-30,juma_jux,8119556,Juma_jux,Music,TZ,person,542,
2026-09-30,jumpman23,25714773,Jordan,Sports,US,person,237,
2026-09-30,jungdabiny,676539,정다빈,Film & TV,KR,person,1599,
2026-09-30,juninhomanella,3018994,Junior Manella,Creators,BR,person,869,
2026-09-30,justinpjtrudeau,4543361,Justin Trudeau,Film & TV,CA,person,731,
2026-09-30,justintimberlake,68889830,Justin Timberlake,Music,US,person,70,Film & TV
2026-09-30,juttaleerdam,6299043,Jutta Leerdam,Sports,NL,person,626,
2026-09-30,juventus,58981566,Juventus,Sports,IT,org,94,
2026-09-30,k.a_innsoo,1777217,유인수,Film & TV,KR,person,1116,
2026-09-30,k.kbeom,6895468,김범 kimbum,Film & TV,KR,person,586,
2026-09-30,k.mbappe,136882699,Kylian Mbappé,Sports,FR,person,30,
2026-09-30,k_hanna_,2002603,강한나 / ʜᴀɴɴᴀ ᴋᴀɴɢ,Film & TV,KR,person,1054,
2026-09-30,kagramana,4111544,Роман Каграманов,Music,RU,person,761,
2026-09-30,kajakallas,212307,Kaja Kallas,Public figures,EE,person,2034,
2026-09-30,kajol,18728840,Kajol Devgan,Film & TV,IN,person,295,
2026-09-30,kaka,28359073,Kaká,Sports,BR,person,213,
2026-09-30,kanwal.135,4734971,Kanwal Aftab,Creators,PK,person,718,
2026-09-30,kaoru.m.0520,1339455,三笘薫,Sports,JP,person,1288,
2026-09-30,kareenakapoorkhan,14014602,Kareena Kapoor Khan,Film & TV,IN,person,384,
2026-09-30,karimbenzema,74404508,Karim Benzema,Sports,FR,person,63,
2026-09-30,karolg,70443172,KAROL G,Music,CO,person,68,
2026-09-30,katrinakaif,78653940,Katrina Kaif,Film & TV,IN,person,55,
2026-09-30,katy_ann_xo,649250,Katy Ann,Film & TV,US,person,1613,
2026-09-30,katyperry,195291908,KATY PERRY,Music,US,person,19,
2026-09-30,kaznews,1110714,NUR.KZ,Media,KZ,org,1373,
2026-09-30,keirstarmer,846804,Keir Starmer,Public figures,GB,person,1492,
2026-09-30,kendalljenner,277585720,Kendall,Fashion & beauty,US,person,12,Film & TV
2026-09-30,kendokaponi,2239674,El grinch,Music,US,person,996,
2026-09-30,kenzo,2173585,KENZO,Brands,FR,org,1011,
2026-09-30,kevincostner,2888232,Kevin Costner,Film & TV,US,person,885,
2026-09-30,kevinhart4real,171966387,Kevin Hart,Film & TV,US,person,22,
2026-09-30,kfc,2036869,KFC,Brands,US,org,1046,
2026-09-30,khabkrai,69783,Хабаровский край,Public figures,RU,org,2172,
2026-09-30,khaby00,78006268,Khabane Lame,Creators,IT,person,58,
2026-09-30,khloekardashian,291549897,Khloé Kardashian,Film & TV,US,person,10,
2026-09-30,kikkafede88,2004565,Federica Pellegrini,Sports,IT,person,1053,
2026-09-30,kim_mee_kyung,403538,김미경,Film & TV,KR,person,1852,
2026-09-30,kimkardashian,343854754,Kim Kardashian,Film & TV,US,person,8,Fashion & beauty
2026-09-30,kingjames,153800310,kingjames,Sports,US,person,24,
2026-09-30,kipandco,348083,Kip&Co,Brands,AU,org,1916,
2026-09-30,kirstendunst,2635115,Kirsten Dunst,Film & TV,US,person,926,
2026-09-30,kj_ieun,1380395,김지은,Film & TV,KR,person,1266,
2026-09-30,kobebryant,20108235,Kobe Bryant,Sports,US,person,277,
2026-09-30,kofiannan,69848,Kofi Annan,Public figures,GH,person,2170,
2026-09-30,kolinda_gk,305308,Kolinda Grabar-Kitarović,Public figures,HR,person,1962,
2026-09-30,kollegahderboss,2104362,FELIX BLUME,Music,DE,person,1029,
2026-09-30,kourtneykardash,209176243,Kourtney Kardashian Barker,Film & TV,US,person,18,
2026-09-30,krisjenner,50119446,Kris Jenner,Film & TV,US,person,132,
2026-09-30,kristenanniebell,15820174,kristen bell,Film & TV,US,person,340,
2026-09-30,kritisanon,57911666,Kriti Sanon,Film & TV,IN,person,100,
2026-09-30,krnangel621,296169,"고성희 / Ko, Sung-Hee",Film & TV,US,person,1968,
2026-09-30,kto940620,2717914,강태오,Film & TV,KR,person,905,
2026-09-30,kwakdongyeon0,3777702,곽동연,Film & TV,KR,person,796,
2026-09-30,kygomusic,5533423,Kygo,Music,NO,person,666,
2026-09-30,kyliejenner,380823188,Kylie,Fashion & beauty,US,person,6,Film & TV
2026-09-30,kylieminogue,3590594,Kylie Minogue,Music,GB,person,807,
2026-09-30,l__lijah,392188,Lee Elijah,Film & TV,KR,person,1865,
2026-09-30,ladygaga,61172143,Lady Gaga,Music,US,person,87,Film & TV
2026-09-30,lalalalisa_m,105977635,LISA,Music,TH,person,35,Film & TV
2026-09-30,laliga,55618440,LALIGA,Sports,ES,org,113,
2026-09-30,lanacondor,10585577,Lana Condor,Film & TV,US,person,459,
2026-09-30,lancearmstrong,617078,Lance Armstrong,Sports,US,person,1640,
2026-09-30,larry_page,482,Larry Page,Public figures,US,person,2305,
2026-09-30,laruinashow,469594,La Ruina,Creators,ES,org,1779,
2026-09-30,lauraacunaayala,4407007,Laurita Acuña - Presentadora,Film & TV,CO,person,740,
2026-09-30,layalabboud,4322237,Layal Abboud,Music,LB,person,745,
2026-09-30,le2jh,8048843,이준호,Film & TV,KR,person,544,Music
2026-09-30,leagueoflegends,4595840,League of Legends,Brands,US,org,725,
2026-09-30,ledzeppelin,1837236,Led Zeppelin,Music,,org,1092,
2026-09-30,lee_kiwoo,325350,Lee Ki Woo,Film & TV,KR,person,1934,
2026-09-30,leejunhyuk05,992270,이준혁,Film & TV,KR,person,1421,
2026-09-30,leesoohyuk,5373393,Lee Soo-hyuk,Film & TV,KR,person,675,
2026-09-30,leeyoum262,6306787,이유미,Film & TV,KR,person,625,
2026-09-30,lelepons,52099657,Lele Pons,Creators,VE,person,122,
2026-09-30,lenameyerlandrut,5522639,Lena,Music,DE,person,667,
2026-09-30,leomessi,516936248,Leo Messi,Sports,AR,person,3,
2026-09-30,leonardcohen,321666,Leonard Cohen,Music,CA,person,1940,
2026-09-30,leonardodicaprio,58744015,Leonardo DiCaprio,Film & TV,US,person,97,
2026-09-30,lestikejora,28418112,Lestikejora,Music,ID,person,212,
2026-09-30,letourdefrance,3261893,Tour de France,Sports,FR,org,843,
2026-09-30,lewishamilton,44055473,Lewis Hamilton,Sports,GB,person,154,
2026-09-30,lgbt,2038561,LGBT,Media,,org,1045,
2026-09-30,librarycongress,472227,Library of Congress,Public figures,US,org,1776,
2026-09-30,liladowns,560621,Lila Downs,Music,MX,person,1678,
2026-09-30,lilmabu,1646777,mabu,Music,US,person,1159,
2026-09-30,lindseyvonn,3615075,L I N D S E Y • V O N N,Sports,US,person,804,
2026-09-30,linkinpark,11751863,LINKIN PARK,Music,US,org,430,
2026-09-30,liverpoolfc,48317097,Liverpool Football Club,Sports,GB,org,137,
2026-09-30,lizzobeeating,11179315,Lizzo,Music,US,person,446,
2026-09-30,logitechg,4339621,Logitech G,Brands,,org,743,
2026-09-30,lordiofficial,72053,Ｌｏｒｄｉ,Music,FI,org,2168,
2026-09-30,louist91,18488365,Louis Tomlinson,Music,GB,person,300,
2026-09-30,louisvuitton,55092238,Louis Vuitton,Fashion & beauty,FR,org,116,
2026-09-30,loumusiqueofficiel,341234,LouMusiqueOfficiel,Music,FR,person,1925,
2026-09-30,love3175989,316086,경수진,Film & TV,KR,person,1952,
2026-09-30,loverrukk,4344620,Love Pattranite (เลิฟ),Film & TV,TH,person,742,
2026-09-30,lsy_810815,337376,이상윤 Lee Sang Yun,Film & TV,KR,person,1927,
2026-09-30,luciia,3924994,Lucia Lachkovic,Public figures,SK,person,779,
2026-09-30,lufthansa,1713646,Lufthansa,Brands,DE,org,1128,
2026-09-30,luisjorgerios,92632,Luis Jorge Rios,Film & TV,US,person,2132,
2026-09-30,luissuarez9,46627607,Luis Suárez,Sports,UY,person,142,
2026-09-30,lukamodric10,39657578,Luka Modric,Sports,HR,person,166,
2026-09-30,lulaoficial,15499325,Luiz Inácio Lula da Silva,Public figures,BR,person,345,
2026-09-30,lululemon,5884016,lululemon,Fashion & beauty,CA,org,652,
2026-09-30,m10_official,26613688,Mesut Özil,Sports,DE,person,225,
2026-09-30,m_kayoung,13489687,MUN KA YOUNG,Film & TV,KR,person,390,
2026-09-30,m_phelps00,3787159,Michael Phelps,Sports,US,person,794,
2026-09-30,madonna,20502442,Madonna,Music,US,person,271,
2026-09-30,magnus_carlsen,2406597,Magnus Carlsen,Sports,NO,person,963,
2026-09-30,maia.sandu,295209,Maia Sandu,Public figures,MD,person,1972,
2026-09-30,malala,4566135,Malala Yousafzai,Public figures,PK,person,729,
2026-09-30,maligoshik,2635243,Anna Malygon,Creators,UA,person,924,
2026-09-30,maluma,63523388,MALUMA,Music,CO,person,83,
2026-09-30,mamassomos,470931,Somos Mamás,Media,AR,org,1778,
2026-09-30,mammootty,5217953,Mammootty,Film & TV,IN,person,689,
2026-09-30,mancity,57059047,Manchester City,Sports,GB,org,104,
2026-09-30,mangelrogel,2600215,Mangel,Creators,ES,person,935,
2026-09-30,manuelneuer,15030041,Manuel Neuer,Sports,DE,person,353,
2026-09-30,manurios,9057923,Manu Rios,Film & TV,ES,person,503,
2026-09-30,manutd,66127434,Manchester United,Sports,GB,org,79,
2026-09-30,maradona,8204271,Diego Maradona,Sports,AR,person,538,
2026-09-30,marcelotwelve,67108231,Marcelo Vieira,Sports,BR,person,77,
2026-09-30,marcomaterazzi,1208558,Marco Materazzi,Sports,IT,person,1339,
2026-09-30,margaret_cho,439634,Margaret Cho,Film & TV,US,person,1808,
2026-09-30,mariahcarey,14883008,Mariah Carey,Music,US,person,359,
2026-09-30,marianorajoy,86603,Mariano Rajoy Brey,Public figures,ES,person,2145,
2026-09-30,mariasharapova,4819501,Maria Sharapova,Sports,RU,person,712,
2026-09-30,mariasmrngkr,321581,Maria Simorangkir,Music,ID,person,1942,
2026-09-30,marine_lepen,782979,Marine Le Pen,Public figures,FR,person,1526,
2026-09-30,markwahlberg,30447424,Mark Wahlberg,Film & TV,US,person,198,Music
2026-09-30,martinahingis80,337133,Martina Hingis,Sports,CH,person,1928,
2026-09-30,martinscorsese_,2331702,Martin Scorsese,Film & TV,US,person,979,
2026-09-30,marvel,65128287,Marvel Entertainment,Brands,US,org,80,
2026-09-30,massgov,20737,Mass.gov,Other,US,org,2241,
2026-09-30,massimobottura,1634301,Massimo Bottura,Public figures,IT,person,1168,
2026-09-30,matt_damon_official,279118,Matt Damon,Film & TV,US,person,1988,
2026-09-30,matteorenzi,402032,Matteo Renzi,Public figures,IT,person,1853,
2026-09-30,matthewlillard,2597830,Matthew Lillard,Film & TV,US,person,936,
2026-09-30,maxverstappen1,19096496,Max Verstappen,Sports,NL,person,289,
2026-09-30,mazdafar.momeni,1633454,مزدافَر مؤمنی,Public figures,IR,person,1169,
2026-09-30,mcdsg,317044,McDonald's Singapore,Brands,US,org,1950,
2026-09-30,mdh0925_,316291,민도희,Music,KR,person,1951,
2026-09-30,meennicha8,1794453,ᵂ ˡ † ᴴ,Sports,TH,person,1110,
2026-09-30,meganfox,23949065,Megan Fox,Film & TV,US,person,246,
2026-09-30,melaniatrump,4446874,Melania Trump,Fashion & beauty,SI,person,736,
2026-09-30,mercedesamgf1,16788823,Mercedes-AMG PETRONAS F1 Team,Sports,GB,org,325,
2026-09-30,mercedesbenz,39080967,Mercedes-Benz,Brands,DE,org,168,
2026-09-30,merzcdu,342145,Friedrich Merz,Public figures,DE,person,1923,
2026-09-30,metallica,14686308,Metallica,Music,US,org,364,
2026-09-30,metegokofficial,620318,Mete GÖK,Film & TV,TR,person,1638,
2026-09-30,michaelbjordan,25872589,Michael B. Jordan,Film & TV,US,person,236,
2026-09-30,michaeljackson,17130773,Michael Jackson,Music,US,person,318,
2026-09-30,michaelkirkdouglas,2064189,Michael Douglas,Film & TV,US,person,1041,
2026-09-30,michaelschumacher,1662406,Michael Schumacher,Sports,DE,person,1155,
2026-09-30,michelleobama,57179093,Michelle Obama,Public figures,US,person,103,
2026-09-30,michellepfeifferofficial,3909970,Michelle Pfeiffer,Film & TV,US,person,783,
2026-09-30,michelleyeoh_official,2714319,Michelle Yeoh 楊紫瓊,Film & TV,MY,person,906,
2026-09-30,mickeymouse,3237838,Mickey Mouse,Film & TV,US,org,849,
2026-09-30,mickjagger,3562689,Mick Jagger,Music,GB,person,811,
2026-09-30,microsoft,4556608,Microsoft,Brands,US,org,730,
2026-09-30,mikaelashiffrin,1688975,MIKAELA SHIFFRIN,Sports,US,person,1145,
2026-09-30,miketyson,33557475,Mike Tyson,Sports,US,person,187,
2026-09-30,milanskriniar,1460569,Milan Škriniar,Sports,SK,person,1231,
2026-09-30,milesdavis,356965,Miles Davis,Music,US,person,1909,
2026-09-30,millajovovich,4971746,Milla Jovovich,Film & TV,US,person,703,
2026-09-30,min_namkoong,1798514,남궁민,Film & TV,KR,person,1108,
2026-09-30,minalkhan.official,10608816,Minal khan,Film & TV,PK,person,456,
2026-09-30,minecraft,15278259,Minecraft,Sports,SE,org,350,
2026-09-30,minkakelly,1395466,Minka Kelly,Film & TV,US,person,1256,
2026-09-30,minniedlamini,5200160,Minnie Dlamini,Film & TV,ZA,person,690,
2026-09-30,mintsungrace,346452,박하선 朴河宣 parkhaseon,Film & TV,KR,person,1918,
2026-09-30,missbotez,977012,Alexandra Botez,Creators,US,person,1436,
2026-09-30,mitpics,740,Faces of MIT,Brands,US,org,2298,
2026-09-30,mittromney,171064,Mitt Romney,Public figures,US,person,2059,
2026-09-30,mixxiw,3779886,Mixxiw,Film & TV,TH,person,795,
2026-09-30,mmarkpkk,2693824,Pakin Kunaanuwit,Film & TV,TH,person,913,
2026-09-30,mollymae,8704473,Molly-Mae,Creators,GB,person,513,
2026-09-30,monicabellucciofficiel,6361968,Monica Bellucci,Film & TV,IT,person,619,
2026-09-30,montaner,8813683,Ricardo Montaner,Music,VE,person,511,
2026-09-30,moonjaein,1157450,문재인,Public figures,KR,person,1354,
2026-09-30,mora,3706331,Mora,Music,US,person,800,
2026-09-30,morganfreeman,4242322,Morgan Freeman,Film & TV,US,person,754,
2026-09-30,mosalah,67920986,Mohamed Salah,Sports,EG,person,73,
2026-09-30,moshereuven,1700805,𝗠𝗢𝗦𝗛𝗘 𝗥𝗘𝗨𝗩𝗘𝗡,Music,US,person,1137,
2026-09-30,mossad_career,60036,Mossad-Career,Public figures,IL,org,2184,
2026-09-30,mothermothermusic,693419,Mother Mother,Music,CA,org,1584,
2026-09-30,moynislam,469113,Moyn Islam,Public figures,GB,person,1781,
2026-09-30,mr.car,1133885,mr.car,Public figures,NO,person,1361,
2026-09-30,mrbeast,89943924,MrBeast,Creators,US,person,42,
2026-09-30,mrsamclaflin,3878281,Sam Claflin,Film & TV,GB,person,788,
2026-09-30,museelouvre,5342210,Musée du Louvre,Other,FR,org,677,
2026-09-30,museeorsay,1635202,Musée d'Orsay,Public figures,FR,org,1167,
2026-09-30,my_songjihyo,3889580,송지효(Song Ji Hyo),Film & TV,KR,person,786,
2026-09-30,mydealz.de,540994,mydealz,Brands,DE,org,1701,
2026-09-30,nadegeimpote,899828,Nadege Impote,Music,CD,person,1464,
2026-09-30,nadia_murad,511885,Nadia Murad,Public figures,IQ,person,1736,
2026-09-30,nala_cat,4260580,Nala Cat,Creators,,org,753,
2026-09-30,nanon_korapat,5877946,NANON,Film & TV,TH,person,653,
2026-09-30,nardwuar,2650428,The Human Serviette,Sports,CA,person,919,
2026-09-30,narendramodi,106754977,Narendra Modi,Public figures,IN,person,34,
2026-09-30,nasa,104318753,NASA,Media,US,org,36,
2026-09-30,nasahubble,6715424,Hubble Space Telescope,Public figures,US,org,593,
2026-09-30,nasawebb,3571573,NASA Webb Telescope,Media,US,org,809,
2026-09-30,nataliaoreirosoy,1701560,Natalia Oreiro|Наталия Орейро,Music,ES,person,1134,
2026-09-30,natalieportman,9314546,Natalie Portman,Film & TV,IL,person,488,
2026-09-30,natasha_museveni_karugire,383478,Kainembabazi,Film & TV,UG,person,1875,
2026-09-30,natgeo,268489684,National Geographic,Media,US,org,15,
2026-09-30,nations_unies,210973,Nations Unies,Public figures,US,org,2036,
2026-09-30,nato,2462154,NATO,Public figures,BE,org,956,
2026-09-30,navalny,2589314,Алексей Навальный,Public figures,RU,person,939,
2026-09-30,nba,87942949,NBA,Sports,US,org,45,
2026-09-30,nbcnews,4660097,NBC News,Media,US,org,724,
2026-09-30,nehakakkar,76115105,Neha Kakkar,Music,IN,person,62,
2026-09-30,neowsibora,943152,Neha,Other,IN,person,1448,
2026-09-30,net_siraphop,2165753,Siraphop Manithikhun 陈欣博,Film & TV,TH,person,1015,
2026-09-30,netflix,42413422,Netflix US,Film & TV,US,org,159,
2026-09-30,new_cwr,4341222,NuNew Chawarin,Music,TH,person,744,
2026-09-30,newwiee,4894694,New Thitipoom,Film & TV,TH,person,707,
2026-09-30,neymarjr,241768606,Neymar Jr,Sports,BR,person,16,
2026-09-30,nfl,32758566,NFL,Sports,US,org,191,
2026-09-30,nicolasmaduro,2352104,Nicolás Maduro,Public figures,VE,person,972,
2026-09-30,nicolassarkozy,416350,Nicolas Sarkozy,Public figures,FR,person,1837,
2026-09-30,nicolekidman,11452514,Nicole Kidman,Film & TV,AU,person,437,
2026-09-30,nightwish,523454,Nightwish,Music,FI,org,1718,
2026-09-30,nihaachuu,1365486,Niki,Creators,DE,person,1274,
2026-09-30,nike,291080480,Nike,Brands,US,org,11,
2026-09-30,nina,27884669,Nina Dobrev,Film & TV,CA,person,217,
2026-09-30,nirvana,85389,Nirvana Magazine,Media,US,org,2148,
2026-09-30,noakirel,1840677,Noa Kirel Peretz,Music,IL,person,1091,
2026-09-30,nobelprize_org,130,나는 노벨상을 훔쳤습니다. I stole the Nobel Prize.,Other,SE,org,2312,
2026-09-30,nochedepatas,392635,Noche de Patas,Film & TV,PE,org,1862,
2026-09-30,noemiofficial,831307,NOEMI,Music,IT,person,1500,
2026-09-30,nokia,989157,Nokia,Brands,FI,org,1426,
2026-09-30,notredamedeparis,250821,Cathédrale Notre-Dame de Paris,Other,FR,org,2007,
2026-09-30,notristantate,1786860,The Talisman,Creators,GB,person,1112,
2026-09-30,novah.music,2473019,Novah,Music,BE,person,954,
2026-09-30,nufc,3758263,Newcastle United,Sports,GB,org,799,
2026-09-30,nytimes,20473461,The New York Times,Media,US,org,272,
2026-09-30,odegaard.98,7759420,Martin Ødegaard,Sports,NO,person,553,
2026-09-30,office,36094,OFFICE Kersten Geers David Van Severen,Brands,,org,2216,
2026-09-30,official.raycharles,158288,Ray Charles,Music,US,person,2072,
2026-09-30,official.unismuh,40141,Universitas Muhammadiyah Makassar,Media,ID,org,2208,
2026-09-30,official_enya,306277,Enya,Music,IE,person,1960,
2026-09-30,official_kard,3450978,KARD,Music,KR,org,822,
2026-09-30,official_msu,26404,МГУ имени М.В.Ломоносова,Public figures,RU,org,2232,
2026-09-30,official_sslazio,1222341,S.S. Lazio,Sports,IT,org,1332,
2026-09-30,officialagathachristie,323580,Agatha Christie Ltd,Public figures,GB,person,1937,
2026-09-30,officialasroma,7258923,AS Roma,Sports,IT,org,566,
2026-09-30,officialbankofbaroda,1225431,Bank of Baroda,Brands,IN,org,1328,
2026-09-30,officialfrandrescher,1803288,Fran Drescher,Film & TV,US,person,1105,
2026-09-30,officialjld,1934872,Julia Louis-Dreyfus,Film & TV,US,person,1071,
2026-09-30,officialmotorhead,1476658,Motörhead,Music,GB,org,1224,
2026-09-30,officialqueenmusic,6445972,Queen,Music,GB,org,609,
2026-09-30,officialsb19,1277281,SB19 Official,Music,PH,org,1310,
2026-09-30,officialslystallone,19508555,Sly Stallone,Film & TV,US,person,280,
2026-09-30,officialsscnapoli,5330327,SSC Napoli,Sports,IT,org,678,
2026-09-30,ofracosmetics,1587469,OFRA Cosmetics Makeup & Skin Care Made in the USA,Fashion & beauty,US,org,1183,
2026-09-30,ohvely22,2207408,오연서,Film & TV,KR,person,1003,
2026-09-30,olafscholz,293541,Olaf Scholz,Public figures,DE,person,1975,
2026-09-30,olamide,11049979,Olamidé,Music,NG,person,448,
2026-09-30,oliviarodrigo,42312694,Olivia Rodrigo,Music,US,person,160,
2026-09-30,olympics,16030196,The Olympic Games,Sports,,org,338,
2026-09-30,om_kulthum,159983,أم كلثوم,Music,EG,person,2069,
2026-09-30,omah_lay,4952144,OMAH LAY,Music,NG,person,704,
2026-09-30,onedirection,22653406,One Direction,Music,GB,org,250,
2026-09-30,onlyfans,2699926,OnlyFans,Media,GB,org,912,
2026-09-30,oohsehun,22082066,SEHUN,Music,KR,person,259,
2026-09-30,openai,6642998,OpenAI,Brands,US,org,597,
2026-09-30,openstreetmap,7121,OpenStreetMap,Brands,GB,org,2275,
2026-09-30,oprah,22100331,Oprah,Film & TV,US,person,258,
2026-09-30,orbanviktor,356289,Orbán Viktor,Sports,HU,person,1911,
2026-09-30,othmanbenhamiofficiel,385500,Benhami Othman عثمان بنحمي,Music,MA,person,1872,
2026-09-30,ovyonthedrums,2117734,OVY,Music,CO,person,1025,
2026-09-30,oxford_uni,2354684,The University of Oxford,Public figures,GB,org,969,
2026-09-30,oxygen,336457,Oxygen True Crime,Media,US,org,1929,
2026-09-30,ozgecangurelofficial,6007298,Özge Gürel,Film & TV,TR,person,645,
2026-09-30,ozzyosbourne,8409689,Ozzy Osbourne,Music,GB,person,526,
2026-09-30,palermofficial,411986,Palermo F.C. Official,Sports,IT,org,1842,
2026-09-30,pamelaanderson,5431922,Pamela Anderson,Film & TV,US,person,670,
2026-09-30,paramore,3871055,paramore,Music,US,org,789,
2026-09-30,parishilton,26438228,Paris Hilton,Film & TV,US,person,227,Music
2026-09-30,patrianuevapr,50399,Patria Nueva Cuenta Oficial,Public figures,US,org,2195,
2026-09-30,paulmccartney,5270505,Paul McCartney,Music,GB,person,683,
2026-09-30,paulocoelho,2252610,Paulo Coelho,Music,BR,person,991,
2026-09-30,paulpogba,63484979,Paul Labile Shakur Pogba,Sports,FR,person,84,
2026-09-30,paulwalker,19188048,Paul Walker,Film & TV,US,person,287,
2026-09-30,pavolhabera,318723,Pavol Habera,Music,SK,person,1947,
2026-09-30,peachjars,441147,Peach Jars,Creators,US,person,1807,
2026-09-30,pele,18237233,Pelé,Sports,BR,person,301,
2026-09-30,penelopecruzoficial,7252120,Penélope Cruz,Film & TV,ES,person,567,
2026-09-30,pepsi,2377740,pepsi,Brands,US,org,968,
2026-09-30,petosagan,1896152,Peter Sagan,Sports,SK,person,1082,
2026-09-30,piercebrosnanofficial,2183676,Pierce Brosnan,Film & TV,GB,person,1009,
2026-09-30,pinkfloyd,5220789,Pink Floyd,Music,GB,org,688,
2026-09-30,pitelgiovanna,1241326,Pitel,Film & TV,BR,person,1321,
2026-09-30,pokemon_jpn,2473146,ポケモン公式,Media,JP,org,953,
2026-09-30,polgranch,895841,Pol Granch,Music,FR,person,1466,
2026-09-30,postmalone,26386026,postmalone,Music,US,person,228,
2026-09-30,potus,18759898,President Donald J. Trump,Public figures,US,org,293,
2026-09-30,pourmoiltd,291731,Pour Moi,Brands,,org,1976,
2026-09-30,prattprattpratt,43087013,Chris Pratt,Film & TV,US,person,157,
2026-09-30,pravitelstvo_rd,225215,Правительство РД,Media,RU,org,2025,
2026-09-30,premierleague,80410007,Premier League,Sports,GB,org,52,
2026-09-30,president_serzhsargsyan,123459,Serzh Sargsyan,Public figures,AM,person,2106,
2026-09-30,presidentaz,1700515,Ilham Aliyev,Public figures,AZ,person,1136,
2026-09-30,presjgzuma,89183,Jacob G Zuma,Public figures,ZA,person,2140,
2026-09-30,prezydent_pl,553883,Prezydent RP,Public figures,PL,person,1684,
2026-09-30,primkung.haha,418548,พรรควุฒิ ปิ่นเวหา,Sports,TH,person,1835,
2026-09-30,prince,1216277,Prince,Music,US,person,1334,
2026-09-30,princeandprincessofwales,17456782,The Prince and Princess of Wales,Public figures,GB,person,310,
2026-09-30,princeton,522448,Princeton University,Public figures,US,org,1721,
2026-09-30,priyankachopra,92869948,Priyanka,Film & TV,IN,person,41,
2026-09-30,psg,67370782,Paris Saint-Germain,Sports,FR,org,75,
2026-09-30,rachel_mypark,11941728,박민영 Park Min Young,Film & TV,KR,person,424,
2026-09-30,rachellevinberg,245967,Rachelle,Film & TV,US,person,2009,
2026-09-30,raf_camora,1802040,RAF Camora,Music,AT,person,1107,
2026-09-30,rafaelnadal,21072669,Rafa Nadal,Sports,ES,person,267,
2026-09-30,raftaarmusic,4044880,RAFTAAЯ,Music,IN,person,767,
2026-09-30,rageagainstthemachine,1906996,Rage Against The Machine,Music,US,org,1078,
2026-09-30,rainbwoah,337873,Rainbow,Creators,CA,person,1926,
2026-09-30,raisi.ir,3033624,سید ابراهیم رئیسی,Public figures,IR,person,867,
2026-09-30,raka_sidan,76788,AA Raka Sidan,Music,,org,2163,
2026-09-30,raybradburyofficial,11521,Ray Bradbury Official,Film & TV,US,person,2267,
2026-09-30,rayssalealsk8,8243000,Rayssa Leal,Sports,BR,person,537,
2026-09-30,real_scrip,2043683,Скриптонит,Music,KZ,person,1043,
2026-09-30,realdonaldtrump,44131075,President Donald J. Trump,Public figures,US,person,152,
2026-09-30,realmadrid,181174780,Real Madrid C.F.,Sports,ES,org,20,
2026-09-30,realmikejfox,2707868,Michael J Fox,Film & TV,US,person,908,
2026-09-30,realstraykids,33665087,Stray Kids,Music,KR,org,185,
2026-09-30,redgol,362255,RedGol,Sports,CL,org,1901,
2026-09-30,redvelvet.smtown,11542362,Red Velvet Official,Music,KR,org,435,
2026-09-30,reesewitherspoon,30253897,Reese Witherspoon,Film & TV,US,person,200,
2026-09-30,renmakesmusic,3914682,Ren,Music,GB,person,782,
2026-09-30,richmavoko,2304818,Billionea kid,Music,TZ,person,984,
2026-09-30,ringostarrmusic,1662276,Ringo Starr,Music,GB,person,1154,
2026-09-30,rishisunakmp,3207568,Rishi Sunak,Public figures,GB,person,851,
2026-09-30,rkive,53733338,RM,Music,KR,person,120,
2026-09-30,roald_dahl,104698,Roald Dahl,Film & TV,NO,person,2117,
2026-09-30,robertdowneyjr,58892627,Robert Downey Jr.,Film & TV,US,person,95,
2026-09-30,robinvanpersie,5309785,Robin van Persie,Sports,NL,person,679,
2026-09-30,rogerfederer,13348612,Roger Federer,Sports,CH,person,397,
2026-09-30,rohyoonseo,3363489,노윤서,Film & TV,KR,person,835,
2026-09-30,ronaldinho,81090049,Ronaldo de Assis Moreira,Sports,BR,person,51,
2026-09-30,rosalia.vt,27832748,LA ROSALÍA,Music,ES,person,218,
2026-09-30,roses_are_rosie,83021067,ROSÉ,Music,NZ,person,49,
2026-09-30,rouge,315602,Rouge,Music,BR,org,1954,
2026-09-30,round2hell,3465075,Round2hell Official,Creators,IN,org,818,
2026-09-30,rterdogan,11580561,Recep Tayyip Erdoğan,Public figures,TR,person,433,
2026-09-30,russellcrowe,1582100,Russell Crowe,Film & TV,NZ,person,1186,
2026-09-30,ryusdb,2871124,RYUJUNYEOL,Film & TV,KR,person,886,
2026-09-30,s.v.lavrov,254970,Сергей Лавров Sergey Lavrov,Public figures,RU,person,2004,
2026-09-30,saakashvilim,132411,Mikheil Saakashvili,Public figures,,person,2093,
2026-09-30,sadiesink_,35093897,Sadie Sink,Film & TV,US,person,182,
2026-09-30,salmahayek,29260639,Salma Hayek Pinault,Film & TV,FR,person,205,
2026-09-30,samuelljackson,9074465,Samuel L Jackson,Film & TV,GA,person,501,
2026-09-30,samuliesword,2122510,김민석,Film & TV,KR,person,1023,
2026-09-30,sanamchauhdry,2730353,Sanam Chauhdry,Film & TV,PK,person,902,
2026-09-30,sanchezcastejon,2080385,Pedro Sánchez,Public figures,ES,person,1035,
2026-09-30,sandrabullock,7198507,Sandra Bullock,Film & TV,US,person,568,
2026-09-30,sangrejaponesa,7459809,EUGENIA,Film & TV,AR,person,563,
2026-09-30,sannamarin,1054054,Sanna Marin,Public figures,FI,person,1388,
2026-09-30,sarahconnor,1033099,Sarah Connor,Music,DE,person,1401,
2026-09-30,sarahkhanofficial,12728309,Mrs.Falak,Film & TV,PK,person,403,
2026-09-30,sarahpalin97,259780,Sarah Palin,Fashion & beauty,US,person,2002,
2026-09-30,saraya,5919873,Saraya Bevis,Sports,GB,person,649,
2026-09-30,scarpa_world,194805,SCARPA,Brands,IT,org,2047,
2026-09-30,schwarzenegger,26764376,Arnold Schwarzenegger,Film & TV,AT,person,223,Sports; Public figures
2026-09-30,scottcbakken,448570,Scott Bakken,Creators,CA,person,1797,
2026-09-30,sea_tawinan,2646902,𝐓𝐚𝐰𝐢𝐧𝐚𝐧 𝐀. 小海,Film & TV,TH,person,920,
2026-09-30,seanmikekelly,12064514,Sean Kelly,Public figures,US,person,419,
2026-09-30,sebastianvettel,3813870,Sebastian Vettel,Sports,DE,person,792,
2026-09-30,sefutbol,9376615,Selección Española Masculina de Fútbol,Sports,ES,org,487,
2026-09-30,sehatokar,152730,موقع صحتك,Media,,org,2076,
2026-09-30,selenagomez,403055385,Selena Gomez,Music,US,person,4,Film & TV
2026-09-30,selenaqofficial,2203104,Selena,Music,US,person,1004,
2026-09-30,selly,2243704,Andrei Șelaru,Music,RO,person,994,
2026-09-30,senjohnmccain,64033,John McCain,Sports,US,person,2176,
2026-09-30,sensanders,2638886,U.S. Senator Bernie Sanders,Public figures,US,person,925,
2026-09-30,seokj1012,5109116,서강준,Film & TV,KR,person,696,
2026-09-30,seonho__kim,12948841,김선호,Film & TV,KR,person,402,
2026-09-30,serenawilliams,17801992,Serena Williams,Sports,US,person,307,
2026-09-30,sergioramos,69843625,Sergio Ramos,Sports,ES,person,69,
2026-09-30,seriea,12005540,Lega Serie A,Sports,IT,org,421,
2026-09-30,shakira,103320058,Shakira,Music,CO,person,39,
2026-09-30,shawnmendes,68606946,Shawn Mendes,Music,CA,person,72,
2026-09-30,shengwangtime,345483,Sheng Wang,Film & TV,TW,person,1921,
2026-09-30,shervinine,4410727,Shervin Hajipour,Music,IR,person,739,
2026-09-30,shinhs831,5271504,신혜선 Shin hae sun,Film & TV,KR,person,684,
2026-09-30,shinzoabe,602683,安倍 晋三,Public figures,JP,person,1651,
2026-09-30,shraddhakapoor,92921938,Shraddha,Film & TV,IN,person,40,
2026-09-30,sidhu_moosewala,18114992,Sidhu Moosewala (ਮੂਸੇ ਆਲਾ),Music,IN,person,304,
2026-09-30,silvioberlusconi_official,562410,Silvio Berlusconi,Public figures,IT,person,1676,
2026-09-30,simgesagin,1826349,Simge,Music,TR,person,1095,
2026-09-30,simonahegerova,553703,SIMA,Music,SK,person,1685,
2026-09-30,simonebiles,11810806,SIMONE BILES,Sports,US,person,428,
2026-09-30,simonpegg,1857628,Simon Pegg,Film & TV,GB,person,1088,
2026-09-30,sinaportofficial,500081,Sina Port • Brand Strategist,Public figures,DE,person,1747,
2026-09-30,skuolanet,1049539,Skuola.net,Media,IT,org,1392,
2026-09-30,skype,645364,Skype,Brands,,org,1619,
2026-09-30,slavojzizeks,247099,Slavoj Žižek,Film & TV,SI,person,2008,
2026-09-30,smtown,13916032,SM Entertainment Group,Music,KR,org,386,
2026-09-30,snoopdogg,86752869,snoopdogg,Music,US,person,47,
2026-09-30,sochi2014,36155,Sochi 2014,Sports,RU,org,2215,
2026-09-30,somin_jj,6323381,정소민,Film & TV,KR,person,621,
2026-09-30,songilkook,2419096,1958,Film & TV,KR,person,961,
2026-09-30,songyoona2015,311851,yoona,Film & TV,KR,person,1957,
2026-09-30,sonygroup.global,83074,Sony Group – Global,Brands,JP,org,2152,
2026-09-30,sooriland,2643161,soroush rezaee,Film & TV,IR,person,923,
2026-09-30,sooyaaa__,80056080,JISOO,Music,KR,person,53,Film & TV
2026-09-30,sophiathomalla,1452342,S O P H I A T H O M A L L A,Film & TV,DE,person,1234,
2026-09-30,sophiemudd,2585087,Sophie Mudd,Creators,US,person,941,
2026-09-30,souhilamallem,5829235,سهيلة معلم | Souhila Mallem,Film & TV,DZ,person,655,
2026-09-30,southpark,6376323,South America,Film & TV,US,org,616,
2026-09-30,spacex,17367553,SpaceX,Brands,US,org,314,
2026-09-30,spdde,171547,SPD,Public figures,DE,org,2058,
2026-09-30,speakerpelosi,1503547,Nancy Pelosi,Public figures,US,person,1214,
2026-09-30,spotify,14557889,Spotify,Music,SE,org,367,
2026-09-30,springsteen,2394756,Bruce Springsteen,Music,US,person,966,
2026-09-30,spursofficial,17003080,Tottenham Hotspur,Sports,GB,org,322,
2026-09-30,squidgamenetflix,3460867,Squid Game,Film & TV,KR,org,819,
2026-09-30,srchafreen,4574748,freen (ฟรีน),Film & TV,TH,person,728,
2026-09-30,sriritajensen,4118045,Sririta Jensen Narongdej,Film & TV,TH,person,760,
2026-09-30,ssinz7,14941110,박신혜/Shin Hye Park,Film & TV,KR,person,358,
2026-09-30,stanford,1471895,Stanford University,Public figures,US,org,1227,
2026-09-30,startrek,693393,Star Trek,Film & TV,US,org,1585,
2026-09-30,starwars,17099339,Star Wars,Film & TV,US,org,320,
2026-09-30,stephenharper,27918,Stephen Harper,Music,CA,person,2229,
2026-09-30,stephenking,1714817,Stephen King,Film & TV,US,person,1126,
2026-09-30,su1023_,2964068,신은수,Film & TV,KR,person,876,
2026-09-30,suga.yoshihide,155139,菅 義偉,Public figures,JP,person,2073,
2026-09-30,sunnyleone,54647166,Sunny Leone,Film & TV,US,person,117,
2026-09-30,superman,1054890,Superman,Film & TV,,org,1387,
2026-09-30,susansarandon,2196411,Susan Sarandon,Film & TV,US,person,1007,
2026-09-30,susemee,1745881,임세미 Lim Semi,Film & TV,KR,person,1120,
2026-09-30,swr3online,357417,SWR3,Media,DE,org,1906,
2026-09-30,sydneyoperahouse,277639,Sydney Opera House,Film & TV,AU,org,1990,
2026-09-30,sysysy1102,1691746,김소연 kim so yeon,Film & TV,KR,person,1144,
2026-09-30,tadejpogacar,3136267,Tadej Pogačar,Sports,SI,person,859,
2026-09-30,tagesschau,6978574,tagesschau,Media,DE,org,577,
2026-09-30,tailopez,3005628,Tai Lopez,Film & TV,US,person,872,
2026-09-30,tanakareina.lovendor,411194,田中れいな,Music,JP,person,1843,
2026-09-30,tasnia_farin,2785860,Tasnia Farin,Film & TV,BD,person,897,
2026-09-30,tatawerneck,54539231,Tata Werneck,Film & TV,BR,person,118,
2026-09-30,tatemcrae,10002711,Tate McRae,Music,CA,person,471,
2026-09-30,tavicastro,5025770,Tavi Castro,Creators,NL,person,699,
2026-09-30,taylorlautner,11238835,Taylor Lautner,Music,US,person,443,
2026-09-30,taylorswift,272748998,Taylor Swift,Music,US,person,13,
2026-09-30,taytumandoakley,2862502,TAYTUM & OAKLEY FISHER,Creators,,org,887,
2026-09-30,teddysphotos,47238583,Ed Sheeran,Music,GB,person,139,
2026-09-30,tefivalenzuela,2840809,TEFI VALENZUELA,Music,PE,person,893,
2026-09-30,teletubbieshq,1165786,Teletubbies,Film & TV,GB,org,1352,
2026-09-30,ten,1702038,Khaled Mazeedi,Creators,KW,person,1132,
2026-09-30,teslamotors,9541172,Tesla,Brands,US,org,483,
2026-09-30,that_snowden,100359,Edward Snowden,Public figures,RU,person,2122,
2026-09-30,thatdanielwu,1898373,Daniel Wu 吴 彦 祖,Film & TV,US,person,1081,
2026-09-30,the_imf,321525,International Monetary Fund,Public figures,US,org,1941,
2026-09-30,the_oecd,164939,OECD,Public figures,FR,org,2063,
2026-09-30,theacademy,5712676,The Academy,Film & TV,US,org,661,
2026-09-30,thebeatles,5925173,The Beatles,Music,GB,org,648,
2026-09-30,thebiancadelrio,2571843,Bianca Del Rio,Film & TV,US,person,943,
2026-09-30,theblondebrewer,1584080,Jaron & Maggie,Creators,US,org,1185,
2026-09-30,thebursin,11213968,Kerem Bürsin,Film & TV,TR,person,444,
2026-09-30,thedoors,2426280,The Doors,Music,US,org,959,
2026-09-30,thegodfathermovie,281534,The Godfather,Film & TV,US,org,1985,
2026-09-30,thehotblend,497037,Alexandra Teleki,Creators,HU,person,1751,
2026-09-30,thehughjackman,33142915,Hugh Jackman,Film & TV,AU,person,189,Music
2026-09-30,thelastofus,1730397,The Last of Us,Film & TV,US,org,1122,
2026-09-30,themuseumofmodernart,6133635,MoMA The Museum of Modern Art,Other,US,org,636,
2026-09-30,theoceancleanup,2585739,The Ocean Cleanup,Public figures,,org,940,
2026-09-30,therealmargaretatwood,395963,Margaret Atwood,Public figures,CA,person,1858,
2026-09-30,therealstanlee,12028882,Stan Lee,Film & TV,US,person,420,
2026-09-30,theresamay,145792,Theresa May,Public figures,GB,person,2083,
2026-09-30,therock,381062193,Dwayne Johnson,Film & TV,US,person,5,Sports
2026-09-30,therollingstones,4302785,The Rolling Stones,Music,GB,org,747,
2026-09-30,thesimpsons,2110966,The Simpsons,Film & TV,US,org,1027,
2026-09-30,theweeknd,77473167,Abel,Music,CA,person,59,
2026-09-30,thierryhenry,6106568,Thierry Henry,Sports,FR,person,638,
2026-09-30,thisisbillgates,12052665,Bill Gates,Public figures,US,person,416,
2026-09-30,thomasangelvy,1430058,Thomas Angelvy,Film & TV,FR,person,1245,
2026-09-30,thv,76814950,V,Music,KR,person,60,
2026-09-30,tiaclair1,2079065,Tia-Clair Toomey-Orr,Sports,AU,person,1036,
2026-09-30,tiaraandini,8255841,TIARA,Music,ID,person,536,
2026-09-30,tigerjackieshroff,39200431,Tiger shroff,Film & TV,IN,person,167,
2026-09-30,tiktok,24839872,TikTok,Brands,CN,org,241,
2026-09-30,tim_pita,2934946,Tim Pita,Music,TH,person,880,
2026-09-30,tina_karol,1948680,Tina Karol,Music,UA,person,1067,
2026-09-30,tinasadri,597996,Tina Sadri,Public figures,US,person,1654,
2026-09-30,tinaturner,1360439,Tina Turner,Music,CH,person,1277,
2026-09-30,tinder,474175,Tinder,Brands,,org,1774,
2026-09-30,tinistoessel,21718677,tini,Music,AR,person,261,Film & TV
2026-09-30,titanicmovie,513368,Titanic,Film & TV,US,org,1735,
2026-09-30,tokyo2020,0,山口 徳彦,Other,JP,org,2327,
2026-09-30,tokyodisneyresort_official,4455834,東京ディズニーリゾート,Brands,JP,org,734,
2026-09-30,tomandjerry_jp,2337941,「トムとジェリー」公式,Film & TV,US,org,977,
2026-09-30,tomcruise,15581308,Tom Cruise,Film & TV,US,person,347,
2026-09-30,tomhanks,9805713,Tom Hanks,Film & TV,GR,person,475,
2026-09-30,tomholland2013,68662726,Tom Holland,Film & TV,GB,person,71,
2026-09-30,tongtong_thestar12,1333833,Tng,Film & TV,TH,person,1291,
2026-09-30,toniruediger,13222400,Antonio Rüdiger,Sports,DE,person,399,
2026-09-30,torispelling,1827548,TORI SPELLING,Film & TV,US,person,1094,
2026-09-30,toureiffelofficielle,715435,La tour Eiffel,Other,FR,org,1565,
2026-09-30,toutelalsace,29043,Toute l’Alsace,Other,FR,org,2225,
2026-09-30,toyota,10137595,TOYOTA,Brands,JP,org,467,
2026-09-30,trash_italiano,4430454,Trash Italiano,Media,,org,738,
2026-09-30,travisscott,58712083,flame,Music,US,person,98,
2026-09-30,trishapaytas,2097341,Trisha Paytas Hacmon,Creators,US,person,1030,
2026-09-30,trussliz,145230,Liz Truss,Public figures,GB,person,2084,
2026-09-30,tsai_ingwen,1208622,蔡英文,Public figures,TW,person,1338,
2026-09-30,u2,3865695,U2,Music,IE,org,790,
2026-09-30,uarmyhope,56743156,jhope,Music,KR,person,106,
2026-09-30,ubuntu_os,169185,Canonical Ubuntu,Other,,org,2061,
2026-09-30,uefs.br,3179,Univ. Est. de Feira de Santana,Media,BR,org,2284,
2026-09-30,ufc,50879924,UFC,Sports,US,org,128,
2026-09-30,umathurman,1824352,Uma Thurman,Film & TV,US,person,1097,
2026-09-30,unesco,3501366,UNESCO,Public figures,FR,org,816,
2026-09-30,unicef,11201790,UNICEF,Public figures,US,org,445,
2026-09-30,unicusano,31733,Università Niccolò Cusano | Corsi di Laurea e Master,Public figures,IT,org,2218,
2026-09-30,upworthy,4864806,Upworthy,Media,US,org,710,
2026-09-30,ursulakleguin,85700,Ursula K. Le Guin,Other,US,person,2147,
2026-09-30,ursulavonderleyen,799581,Ursula von der Leyen,Public figures,DE,person,1516,
2026-09-30,usainbolt,14059862,Usain St.Leo Bolt,Sports,JM,person,381,
2026-09-30,usavolleyball,975099,USA Volleyball,Sports,US,org,1437,
2026-09-30,usher,14025900,Usher,Music,US,person,382,
2026-09-30,valera_leontiev,226704,Валерий Леонтьев,Music,RU,person,2020,
2026-09-30,vanessahudgens,47724249,Vanessa Hudgens,Film & TV,US,person,138,Music
2026-09-30,varundvn,45079838,VarunDhawan,Film & TV,IN,person,147,
2026-09-30,vegetta777,6484290,Samuel De Luque,Creators,ES,person,604,
2026-09-30,vickyvette,1972699,Vicky Vette,Film & TV,NO,person,1062,
2026-09-30,victoriabeckham,33094290,Victoria Beckham,Fashion & beauty,GB,person,190,Music
2026-09-30,victoriassecret,76792932,Victoria's Secret,Fashion & beauty,US,org,61,
2026-09-30,vindiesel,103458732,Vin Diesel,Film & TV,US,person,37,
2026-09-30,vinijr,64001806,Vinicius Jr.,Sports,BR,person,82,
2026-09-30,virat.kohli,271532652,Virat Kohli,Sports,IN,person,14,
2026-09-30,vishy.mindmaster,353276,Viswanathan Anand,Sports,IN,person,1913,
2026-09-30,vp,15424036,Vice President JD Vance,Public figures,US,person,349,
2026-09-30,vp44,784351,Vice President Joe Biden,Public figures,US,person,1525,
2026-09-30,vp45,423309,VP Mike Pence Archived,Public figures,US,person,1830,
2026-09-30,vw,1040752,Volkswagen USA,Brands,DE,org,1395,
2026-09-30,warnerbrosentertainment,3548404,Warner Bros. Entertainment,Film & TV,US,org,813,
2026-09-30,washingtonpost,7614680,The Washington Post,Media,US,org,556,
2026-09-30,waynerooney,15711241,Wayne Rooney,Sports,GB,person,344,
2026-09-30,wdohwan,8384395,우도환,Film & TV,KR,person,528,
2026-09-30,wellahair,1710080,Wella Professionals,Brands,DE,org,1130,
2026-09-30,whatsapp,5364263,WhatsApp,Brands,,org,676,
2026-09-30,whinderssonnunes,54313127,Whindersson Nunes,Creators,BR,person,119,
2026-09-30,whitehouse,12501583,The White House,Public figures,US,org,409,
2026-09-30,whitneyhouston,2644703,Whitney Houston,Music,US,person,921,
2026-09-30,who,11755084,World Health Organization,Public figures,CH,org,431,
2026-09-30,whoopigoldberg,2219769,WhoopiGoldberg,Film & TV,US,person,1001,
2026-09-30,wikicommons,4655,Wikimedia Commons,Media,US,org,2280,
2026-09-30,wikimania.conference,3007,Wikimania Conference,Media,,org,2286,
2026-09-30,wikimediafoundation,30802,Wikimedia Foundation,Public figures,US,org,2220,
2026-09-30,wikipedia,835323,Wikipedia,Media,US,org,1498,
2026-09-30,wikipediaasianmonth,211,Wikipedia Asian Month,Media,,org,2311,
2026-09-30,wikiquoteesperanto,8,WikiquoteEsperanto,Media,US,org,2324,
2026-09-30,willsmith,67661093,Will Smith,Film & TV,US,person,74,Music
2026-09-30,winwithsashin,895497,Sashin Govender,Public figures,ZA,person,1467,
2026-09-30,wjclibrary42,34651,William J. Clinton Presidential Library & Museum,Public figures,US,person,2217,
2026-09-30,wjmild,3798799,𝑾𝑱𝑴𝑰𝑳𝑫,Film & TV,TH,person,793,
2026-09-30,wonderwoman,359176,Wonder Woman,Film & TV,US,org,1908,
2026-09-30,woodyallenofficial,90969,Woody Allen,Music,US,person,2137,
2026-09-30,wordpress,55305,WordPress,Other,,org,2188,
2026-09-30,worldbank,1224,The World Bank,Brands,US,org,2295,
2026-09-30,worldtradeorganization,88944,WTO OMC,Public figures,CH,org,2141,
2026-09-30,worow0ro,726104,Woro Widowati,Music,,person,1559,
2026-09-30,wwe,35435885,WWE,Brands,US,org,180,
2026-09-30,xdinaryheroes_official,2061364,Xdinary Heroes,Music,KR,org,1042,
2026-09-30,xeesoxee,16713433,한소희,Film & TV,KR,person,328,
2026-09-30,xtina,10310209,Christina Aguilera,Music,US,person,464,
2026-09-30,yahoo,794607,Yahoo,Brands,US,org,1519,
2026-09-30,yale,926525,Yale,Public figures,US,org,1455,
2026-09-30,yangasc,5190043,Young Africans Sports Club,Sports,TZ,org,691,
2026-09-30,ye,20441840,Ye,Music,US,person,273,Fashion & beauty
2026-09-30,yeyeji_seo,2342958,SEO YEA JI,Film & TV,KR,person,975,
2026-09-30,yim_siwang,4288430,임시완,Film & TV,KR,person,748,
2026-09-30,yjiinp,1120212,표예진,Film & TV,KR,person,1368,
2026-09-30,yokoono,703321,Yoko Ono,Music,JP,person,1574,
2026-09-30,yong.lixx,36525120,Felix,Music,AU,person,177,
2026-09-30,yoo_yeonseok,4504642,유연석,Film & TV,KR,person,732,
2026-09-30,yorkuniversity,102046,York University,Public figures,CA,org,2119,
2026-09-30,youtube,30443354,YouTube,Brands,US,org,199,
2026-09-30,yulia_tymoshenko,120502,Юлія Тимошенко,Public figures,UA,person,2108,
2026-09-30,yungmiami305,6405169,Caresha Brownlee,Music,US,person,612,
2026-09-30,yutohorigome,1961796,堀米雄斗,Sports,JP,person,1065,
2026-09-30,zacefron,57542716,Zac Efron,Film & TV,US,person,102,
2026-09-30,zachking,31927858,Zach King,Creators,US,person,195,
2026-09-30,zakon.kz,933394,СМИ zakon.kz,Media,KZ,org,1452,
2026-09-30,zara,61655787,ZARA,Fashion & beauty,ES,org,85,
2026-09-30,zaralarsson,13343461,Zara Larsson,Music,SE,person,395,
2026-09-30,zeepruk,4957941,Z,Film & TV,TH,person,705,
2026-09-30,zelenskyy_official,16045088,Володимир Зеленський,Public figures,UA,person,337,
2026-09-30,zendaya,178622993,Zendaya,Film & TV,US,person,21,
2026-09-30,zerocalcare,1594792,michele rech,Film & TV,IT,person,1182,
2026-09-30,zhivi_kuban,5585,#живиКубань,Sports,RU,org,2277,
2026-09-30,zidane,44467560,zidane,Sports,FR,person,150,
2026-09-30,zuck,17263903,Mark Zuckerberg,Public figures,US,person,316,
2026-10-01,03_hu,4285597,박지후,Film & TV,KR,person,749,
2026-10-01,0529.jihoon.ig,7779406,박지훈 Park Jihoon,Music,KR,person,552,
2026-10-01,0myoung_0526,2013973,공명,Film & TV,KR,person,1051,
2026-10-01,1.fcunion,366613,1. FC Union Berlin,Sports,DE,org,1895,
2026-10-01,290_83,468128,이규형,Film & TV,KR,person,1783,
2026-10-01,2pac,10914246,Tupac Shakur,Music,US,person,453,
2026-10-01,30secondstomars,1931466,THIRTY SECONDS TO MARS,Music,US,org,1073,
2026-10-01,3gerardpique,20966399,Gerard Piqué,Sports,ES,person,268,
2026-10-01,433,79645871,433,Media,,org,54,
2026-10-01,50cent,38695296,50 Cent,Music,US,person,171,
2026-10-01,5sergiob,6418840,Sergio Busquets,Sports,ES,person,611,
2026-10-01,9gag,51931557,9GAG: Go Fun The World,Media,HK,org,123,
2026-10-01,_choiiii__,8917224,최현욱,Film & TV,KR,person,508,
2026-10-01,_londonu,74748,University of London,Media,GB,org,2165,
2026-10-01,_maxhaase_,4099388,Max Haase - German Travel Influencer,Creators,DE,person,763,
2026-10-01,_rl9,38777442,Robert Lewandowski,Sports,PL,person,170,
2026-10-01,_seorina,10029380,설인아 sᴇᴏʀɪɴᴀ,Film & TV,KR,person,469,
2026-10-01,aagbanjh,2959620,안재현,Film & TV,KR,person,878,
2026-10-01,ab,15489977,Yawah Ben,Sports,US,person,348,
2026-10-01,abcnews,5824215,ABC News,Media,US,org,656,
2026-10-01,abdevilliers17,29530030,AB de Villiers,Sports,ZA,person,204,
2026-10-01,academie_paris,28297,Academie de Paris,Public figures,FR,org,2227,
2026-10-01,acdc,6446035,AC/DC,Music,AU,org,610,
2026-10-01,acffiorentina,1461620,ACF Fiorentina,Sports,IT,org,1230,
2026-10-01,acmilan,18190681,AC Milan,Sports,IT,org,302,
2026-10-01,actorvijay,19118794,Vijay,Film & TV,IN,person,288,
2026-10-01,adamsandler,26508993,Adam Sandler,Film & TV,US,person,226,
2026-10-01,adele,55935817,Adele,Music,GB,person,111,
2026-10-01,adidas,29724871,adidas,Brands,DE,org,203,
2026-10-01,adobe,2108936,Adobe,Brands,US,org,1028,
2026-10-01,aerosmith,3500820,Aerosmith,Music,US,org,817,
2026-10-01,afaseleccion,18481827,Selección Argentina,Sports,AR,org,299,
2026-10-01,afcajax,8665121,AFC Ajax,Sports,,org,516,
2026-10-01,afd.bund,461432,Alternative für Deutschland,Public figures,DE,org,1786,
2026-10-01,africanunion_official,72098,African Union (AU),Public figures,,org,2167,
2026-10-01,agnetha_official,76808,Agnetha Fältskog,Music,SE,person,2162,
2026-10-01,agnezmo,31126332,AGNEZ MO,Music,ID,person,197,
2026-10-01,agustd,55091078,SUGA of BTS 민윤기,Music,KR,person,115,
2026-10-01,ahmet_davutoglu,374450,Ahmet Davutoğlu,Public figures,TR,person,1886,
2026-10-01,airfrance,1579039,Air France,Brands,FR,org,1191,
2026-10-01,aishwaryaraibachchan_arb,14788336,AishwaryaRaiBachchan,Film & TV,IN,person,362,
2026-10-01,akon,11339472,AKON,Music,US,person,438,
2026-10-01,akparti,1703164,Adalet ve Kalkınma Partisi,Public figures,TR,org,1131,
2026-10-01,akshaykumar,64914711,Akshay Kumar,Film & TV,IN,person,81,
2026-10-01,alanis,1802681,Alanis Morissette,Music,CA,person,1106,
2026-10-01,albomp,687253,Anthony Albanese,Public figures,AU,person,1592,
2026-10-01,alecbaldwininsta,2606161,Alec Baldwin,Film & TV,US,person,931,
2026-10-01,alessandrodelpiero,5475586,Alessandro Del Piero,Sports,IT,person,668,
2026-10-01,alexandramalenaleclerc,5606599,Alexandra Leclerc,Creators,FR,person,663,
2026-10-01,alexistsipras,125518,Αλέξης Τσίπρας,Public figures,GR,person,2103,
2026-10-01,alfredyankovic,1273032,“Weird Al” Yankovic,Music,US,person,1311,
2026-10-01,algore,204798,Al Gore,Creators,US,person,2041,
2026-10-01,alhambra_oficial,137668,Alhambra de Granada,Other,ES,org,2092,
2026-10-01,aliaabhatt,85268225,Alia Bhatt,Film & TV,IN,person,48,
2026-10-01,alicecooper,1806806,Alice Cooper,Music,US,person,1102,
2026-10-01,aliciakeys,27219778,Alicia Keys,Music,US,person,222,
2026-10-01,alishalehmann7,15001000,Alisha Lehmann,Sports,CH,person,355,
2026-10-01,aljazeera,14470443,الجزيرة,Media,QA,org,370,
2026-10-01,allenginsbergofficial,70994,Allen Ginsberg Estate,Music,US,person,2169,
2026-10-01,alxjames,992810,ALX JAMES,Creators,US,person,1420,
2026-10-01,amanzasmith,1292238,Amanza Smith,Fashion & beauty,US,person,1305,
2026-10-01,amazon,6827029,Amazon,Brands,US,org,590,
2026-10-01,amcthewalkingdead,7034202,The Walking Dead,Film & TV,US,org,573,
2026-10-01,amitabhbachchan,36308204,Amitabh Bachchan,Film & TV,IN,person,178,
2026-10-01,amypellre,418,Amy Pell,Film & TV,US,org,2307,
2026-10-01,ananyapanday,26209666,Ananya,Film & TV,IN,person,232,
2026-10-01,anastaciamusic,499924,Anastacia,Music,US,person,1748,
2026-10-01,andreabocelliofficial,4011163,Andrea Bocelli,Music,IT,person,772,
2026-10-01,andreapirlo21,9583386,Andrea Pirlo Official,Sports,IT,person,481,
2026-10-01,andresiniesta8,42335759,Andres Iniesta,Sports,ES,person,161,
2026-10-01,andriyshevchenko,1498329,Andriy Shevchenko,Sports,UA,person,1215,
2026-10-01,andymurray,2271109,Andy Murray,Sports,GB,person,987,
2026-10-01,andyserkis,505686,Andrew Serkis,Film & TV,GB,person,1744,
2026-10-01,angelbcuriel,412724,Angel Curiel,Film & TV,US,person,1840,
2026-10-01,angeldimariajm,26342198,Ángel Di María,Sports,IT,person,231,
2026-10-01,angelinajolie,16372703,Angelina Jolie,Film & TV,KH,person,334,
2026-10-01,anitta,61068588,Anitta,Music,BR,person,88,
2026-10-01,annacathcart,6314131,Anna Cathcart,Film & TV,CA,person,624,
2026-10-01,annakournikova,2132688,Anna Kournikova Iglesias,Sports,RU,person,1022,
2026-10-01,annehathaway,44545245,Anne Hathaway,Film & TV,US,person,149,
2026-10-01,anthonybourdain,2703276,anthonybourdain,Film & TV,US,person,910,
2026-10-01,anthonyhopkins,6658420,Anthony Hopkins,Film & TV,US,person,595,
2026-10-01,antogriezmann,39049801,Antoine Griezmann,Sports,FR,person,169,
2026-10-01,antoniocostapm,125629,António Costa,Public figures,PT,person,2102,
2026-10-01,anushkasharma,67280451,AnushkaSharma1588,Film & TV,IN,person,76,
2026-10-01,anyataylorjoy,12042925,Anya Taylor-Joy,Film & TV,GB,person,417,
2026-10-01,aoc,9759927,Alexandria Ocasio-Cortez,Public figures,US,person,477,
2026-10-01,apec,37936,APEC Secretariat,Public figures,SG,org,2210,
2026-10-01,aplusk,4801432,Ashton Kutcher,Film & TV,US,person,714,
2026-10-01,apnews,2010643,The Associated Press (AP),Media,US,org,1052,
2026-10-01,apple,38015767,apple,Brands,US,org,174,
2026-10-01,arcdetriumpheofficiel,547,l'Arc de Triomphe,Other,FR,org,2302,
2026-10-01,arianagrande,362568206,Ariana Grande,Music,US,person,7,Film & TV
2026-10-01,arjenrobben,1624196,Arjen Robben,Sports,NL,person,1173,
2026-10-01,arsenal,32527283,Arsenal,Sports,GB,org,192,
2026-10-01,artdikaya_,1983786,Anastasia Andreenkova,Creators,RU,person,1061,
2026-10-01,asean,200438,ASEAN,Public figures,,org,2043,
2026-10-01,ashrafghani.af,164292,Barak,Public figures,US,person,2064,
2026-10-01,asmonaco,3103517,AS Monaco,Sports,MC,org,861,
2026-10-01,astonvilla,4774897,Aston Villa,Sports,GB,org,716,
2026-10-01,astromichaelcollins,79889,Michael Collins,Film & TV,US,person,2155,
2026-10-01,atalantabc,1186722,Atalanta B.C.,Sports,IT,org,1347,
2026-10-01,athleticclub,1757127,Athletic Club,Sports,ES,org,1117,
2026-10-01,atleticodemadrid,17924538,Atlético de Madrid,Sports,ES,org,305,
2026-10-01,australianopen,4356840,Australian Open,Sports,AU,org,741,
2026-10-01,avani,14823478,avani,Creators,US,person,361,
2026-10-01,avengers,14092876,Avengers,Film & TV,US,org,378,
2026-10-01,avicii,7155773,Avicii,Music,SE,person,569,
2026-10-01,avpbeach,410186,AVP Pro Beach Volleyball,Sports,US,org,1844,
2026-10-01,avrillavigne,13981553,Avril Lavigne,Music,FR,person,385,
2026-10-01,avucic,294653,Александар Вучић,Public figures,RS,person,1971,
2026-10-01,ayezakhan.ak,14630675,Ayeza Khan,Film & TV,PK,person,366,
2026-10-01,azteca,845267,TV Azteca,Film & TV,MX,org,1495,
2026-10-01,azzurri,6522147,Nazionale Italiana di Calcio,Sports,IT,org,602,
2026-10-01,badbunnypr,53367543,Benito Antonio,Music,PR,person,121,
2026-10-01,badgalriri,145778895,badgalriri,Music,BB,person,27,Fashion & beauty
2026-10-01,barackobama,42741815,Barack Obama,Public figures,US,person,158,
2026-10-01,barbie,3555634,Barbie,Brands,US,org,812,
2026-10-01,bardemantarctic,1696210,Javier Bardem,Film & TV,ES,person,1140,
2026-10-01,basilicasagradafamilia,596635,Basílica de la Sagrada Família,Other,ES,org,1655,
2026-10-01,basshunter_se,127566,Bᴀssʜᴜɴᴛᴇʀ,Music,SE,person,2097,
2026-10-01,bayer04fussball,4588643,Bayer 04 Leverkusen,Sports,DE,org,727,
2026-10-01,bbc,6935422,BBC,Media,GB,org,581,
2026-10-01,beijing2022,0,2022 Winter Olympics,Other,CN,org,2329,
2026-10-01,beingsalmankhan,72706367,Salman Khan,Film & TV,IN,person,65,
2026-10-01,belgianreddevils,1346946,Belgian Red Devils,Sports,BE,org,1282,
2026-10-01,bellahadid,59077366,Bella,Fashion & beauty,US,person,92,
2026-10-01,benstiller,2257500,Ben Stiller,Film & TV,US,person,988,
2026-10-01,berlinale,385009,Berlinale,Film & TV,DE,org,1873,
2026-10-01,besiktas,7939101,Beşiktaş JK,Sports,TR,org,545,
2026-10-01,bettymwhite,1686106,Betty White,Film & TV,US,person,1147,
2026-10-01,beyonce,298950875,Beyoncé,Music,US,person,9,
2026-10-01,bigbangtheory,3280965,The Big Bang Theory,Film & TV,US,org,840,
2026-10-01,bilanofficial,3881005,Dima Bilan,Music,RU,person,787,
2026-10-01,billieeilish,123783962,BILLIE EILISH,Music,US,person,32,
2026-10-01,bing,274098,Bing,Media,US,org,1995,
2026-10-01,blackpinkofficial,57706885,BLΛƆKPIИK,Music,KR,org,101,
2026-10-01,blacksabbath,5424331,Black Sabbath,Music,GB,org,672,
2026-10-01,blender.official,550599,Blender,Brands,,org,1689,
2026-10-01,blklivesmatter,3193315,Black Lives Matter (BLM),Public figures,US,org,852,
2026-10-01,bobdylan,1291706,Bob Dylan,Music,US,person,1306,
2026-10-01,bocajrs,10582315,Boca Juniors,Sports,AR,org,458,
2026-10-01,bolognafc1909,640467,Bologna FC 1909,Sports,IT,org,1622,
2026-10-01,bonjovi,3186004,Bon Jovi,Music,US,org,853,
2026-10-01,booboo2injo,1452007,강기영 Kiyoung Kang,Film & TV,KR,person,1235,
2026-10-01,borussia,1224115,Borussia Mönchengladbach | Bundesliga,Sports,DE,org,1330,
2026-10-01,borutpahor,161598,Borut Pahor,Public figures,SI,person,2067,
2026-10-01,brasil,26370100,CBF • Seleção Brasileira de Futebol,Sports,BR,org,229,
2026-10-01,brendan__fraser,238302,Brendan Fraser,Film & TV,CA,person,2012,
2026-10-01,brianmayforreal,3700896,Sir Brian May,Music,GB,person,801,
2026-10-01,brielarson,6364636,Brie Larson,Film & TV,US,person,618,
2026-10-01,british_airways,1668788,British Airways,Brands,GB,org,1151,
2026-10-01,britneyspears,41874776,Britney Spears,Music,US,person,162,
2026-10-01,brucelee,12574127,Bruce Lee,Film & TV,US,person,406,Sports
2026-10-01,brunomars,43639847,Bruno Mars,Music,US,person,156,
2026-10-01,bryanadams,1727086,Bryan Adams,Music,GB,person,1123,
2026-10-01,bryancranston,6144540,Bryan Cranston,Film & TV,US,person,632,
2026-10-01,bts.bighitofficial,81645936,BTS official,Music,KR,org,50,
2026-10-01,bundesliga,16981373,Bundesliga,Sports,DE,org,324,
2026-10-01,bundespraesident.steinmeier,434937,Bundespräsident Steinmeier,Public figures,DE,person,1812,
2026-10-01,bundeswehr,643187,Bundeswehr,Public figures,DE,org,1621,
2026-10-01,burgerking,2016611,Burger King,Brands,US,org,1048,
2026-10-01,bus.becauseofyouishine,1585029,BUS because of you i shine,Music,,org,1184,
2026-10-01,bvb09,20766891,Borussia Dortmund,Sports,DE,org,270,
2026-10-01,caf_online,6066911,CAF,Sports,EG,org,641,
2026-10-01,calle7panama,982399,CALLE 7 PANAMÁ,Film & TV,PA,org,1430,
2026-10-01,caltechedu,97221,Caltech,Public figures,US,org,2125,
2026-10-01,calvinbecerra,728120,Calvin Becerra,Public figures,US,person,1557,
2026-10-01,camdenstewarts,927039,Camden Stewart,Music,GB,person,1454,
2026-10-01,camerondiaz,12368923,Cameron Diaz,Film & TV,US,person,412,
2026-10-01,camila_cabello,61600951,camila,Music,US,person,86,
2026-10-01,candiceking,12041340,Candice King,Film & TV,US,person,418,
2026-10-01,caradelevingne,38178223,Cara Delevingne,Fashion & beauty,GB,person,172,Film & TV
2026-10-01,carlabruniofficial,1318222,Carla Bruni,Music,IT,person,1297,
2026-10-01,carlespuigdemont,282968,Carles Puigdemont,Public figures,ES,person,1984,
2026-10-01,catherinezetajones,6477960,Catherine Zeta-Jones,Film & TV,GB,person,605,
2026-10-01,cavaniofficial21,9795510,Edinson Cavani,Sports,UY,person,476,
2026-10-01,celinedion,11940817,Céline Dion,Music,CA,person,422,
2026-10-01,celticfc,1226613,Celtic Football Club,Sports,GB,org,1327,
2026-10-01,cern,1351263,CERN,Public figures,CH,org,1280,
2026-10-01,cescf4bregas,14407937,Cesc Fàbregas,Sports,ES,person,372,
2026-10-01,ceskarepre,276464,Česká fotbalová reprezentace,Sports,CZ,org,1992,
2026-10-01,chadwickboseman,10980468,Chadwick Boseman,Film & TV,US,person,451,
2026-10-01,champagnepapi,139963299,champagnepapi,Music,US,person,28,
2026-10-01,championsleague,120591656,UEFA Champions League,Sports,,org,33,
2026-10-01,chandlerhallow,5179549,Chandler Hallow,Creators,US,person,694,
2026-10-01,chanelofficial,59024118,CHANEL,Brands,FR,org,93,
2026-10-01,chappellroan,7701484,･ﾟ: * Chappell Roan *:･ﾟ,Music,US,person,554,
2026-10-01,charlesuni,11867,Charles University,Public figures,CZ,org,2265,
2026-10-01,charlidamelio,40118240,charli,Creators,US,person,164,
2026-10-01,charlie_hebdo_officiel,289344,Charlie Hebdo,Media,FR,org,1979,
2026-10-01,charliechaplinofficial,222370,Charlie Chaplin,Music,GB,person,2028,
2026-10-01,charliekirk1776,13471127,Charlie Kirk,Public figures,US,person,392,
2026-10-01,charliesheen,1395414,Charlie Sheen,Film & TV,US,person,1257,
2026-10-01,charlizeafrica,8327349,Charlize Theron,Film & TV,US,person,530,
2026-10-01,charlottewwe,5300771,Charlotte Flair,Sports,US,person,681,
2026-10-01,chelseafc,44415648,Chelsea FC,Sports,GB,org,151,
2026-10-01,chevrolet,4151182,chevrolet,Brands,US,org,757,
2026-10-01,chicagobulls,9956987,Chicago Bulls,Sports,US,org,472,
2026-10-01,chilipeppers,6567706,Red Hot Chili Peppers,Music,US,org,599,
2026-10-01,chimamanda_adichie,1987977,Chimamanda Adichie,Public figures,NG,person,1059,
2026-10-01,chrisbrownofficial,139925059,BROWN,Music,US,person,29,
2026-10-01,chrisevans,16990911,Chris Evans,Film & TV,US,person,323,
2026-10-01,chrishemsworth,58173436,Chris Hemsworth,Film & TV,AU,person,99,
2026-10-01,chucknorris,3244592,Chuck Norris,Film & TV,US,person,848,Sports
2026-10-01,churchofjesuschrist,1616687,Church of Jesus Christ,Public figures,US,org,1175,
2026-10-01,claudiaschiffer,2600353,Claudia Schiffer,Film & TV,DE,person,934,
2026-10-01,claudiashkim,591401,Claudia Kim • Soo Hyun 수현,Film & TV,KR,person,1659,
2026-10-01,cnn,23671081,CNN,Media,US,org,247,
2026-10-01,cntower,140555,CN Tower / Tour CN,Other,CA,org,2089,
2026-10-01,cocacola,3375139,Coca-Cola,Brands,US,org,834,
2026-10-01,coldplay,28747456,Coldplay,Music,GB,org,210,
2026-10-01,colocolooficial,3032023,Colo-Colo,Sports,CL,org,868,
2026-10-01,columbia,522262,Columbia University,Public figures,US,org,1722,
2026-10-01,comaneci10,296712,Nadia Comaneci,Sports,US,person,1967,
2026-10-01,concacaf,947280,Concacaf,Sports,,org,1446,
2026-10-01,conchitawurst,447124,Conchita Wurst,Music,AT,person,1798,
2026-10-01,conmebol,2826964,CONMEBOL,Sports,PY,org,894,
2026-10-01,conservatives,315560,Conservatives,Public figures,GB,org,1953,
2026-10-01,corinthians,15747230,Corinthians,Sports,BR,org,343,
2026-10-01,courteneycoxofficial,14996366,Courteney Cox,Film & TV,US,person,356,
2026-10-01,courtneylove,1376475,Courtney Love Cobain,Music,US,person,1268,
2026-10-01,cpfc,2425271,Crystal Palace Football Club,Sports,GB,org,960,
2026-10-01,creativecommons,17825,Creative Commons,Public figures,US,org,2247,
2026-10-01,cristiano,679191890,Cristiano Ronaldo,Sports,PT,person,2,
2026-10-01,culkamania,3257553,Macaulay 'Instagram' Culkin,Film & TV,US,person,845,
2026-10-01,d_degeaofficial,15109685,David De Gea,Sports,ES,person,352,
2026-10-01,daddyyankee,50587553,DY,Music,US,person,130,
2026-10-01,dahee0315,2358566,이다희,Film & TV,KR,person,970,
2026-10-01,dakotafanning,4470691,Dakota Fanning,Film & TV,US,person,733,
2026-10-01,dalailama,2345352,Dalai Lama,Public figures,,person,974,
2026-10-01,danbilzerian,28645360,Dan Bilzerian,Creators,US,person,211,
2026-10-01,danialves,34206639,daniEL,Sports,BR,person,184,
2026-10-01,danigambino_therockandrolla,124622,DANI THE PRINCE,Music,GR,person,2105,
2026-10-01,danishtaimoor16,8865130,Danish Taimoor,Film & TV,PK,person,509,
2026-10-01,davidalaba,15026036,David Alaba,Sports,AT,person,354,
2026-10-01,davidattenborough,5584930,A Life On Our Planet,Film & TV,GB,person,664,
2026-10-01,davidbeckham,87688751,David Beckham,Sports,GB,person,46,
2026-10-01,daviddobrik,9198845,DAVID DOBRIK,Creators,US,person,493,
2026-10-01,davidguetta,12434030,DAVID GUETTA,Music,FR,person,411,
2026-10-01,davidimonitie,477443,DAVID IMONITIE,Public figures,US,person,1771,
2026-10-01,davidlynchtheater1,43099,David Lynch Theater,Music,US,person,2202,
2026-10-01,davidvilla,8689995,David Villa,Sports,ES,person,514,
2026-10-01,dccomics,388345,DC Comics,Brands,US,org,1869,
2026-10-01,ddlovato,147580816,Demi Lovato,Music,US,person,26,Film & TV
2026-10-01,deanmartinofficial,259491,Dean Martin,Sports,US,person,2003,
2026-10-01,deepikapadukone,78011594,दीपिका पादुकोण,Film & TV,IN,person,57,
2026-10-01,deeppurple_official,424248,Deep Purple,Music,GB,org,1827,
2026-10-01,dell,1239285,Dell,Brands,US,org,1322,
2026-10-01,demimoore,6913826,Demi Moore,Film & TV,US,person,584,
2026-10-01,denyzee_,441579,DENYZEE,Creators,CA,person,1805,
2026-10-01,depechemode,1717182,Depeche Mode,Music,GB,org,1125,
2026-10-01,dfb_team,7587517,DFB-Team,Sports,DE,org,558,
2026-10-01,dianaross,816981,Ms Ross,Music,US,person,1506,
2026-10-01,dianekruger,1148445,Diane Kruger,Film & TV,DE,person,1357,
2026-10-01,didierdrogba,14947547,Didier Drogba,Sports,CI,person,357,
2026-10-01,diegoforlancorazo,761732,Diego Forlán,Sports,ES,person,1534,
2026-10-01,diljitdosanjh,26640552,DILJIT DOSANJH,Music,IN,person,224,Film & TV
2026-10-01,dilmarousseff,1626354,Dilma Rousseff,Public figures,BR,person,1171,
2026-10-01,dior,46642091,Dior Official,Fashion & beauty,FR,org,141,
2026-10-01,discord,2612017,Discord,Brands,US,org,930,
2026-10-01,dishapatani,60307670,disha patani (paatni),Film & TV,IN,person,89,
2026-10-01,disney,40046827,Disney,Film & TV,US,org,165,
2026-10-01,disneychannel,9500515,Disney Channel,Media,US,org,484,
2026-10-01,divyakirti.vikas,2629191,Vikas Divyakirti,Film & TV,IN,person,928,
2026-10-01,djokernole,16794076,Novak Djokovic,Sports,RS,person,327,
2026-10-01,doctor.yousef,2226350,𝐃𝐫. 𝐘𝐨𝐮𝐬𝐞𝐟 𝐀𝐛𝐨 𝐙𝐚𝐫𝐚𝐝 | دكتور يوسف,Creators,SY,person,998,
2026-10-01,doctorswithoutborders,1323376,Médecins Sans Frontières (MSF),Public figures,CH,org,1294,
2026-10-01,dogukangungor7,1546327,Doğukan Güngör,Film & TV,TR,person,1199,
2026-10-01,dojacat,24331301,Doja Cat,Music,US,person,243,
2026-10-01,dollyparton,10175496,Dolly Parton,Music,US,person,465,
2026-10-01,domicibulkova,465584,Dominika Cibulkova,Sports,SK,person,1784,
2026-10-01,dongyoon_0712,697070,장동윤 Jang dong Yoon,Film & TV,KR,person,1582,
2026-10-01,dorachan_official,518562,【ドラえもん公式】ドラえもんチャンネル,Film & TV,JP,org,1728,
2026-10-01,dovecameron,47020065,DOVE,Music,US,person,140,Film & TV
2026-10-01,drahmadinejad.ir,91420,دکتر محمود احمدی نژاد,Public figures,IR,person,2134,
2026-10-01,drbiden,3047407,Dr. Jill Biden,Public figures,US,person,866,
2026-10-01,drdre,7783893,Dr. Dre,Music,US,person,551,
2026-10-01,drewbarrymore,18794930,Drew Barrymore,Film & TV,US,person,292,
2026-10-01,ds17_fg,5185919,Dennis Schröder,Sports,DE,person,693,
2026-10-01,dualipa,88788321,DUA LIPA,Music,GB,person,44,
2026-10-01,duolingo,5305948,Duolingo,Brands,,org,680,
2026-10-01,duranduran,876441,Duran Duran,Music,GB,org,1478,
2026-10-01,durefishans,8579862,Durefishan Saleem,Film & TV,PK,person,520,
2026-10-01,durov,1782664,Pavel Durov,Public figures,AE,person,1114,
2026-10-01,eagles,227119,Eagles,Music,US,org,2019,
2026-10-01,edgarriceburroughsinc,2083,"Edgar Rice Burroughs, Inc.",Public figures,US,person,2291,
2026-10-01,edinburghuniversity,253720,The University of Edinburgh,Media,GB,org,2006,
2026-10-01,ediramaal,643207,Edi Rama,Public figures,AL,person,1620,
2026-10-01,edwardnortonofficial,564369,Edward Norton,Film & TV,US,person,1673,
2026-10-01,elalfaeljefe,13732220,Emanuel Herrera Batista,Music,DO,person,388,
2026-10-01,elishaphaneuf,830924,Elisha Cuthbert,Film & TV,CA,person,1501,
2026-10-01,elizabethtaylor,302737,Elizabeth Taylor,Film & TV,GB,person,1963,
2026-10-01,ellendegeneres,129855054,Ellen DeGeneres,Film & TV,US,person,31,
2026-10-01,elliotpage,5038113,Elliot Page,Film & TV,CA,person,697,
2026-10-01,elmagopopoficial,1701824,El Mago Pop,Film & TV,ES,person,1133,
2026-10-01,elown_kiffnobeat,1754639,EANIE MEANIE ST THOMAS,Music,CI,person,1118,
2026-10-01,elrubiuswtf,17391671,el rubius WTF,Creators,ES,person,313,
2026-10-01,eltonjohn,6037440,Elton John,Music,GB,person,644,
2026-10-01,elvirapitznerofficial,424243,ELVIRA PITZNER,Music,,person,1828,
2026-10-01,elysee,479167,Présidence de la République,Public figures,FR,org,1767,
2026-10-01,emilia_clarke,27814298,Emilia Clarke,Film & TV,GB,person,219,
2026-10-01,eminem,43875532,Marshall Mathers,Music,US,person,155,
2026-10-01,emiratesfacup,3979183,The Emirates FA Cup,Sports,GB,org,774,
2026-10-01,emmanuelmacron,6983511,Emmanuel Macron,Public figures,FR,person,576,
2026-10-01,emmawatson,70888865,Emma Watson,Film & TV,GB,person,66,
2026-10-01,emmy,4588019,Emmy Rossum,Film & TV,US,person,726,
2026-10-01,emomalirahmontjk,254204,Emomali Rahmon,Public figures,TJ,person,2005,
2026-10-01,enac_officiel,24774,ENAC,Other,FR,org,2236,
2026-10-01,encantomovie,27,Disney Encanto,Film & TV,US,org,2321,
2026-10-01,england,14057408,England football team,Sports,GB,org,380,
2026-10-01,enhypen,22454406,ENHYPEN,Music,KR,org,252,
2026-10-01,enriqueiglesias,18584474,Enrique Iglesias,Music,ES,person,297,
2026-10-01,equipedefrance,19202311,Equipe de France de Football,Sports,FR,org,286,
2026-10-01,er_novosti,132115,«Единая Россия»,Public figures,RU,org,2094,
2026-10-01,esmuellert,14558055,Thomas Müller,Sports,DE,person,368,
2026-10-01,espn,28789666,ESPN,Media,US,org,209,
2026-10-01,esskateboarding,546186,éS Skateboarding,Brands,,org,1696,
2026-10-01,estevaowilian_,5270103,Estevão Willian,Sports,BR,person,685,
2026-10-01,ethanhawke,1927398,Ethan Hawke,Film & TV,US,person,1074,
2026-10-01,ethnikiomada,413634,Ethniki Omada,Sports,GR,org,1839,
2026-10-01,eucouncil,417335,Council of the European Union,Public figures,,org,1836,
2026-10-01,eugene__jung,490300,정유진,Film & TV,KR,person,1756,
2026-10-01,euro2020,3,UEFA Euro 2020,Other,,org,2326,
2026-10-01,europaleague,14644703,UEFA Europa League,Sports,,org,365,
2026-10-01,europeancentralbank,222990,European Central Bank (ECB),Public figures,DE,org,2027,
2026-10-01,eurovision,2339924,Eurovision Song Contest,Music,,org,976,
2026-10-01,evagreenweb,1637534,Eva Green,Film & TV,FR,person,1166,
2026-10-01,evalongoria,10864183,Eva Longoria Baston,Film & TV,US,person,454,
2026-10-01,evangelinelillyofficial,2604206,Evangeline Lilly,Film & TV,CA,person,933,
2026-10-01,evomoralesayma,298338,Evo Morales Ayma,Public figures,BO,person,1966,
2026-10-01,f1,44059658,FORMULA 1,Sports,,org,153,
2026-10-01,fabiocannavaroofficial,2337342,Fabio Cannavaro,Sports,IT,person,978,
2026-10-01,facebook,7634771,Facebook,Brands,US,org,555,
2026-10-01,familyguyfox,1732847,Family Guy,Film & TV,US,org,1121,
2026-10-01,fao,949463,Food & Agriculture Organization of the United Nations,Public figures,IT,org,1443,
2026-10-01,farfetch,6143102,FARFETCH,Brands,PT,org,633,
2026-10-01,fariana,6494367,FARIANA,Music,CO,person,603,
2026-10-01,farrahfawcettfn,101616,Farrah Fawcett Foundation,Film & TV,US,person,2120,
2026-10-01,fc_dynamo_kyiv,392602,FC Dynamo Kyiv official,Sports,UA,org,1863,
2026-10-01,fcbarcelona,148895989,FC Barcelona,Sports,ES,org,25,
2026-10-01,fcbayern,45639967,FC Bayern,Sports,DE,org,146,
2026-10-01,fcfseleccioncol,5892282,Selección Colombia,Sports,CO,org,651,
2026-10-01,fcporto,3144214,FC Porto,Sports,PT,org,857,
2026-10-01,felidonoseofficial,559244,Feli,Music,RO,person,1680,
2026-10-01,fenerbahce,11947789,Fenerbahçe,Sports,TR,org,423,
2026-10-01,fernandoalo_oficial,7898514,Fernando Alonso,Sports,ES,person,548,
2026-10-01,fernandotorres,12440142,𝙵𝙴𝚁𝙽𝙰𝙽𝙳𝙾 𝚃𝙾𝚁𝚁𝙴𝚂,Sports,ES,person,410,
2026-10-01,ferrari,32413011,Ferrari,Brands,IT,org,193,
2026-10-01,feyenoord,1493089,Feyenoord Rotterdam,Sports,,org,1219,
2026-10-01,fiat,634783,Fiat,Brands,IT,org,1628,
2026-10-01,ficogutierrez,1289753,Fico Gutiérrez,Public figures,CO,person,1307,
2026-10-01,fifaworldcup,66979020,FIFA World Cup,Sports,,org,78,
2026-10-01,fksuduva,8472,FK Sūduva,Sports,LT,org,2272,
2026-10-01,fkzalgiris,25275,FK Žalgiris Vilnius,Sports,LT,org,2233,
2026-10-01,flamengo,25163249,Flamengo,Sports,BR,org,239,
2026-10-01,flograppling,1048306,FloGrappling,Sports,,org,1393,
2026-10-01,forbes,7811990,Forbes,Media,US,org,550,
2026-10-01,ford,6759281,Ford Motor Company,Brands,US,org,592,
2026-10-01,forestwhitaker,325061,Forest Whitaker,Film & TV,US,person,1935,
2026-10-01,forrestgumpfilm,61690,Forrest Gump,Film & TV,US,org,2182,
2026-10-01,foxtv,1264085,FOX,Film & TV,US,org,1316,
2026-10-01,francescototti,5552605,Francesco Totti,Sports,IT,person,665,
2026-10-01,francis.fukuyama,29880,Francis Fukuyama,Creators,US,person,2222,
2026-10-01,franciscus,9725653,Pope Francis,Public figures,AR,person,478,
2026-10-01,franckribery7,8739440,Franck Ribéry,Sports,FR,person,512,
2026-10-01,francois.fillon,20980,François Fillon,Public figures,FR,person,2240,
2026-10-01,franklampard,6658649,Frank Lampard,Sports,GB,person,594,
2026-10-01,friends,12580090,Friends,Film & TV,US,org,405,
2026-10-01,fulhamfc,1503901,Fulham Football Club,Sports,GB,org,1213,
2026-10-01,fumio_kishida,260004,岸田文雄,Public figures,JP,person,2001,
2026-10-01,g7,150567,G7,Public figures,,org,2078,
2026-10-01,gabrielboric,2065537,Gabriel Boric Font,Public figures,CL,person,1040,
2026-10-01,gal_gadot,103402064,Gal Gadot,Film & TV,IL,person,38,
2026-10-01,galatasaray,18151586,Galatasaray,Sports,TR,org,303,
2026-10-01,gameofthrones,9231009,Game of Thrones,Film & TV,US,org,492,
2026-10-01,garethbale11,51084940,Gareth Bale,Sports,GB,person,126,
2026-10-01,gary_cooper_official,25121,Gary Cooper,Film & TV,US,person,2235,
2026-10-01,geewonii,14249608,김지원,Film & TV,KR,person,375,
2026-10-01,generalmotors,680687,General Motors,Brands,US,org,1595,
2026-10-01,genoacfc,529167,Genoa Cfc,Sports,IT,org,1712,
2026-10-01,george_weah_official,41540,George Weah,Sports,LR,person,2205,
2026-10-01,georgerussell63,9254731,George Russell,Sports,GB,person,489,
2026-10-01,georginagio,78265465,Georgina Rodríguez,Fashion & beauty,ES,person,56,
2026-10-01,ggonekim,6862221,Kim Go-eun,Film & TV,KR,person,587,
2026-10-01,gianluigibuffon,11032430,Gianluigi Buffon,Sports,IT,person,450,
2026-10-01,gianni_infantino,5798785,Gianni Infantino - FIFA President,Sports,LB,person,657,
2026-10-01,gigihadid,73540294,Gigi Hadid,Fashion & beauty,US,person,64,
2026-10-01,giorgiameloni,8128512,Giorgia Meloni,Public figures,IT,person,541,
2026-10-01,giorgino_abraham,5950212,Papi G,Film & TV,ID,person,647,
2026-10-01,gippygrewal,7950877,𝗚𝗶𝗽𝗽𝘆 𝗚𝗿𝗲𝘄𝗮𝗹,Film & TV,IN,person,546,Music
2026-10-01,gisele,22750563,Gisele Bündchen,Fashion & beauty,BR,person,249,
2026-10-01,github,913724,GitHub,Brands,US,org,1459,
2026-10-01,glennclose,1364941,The Real Glenn Close,Film & TV,US,person,1275,
2026-10-01,gloriasteinem,707266,Gloria Steinem,Public figures,US,person,1571,
2026-10-01,goldiehawn,3950585,Goldie Hawn,Film & TV,US,person,776,
2026-10-01,gongyoo_official,6090732,YOO,Film & TV,KR,person,639,
2026-10-01,google,15775894,Google,Brands,US,org,342,
2026-10-01,googleplay,893913,Google Play,Brands,US,org,1469,
2026-10-01,gordongram,19487807,Gordon Ramsay,Film & TV,GB,person,281,
2026-10-01,got7.with.igot7,6259491,GOT7,Music,KR,org,628,
2026-10-01,goyounjung,13187030,고윤정,Film & TV,KR,person,400,
2026-10-01,greenday,7599776,Green Day,Music,US,org,557,
2026-10-01,greenpeace,4028580,Greenpeace International,Public figures,,org,769,
2026-10-01,gretathunberg,17086786,Greta Thunberg,Public figures,SE,person,321,
2026-10-01,gucci,50582946,GUCCI,Fashion & beauty,IT,org,129,
2026-10-01,guillermolasso,538069,Guillermo Lasso Mendoza,Public figures,EC,person,1704,
2026-10-01,guinnessworldrecords,11049240,Guinness World Records,Media,GB,org,449,
2026-10-01,gun_atthaphan,6318553,Atthaphan Phunsawat,Film & TV,TH,person,623,
2026-10-01,gunsnroses,9246396,Guns N' Roses,Music,US,org,490,
2026-10-01,guy.ariya,362967,Viratsan Ariyapongpisal,Creators,TH,person,1897,
2026-10-01,gwenstefani,17430979,Gwen Stefani,Music,US,person,311,
2026-10-01,gwynethpaltrow,9179799,Gwyneth Paltrow,Film & TV,US,person,495,
2026-10-01,haileesteinfeld,20305315,hailee steinfeld,Film & TV,US,person,275,
2026-10-01,haileybieber,58768326,Hailey Rhode Bieber,Fashion & beauty,US,person,96,
2026-10-01,halleberry,9566471,Halle Berry,Film & TV,US,person,482,
2026-10-01,handemiyy,32229353,Hande Erçel,Film & TV,TR,person,194,
2026-10-01,handeyener,2066031,Hande Yener,Music,TR,person,1039,
2026-10-01,hanszimmer,3390982,Hans Zimmer,Music,US,person,829,
2026-10-01,harkat_zahra,648673,Zahraharkat,Film & TV,DZ,person,1615,
2026-10-01,harrykane,20207021,Harry Kane,Sports,GB,person,276,
2026-10-01,harrystyles,45751358,Harry Styles,Music,GB,person,145,
2026-10-01,harvard,3378754,Harvard University,Public figures,US,org,832,
2026-10-01,haseokjin,761405,하석진 Ha Seokjin,Film & TV,KR,person,1535,
2026-10-01,hazardeden_10,26193800,Eden Hazard,Sports,BE,person,233,
2026-10-01,hbo,6895882,HBO,Media,US,org,585,
2026-10-01,hebrewuniversity,29302,האוניברסיטה העברית בירושלים,Public figures,IL,org,2224,
2026-10-01,hegdepooja,28046350,Pooja Hegde,Film & TV,IN,person,216,
2026-10-01,heidiklum,12627564,Heidi Klum,Fashion & beauty,DE,person,404,Film & TV
2026-10-01,helenmirren,1264457,Helen Mirren,Film & TV,US,person,1315,
2026-10-01,henkeholm,646191,Henrik Holm,Film & TV,NO,person,1617,
2026-10-01,henrycavill,28984408,Henry Cavill,Film & TV,GB,person,207,
2026-10-01,heosungtae,1342667,heosungtae,Film & TV,KR,person,1286,
2026-10-01,hermitage_museum,682114,Эрмитаж / Hermitage Museum,Public figures,RU,org,1594,
2026-10-01,herthabsc,407734,Hertha BSC,Sports,DE,org,1846,
2026-10-01,hi_high_hiy,24097689,황인엽,Film & TV,KR,person,244,
2026-10-01,hilaryduff,28279698,Hilary Duff,Film & TV,US,person,215,Music
2026-10-01,hilaryswank,1639467,Hilary Swank,Film & TV,US,person,1164,
2026-10-01,hillaryclinton,6530572,Hillary Clinton,Public figures,US,person,600,
2026-10-01,honda,6114937,Honda,Brands,JP,org,637,
2026-10-01,honeymoon,24863053,LANA DEL REY,Music,US,person,240,
2026-10-01,hp,1821084,HP,Brands,US,org,1098,
2026-10-01,huawei,2081815,huawei,Brands,CN,org,1034,
2026-10-01,hudabeauty,56242827,HUDA BEAUTY,Brands,,org,110,
2026-10-01,hulkhogan,2556861,Hulk Hogan,Sports,US,person,946,
2026-10-01,humanrightswatch,1645182,Human Rights Watch,Public figures,SE,org,1160,
2026-10-01,humboldt.uni,53625,Humboldt-Universität Berlin,Media,DE,org,2189,
2026-10-01,hunterschafer,6933435,Hunter,Film & TV,US,person,582,
2026-10-01,hye_yoon1110,6232649,김혜윤,Film & TV,KR,person,630,
2026-10-01,iamcardib,160940421,Cardi B,Music,US,person,23,
2026-10-01,iamjamiefoxx,17366281,Jamie Foxx,Film & TV,US,person,315,Music
2026-10-01,iamsrk,48391604,Shah Rukh Khan,Film & TV,IN,person,136,
2026-10-01,icao,78845,The International Civil Aviation Organzation,Public figures,CA,org,2158,
2026-10-01,icecube,30007488,Ice Cube,Music,US,person,201,
2026-10-01,icrc,359500,Int Committee of the Red Cross,Public figures,CH,org,1907,
2026-10-01,idfonline,526790,"צה""ל - צבא ההגנה לישראל",Public figures,IL,org,1714,
2026-10-01,idriselba,7009591,Idris Elba,Film & TV,SL,person,575,
2026-10-01,ikeausa,2605856,IKEA USA,Brands,SE,org,932,
2026-10-01,ikercasillas,20381479,Iker Casillas,Sports,ES,person,274,
2026-10-01,illit_official,8132154,ILLIT 아일릿,Music,KR,org,540,
2026-10-01,illusomina,5911733,Shinmina,Film & TV,KR,person,650,
2026-10-01,ilo.org,101500,ILO,Public figures,CH,org,2121,
2026-10-01,imaginedragons,10064006,Imagine Dragons,Music,US,org,468,
2026-10-01,imhyoseop,14206331,안효섭,Film & TV,KR,person,376,
2026-10-01,imrankhan.pti,10310445,Imran Khan,Public figures,PK,person,463,
2026-10-01,imszmc_,626487,PABLO,Music,PH,person,1635,
2026-10-01,incindia,15638032,Congress,Public figures,IN,org,346,
2026-10-01,inkscapeofficial,20304,Inkscape Official,Brands,US,org,2244,
2026-10-01,instagram,686595952,Instagram,Brands,US,org,1,
2026-10-01,intel,1842790,Intel,Brands,US,org,1089,
2026-10-01,inter,14729045,Inter,Sports,IT,org,363,
2026-10-01,internationalastronomicalunion,499,IAU,Public figures,FR,org,2303,
2026-10-01,internetarchive,287812,Internet Archive,Public figures,US,org,1980,
2026-10-01,ipcc,208161,IPCC,Public figures,CH,org,2039,
2026-10-01,iplt20,13358635,IPL,Sports,IN,org,396,
2026-10-01,ipsa.ecole,17362,IPSA,Other,FR,org,2250,
2026-10-01,isabellacastillodv,1640709,Isabella Castillo,Film & TV,US,person,1163,
2026-10-01,isabelleadjaniofficiel,146521,Isabelle Adjani,Music,FR,person,2082,
2026-10-01,ishankishan23,11314503,Ishan Kishan,Sports,IN,person,439,
2026-10-01,ishowspeed,55227913,IShowSpeed,Creators,US,person,114,
2026-10-01,isinbaevayelena,231095,YELENA ISINBAEVA || INTERESTING IN QUANTUM PHYSICS || LERNING,Sports,RU,person,2017,
2026-10-01,iss,9143888,International Space Station,Public figures,,org,498,
2026-10-01,itsbobbyshmurda,4708396,Bobby Shmurda,Music,US,person,720,
2026-10-01,itsdanielmac,2780426,Daniel Mac,Creators,US,person,898,
2026-10-01,itsfunneh,607660,ItsFunneh,Creators,CA,person,1647,
2026-10-01,ituofficial,25134,ITU,Public figures,CH,org,2234,
2026-10-01,ivankatrump,8677387,Ivanka Trump,Film & TV,US,person,515,
2026-10-01,ivanrakitic,16581586,Ivan Rakitic,Sports,CH,person,329,
2026-10-01,ivestarship,6955859,IVE 아이브,Music,KR,org,579,
2026-10-01,j.m,60141635,JIMIN,Music,KR,person,90,
2026-10-01,jackblack,16536275,Jack Black,Film & TV,US,person,330,
2026-10-01,jackiechan,8515778,Jackie Chan 成龍,Film & TV,US,person,524,
2026-10-01,jairmessiasbolsonaro,26363071,Jair M. Bolsonaro,Public figures,BR,person,230,
2026-10-01,jakegyllenhaal,9120267,Jake Gyllenhaal,Film & TV,US,person,499,
2026-10-01,jam.rachata,1082111,Jam Rachata,Film & TV,TH,person,1381,
2026-10-01,jamalajaaa,951324,Jamala,Music,UA,person,1441,
2026-10-01,jamescameronofficial,852859,James Cameron,Film & TV,NZ,person,1490,
2026-10-01,jamesenglish2,553421,James English,Creators,,person,1686,
2026-10-01,jamesrodriguez10,50157570,James Rodríguez,Sports,CO,person,131,
2026-10-01,jamieoliver,10581754,Jamie Oliver,Film & TV,GB,person,460,
2026-10-01,janetjackson,8516438,Janet Jackson,Music,US,person,523,
2026-10-01,janienineeleven,4686051,911,Music,US,person,721,
2026-10-01,jannatmirza_,6321886,Jannat Mirza,Creators,PK,person,622,
2026-10-01,jaredleto,11323435,JARED LETO,Film & TV,US,person,440,Music
2026-10-01,jasonstatham,46049789,Jason Statham,Film & TV,GB,person,144,
2026-10-01,javiermilei,6349188,Javier Milei,Public figures,IT,person,620,
2026-10-01,jaytatum0,7147459,Jayson Tatum,Sports,US,person,570,
2026-10-01,jayz,1159413,jayz,Music,US,person,1353,
2026-10-01,jbalvin,49229201,J Balvin,Music,CO,person,133,
2026-10-01,jbayleaf,6629516,JONATHAN BAILEY,Film & TV,GB,person,598,
2026-10-01,jcvd,8982416,Jean-Claude Van Damme,Film & TV,BE,person,505,
2026-10-01,jeanmarielepenofficiel,12856,Jean-Marie Le Pen - Officiel,Public figures,FR,person,2261,
2026-10-01,jeffbezos,4998218,Jeff Bezos,Public figures,US,person,700,
2026-10-01,jennierubyjane,89433247,J,Music,KR,person,43,
2026-10-01,jennifer.connelly,1816896,Jennifer Connelly,Film & TV,US,person,1100,
2026-10-01,jennifer.garner,17233271,Jennifer Garner,Film & TV,US,person,317,
2026-10-01,jenniferaniston,44671478,Jennifer Aniston,Film & TV,US,person,148,
2026-10-01,jeremyrenner,19467413,Jeremy Renner,Film & TV,US,person,283,
2026-10-01,jessicaalba,22009010,Jessica Alba,Film & TV,FR,person,260,
2026-10-01,jessicabiel,13761244,Jessica Biel,Film & TV,US,person,387,
2026-10-01,jessicasimpson,6140649,Jessica Simpson,Music,US,person,635,
2026-10-01,jessilane,1359476,Jessi Alves,Other,BR,person,1278,
2026-10-01,jichangwook,27535921,지창욱,Film & TV,KR,person,221,
2026-10-01,jin,56621560,Jin of BTS,Music,KR,person,107,
2026-10-01,jinseyun.go,523584,진세연,Film & TV,KR,person,1719,
2026-10-01,jinuk0916,1142584,Lee Jinuk 이진욱,Film & TV,KR,person,1358,
2026-10-01,jiraishin99,1687079,KIM JIHUN,Film & TV,KR,person,1146,
2026-10-01,jj_1986_jj,2490635,𝐊𝐈𝐌𝐉𝐀𝐄𝐉𝐎𝐎𝐍𝐆,Music,KR,person,950,
2026-10-01,jlo,240013315,Jennifer Lopez,Music,US,person,17,Film & TV
2026-10-01,jmena,7037986,Jimena Barón,Music,AR,person,572,
2026-10-01,joanrivers,295358,Joan Rivers,Film & TV,US,person,1970,
2026-10-01,joecockerofficial,23635,Joe Cocker,Music,GB,person,2238,
2026-10-01,johncena,21316039,John Cena,Sports,US,person,264,Film & TV
2026-10-01,johnnydepp,29239936,Johnny Depp,Film & TV,US,person,206,Music
2026-10-01,johnshopkinsu,268621,Johns Hopkins University,Media,US,org,1998,
2026-10-01,johntravolta,5834801,John Travolta,Film & TV,US,person,654,
2026-10-01,johnwayneofficial,370645,"John Wayne ""The Duke""",Film & TV,US,person,1889,
2026-10-01,jokowi,55751071,Joko Widodo,Public figures,ID,person,112,
2026-10-01,jordan.b.peterson,9157793,Dr. Jordan B. Peterson,Public figures,CA,person,496,
2026-10-01,jordialbaoficial,16426436,Jordi Alba,Sports,ES,person,332,
2026-10-01,josemourinho,6050483,Jose Mourinho,Sports,PT,person,643,
2026-10-01,joshlilj,6941463,𝐉𝐨𝐬𝐡 𝐋𝐢𝐥𝐣𝐞𝐧𝐪𝐮𝐢𝐬𝐭,Creators,US,person,580,
2026-10-01,joshuatbassett,1944790,Joshua Taylor Bassett,Music,US,person,1068,
2026-10-01,judaspriest,1443312,Judas Priest,Music,GB,org,1239,
2026-10-01,juhiparmar,1393714,Juhi Parmar,Film & TV,IN,person,1260,
2026-10-01,juliaroberts,14269970,Julia Roberts,Film & TV,US,person,374,
2026-10-01,juliettebinoche,507078,Juliette Binoche,Film & TV,FR,person,1743,
2026-10-01,julioiglesias,692856,Julio Iglesias,Music,ES,person,1586,
2026-10-01,juma_jux,8119684,Juma_jux,Music,TZ,person,542,
2026-10-01,jumpman23,25713392,Jordan,Sports,US,person,237,
2026-10-01,justintimberlake,68887007,Justin Timberlake,Music,US,person,70,Film & TV
2026-10-01,juttaleerdam,6298401,Jutta Leerdam,Sports,NL,person,626,
2026-10-01,juventus,58980185,Juventus,Sports,IT,org,94,
2026-10-01,k.kbeom,6894642,김범 kimbum,Film & TV,KR,person,586,
2026-10-01,k.mbappe,136878999,Kylian Mbappé,Sports,FR,person,30,
2026-10-01,kailash.satyarthi,58720,Kailash Satyarthi,Public figures,IN,person,2186,
2026-10-01,kajakallas,212756,Kaja Kallas,Public figures,EE,person,2034,
2026-10-01,kajol,18727117,Kajol Devgan,Film & TV,IN,person,295,
2026-10-01,kaka,28359285,Kaká,Sports,BR,person,213,
2026-10-01,kanghaneul_official,729953,강하늘,Film & TV,KR,person,1554,
2026-10-01,kareemabduljabbar_33,1005583,Kareem Abdul-Jabbar,Sports,US,person,1411,
2026-10-01,kareenakapoorkhan,14014148,Kareena Kapoor Khan,Film & TV,IN,person,384,
2026-10-01,karimbenzema,74402293,Karim Benzema,Sports,FR,person,63,
2026-10-01,karllagerfeld,6526499,KARL LAGERFELD,Fashion & beauty,DE,person,601,
2026-10-01,karolg,70446270,KAROL G,Music,CO,person,68,
2026-10-01,katebeckinsale,5386612,Kate Beckinsale,Film & TV,GB,person,674,
2026-10-01,katehudson,18735062,Kate Hudson,Film & TV,US,person,294,
2026-10-01,katrinakaif,78647534,Katrina Kaif,Film & TV,IN,person,55,
2026-10-01,katyperry,195281811,KATY PERRY,Music,US,person,19,
2026-10-01,kellyclarkson,8133066,Kelly Clarkson,Music,US,person,539,Film & TV
2026-10-01,kendalljenner,277614697,Kendall,Fashion & beauty,US,person,12,Film & TV
2026-10-01,kenzo,2173465,KENZO,Brands,FR,org,1011,
2026-10-01,kesha,3765776,Kesha,Music,US,person,798,
2026-10-01,kevindebruyne,26109332,Kevin De Bruyne,Sports,BE,person,234,
2026-10-01,kevinhart4real,171962846,Kevin Hart,Film & TV,US,person,22,
2026-10-01,kevinspacey,698797,Kevin Spacey,Film & TV,US,person,1579,
2026-10-01,khaby00,77993941,Khabane Lame,Creators,IT,person,58,
2026-10-01,khloekardashian,291535365,Khloé Kardashian,Film & TV,US,person,10,
2026-10-01,khosseini,225214,Khaled Hosseini,Public figures,US,person,2024,
2026-10-01,kiaturkiye,146546,Kia Türkiye,Brands,KR,org,2081,
2026-10-01,kim.basinger,377104,Kim Basinger,Film & TV,US,person,1883,
2026-10-01,kim_mee_kyung,403513,김미경,Film & TV,KR,person,1852,
2026-10-01,kimimatiasraikkonen,3148145,Kimi Räikkönen,Sports,FI,person,856,
2026-10-01,kimkardashian,343842134,Kim Kardashian,Film & TV,US,person,8,Fashion & beauty
2026-10-01,kingjames,153803274,kingjames,Sports,US,person,24,
2026-10-01,kingjigmekhesar,264147,His Majesty King Jigme Khesar,Public figures,BT,person,2000,
2026-10-01,kissonline,2766423,KISS,Music,US,org,899,
2026-10-01,klausiohannis,120468,Președintele României,Public figures,RO,person,2109,
2026-10-01,kloppo,6476000,Jürgen Klopp,Sports,DE,person,607,
2026-10-01,kobebryant,20106966,Kobe Bryant,Sports,US,person,277,
2026-10-01,koelnerdomofficial,63239,Kölner Dom - Cologne Cathedral,Other,DE,org,2179,
2026-10-01,kopular,1259430,고경표 Ko kyung pyo,Film & TV,KR,person,1317,
2026-10-01,kourtneykardash,209162221,Kourtney Kardashian Barker,Film & TV,US,person,18,
2026-10-01,krisjenner,50119310,Kris Jenner,Film & TV,US,person,132,
2026-10-01,kristenanniebell,15819113,kristen bell,Film & TV,US,person,340,
2026-10-01,kritisanon,57904278,Kriti Sanon,Film & TV,IN,person,100,
2026-10-01,krnangel621,296121,"고성희 / Ko, Sung-Hee",Film & TV,US,person,1968,
2026-10-01,kunaguero,27590227,Sergio Leonel Agüero,Sports,AR,person,220,
2026-10-01,kurzgesagt,1606358,Kurzgesagt - In a nutshell,Creators,DE,org,1178,
2026-10-01,kygomusic,5533465,Kygo,Music,NO,person,666,
2026-10-01,kyliejenner,380802492,Kylie,Fashion & beauty,US,person,6,Film & TV
2026-10-01,kyotouniversity.jp,48430,京都大学,Media,JP,org,2198,
2026-10-01,kyriakos_,393702,Kyriakos Mitsotakis,Public figures,GR,person,1861,
2026-10-01,ladipoe,709380,Leader of The Revival,Music,NG,person,1568,
2026-10-01,ladygaga,61170605,Lady Gaga,Music,US,person,87,Film & TV
2026-10-01,lakers,24500443,Los Angeles Lakers,Sports,US,org,242,
2026-10-01,lalalalisa_m,105974113,LISA,Music,TH,person,35,Film & TV
2026-10-01,laliga,55619495,LALIGA,Sports,ES,org,113,
2026-10-01,lamborghini,36421065,Lamborghini,Brands,IT,org,176,
2026-10-01,lamineyamal,59182460,Lamine Yamal,Sports,GQ,person,91,
2026-10-01,lanacondor,10583832,Lana Condor,Film & TV,US,person,459,
2026-10-01,larry_page,482,Larry Page,Public figures,US,person,2305,
2026-10-01,larrykingnow,91207,Larry King,Film & TV,US,person,2135,
2026-10-01,laruinashow,469756,La Ruina,Creators,ES,org,1779,
2026-10-01,lata_mangeshkar,1034797,Lata Mangeshkar,Music,IN,person,1399,
2026-10-01,lauraacunaayala,4406802,Laurita Acuña - Presentadora,Film & TV,CO,person,740,
2026-10-01,lavanyavikram_,1095545,Lavanya Vikram | Dubai Influencer,Creators,IN,person,1377,
2026-10-01,laylayyo,708365,Talay Sanguandikul,Film & TV,TH,person,1570,
2026-10-01,lcfc,7482311,Leicester City,Sports,GB,org,561,
2026-10-01,le2jh,8049112,이준호,Film & TV,KR,person,544,Music
2026-10-01,leedsunited,1380310,Leeds United,Sports,GB,org,1267,
2026-10-01,leesoohyuk,5372486,Lee Soo-hyuk,Film & TV,KR,person,675,
2026-10-01,leeyoum262,6305479,이유미,Film & TV,KR,person,625,
2026-10-01,lelepons,52096701,Lele Pons,Creators,VE,person,122,
2026-10-01,lenameyerlandrut,5522326,Lena,Music,DE,person,667,
2026-10-01,lenovo,1464668,Lenovo,Brands,CN,org,1228,
2026-10-01,leomessi,516908743,Leo Messi,Sports,AR,person,3,
2026-10-01,leonardbernsteinofficial,127827,Leonard Bernstein,Music,US,person,2096,
2026-10-01,leonardcohen,321928,Leonard Cohen,Music,CA,person,1940,
2026-10-01,leonardodicaprio,58738909,Leonardo DiCaprio,Film & TV,US,person,97,
2026-10-01,lestikejora,28417547,Lestikejora,Music,ID,person,212,
2026-10-01,letterman,845988,David Letterman,Film & TV,US,person,1493,
2026-10-01,lewishamilton,44059091,Lewis Hamilton,Sports,GB,person,154,
2026-10-01,lgbt,2038421,LGBT,Media,,org,1045,
2026-10-01,librarycongress,472265,Library of Congress,Public figures,US,org,1776,
2026-10-01,liltunechi,19100181,Lil Wayne,Music,US,person,290,
2026-10-01,lindsaylohan,16234387,Lindsay Lohan,Music,US,person,336,
2026-10-01,linkedin,1934030,LinkedIn,Media,US,org,1072,
2026-10-01,linkinpark,11758754,LINKIN PARK,Music,US,org,430,
2026-10-01,lisakudrow,9703531,Lisa Kudrow,Film & TV,US,person,479,
2026-10-01,liverpoolfc,48315744,Liverpool Football Club,Sports,GB,org,137,
2026-10-01,lizzobeeating,11178431,Lizzo,Music,US,person,446,
2026-10-01,lopezobrador,1561818,Andrés Manuel López Obrador,Public figures,MX,person,1195,
2026-10-01,louist91,18486450,Louis Tomlinson,Music,GB,person,300,
2026-10-01,louisvuitton,55091634,Louis Vuitton,Fashion & beauty,FR,org,116,
2026-10-01,loverrukk,4344617,Love Pattranite (เลิฟ),Film & TV,TH,person,742,
2026-10-01,lucyliu,1842374,Lucy Liu,Film & TV,US,person,1090,
2026-10-01,lucypug,720670,Lucy,Creators,SK,person,1561,
2026-10-01,luis__figo,5456026,Luís Figo,Sports,PT,person,669,
2026-10-01,luissuarez9,46630117,Luis Suárez,Sports,UY,person,142,
2026-10-01,lukamodric10,39658290,Luka Modric,Sports,HR,person,166,
2026-10-01,lulaoficial,15582189,Luiz Inácio Lula da Silva,Public figures,BR,person,345,
2026-10-01,lululemon,5884431,lululemon,Fashion & beauty,CA,org,652,
2026-10-01,lysandrenadeau,486351,Lysandre Nadeau,Creators,CA,person,1762,
2026-10-01,m10_official,26612723,Mesut Özil,Sports,DE,person,225,
2026-10-01,m_kayoung,13489773,MUN KA YOUNG,Film & TV,KR,person,390,
2026-10-01,madonna,20503917,Madonna,Music,US,person,271,
2026-10-01,maestro_ennio_morricone,43751,Maestro Ennio Morricone,Music,IT,person,2201,
2026-10-01,magicjohnson,3852369,"Earvin ""Magic"" Johnson",Sports,US,person,791,
2026-10-01,maia.sandu,295199,Maia Sandu,Public figures,MD,person,1972,
2026-10-01,majkspirit,569711,Spirit,Music,SK,person,1669,
2026-10-01,malcolm_mcdowell,126995,Malcolm McDowell,Film & TV,GB,person,2100,
2026-10-01,maluma,63551383,MALUMA,Music,CO,person,83,
2026-10-01,mammootty,5218137,Mammootty,Film & TV,IN,person,689,
2026-10-01,mancity,57057955,Manchester City,Sports,GB,org,104,
2026-10-01,manuelneuer,15029879,Manuel Neuer,Sports,DE,person,353,
2026-10-01,manurios,9056645,Manu Rios,Film & TV,ES,person,503,
2026-10-01,manutd,66132337,Manchester United,Sports,GB,org,79,
2026-10-01,maphramusic,805391,MAPHRA,Music,,person,1513,
2026-10-01,maradona,8208242,Diego Maradona,Sports,AR,person,538,
2026-10-01,marcelotwelve,67107251,Marcelo Vieira,Sports,BR,person,77,
2026-10-01,marcorubio,2712535,Marco Rubio,Public figures,US,person,907,
2026-10-01,marcovanbasten,755198,Marco van Basten,Sports,NL,person,1540,
2026-10-01,marcusrashford,22291154,MR,Sports,GB,person,256,
2026-10-01,mariacorinamachado,9463306,María Corina Machado,Public figures,VE,person,486,
2026-10-01,mariahcarey,14882923,Mariah Carey,Music,US,person,359,
2026-10-01,marilynmanson,6921711,Marilyn Manson,Music,US,person,583,
2026-10-01,marine_lepen,783947,Marine Le Pen,Public figures,FR,person,1526,
2026-10-01,marioncotillard,1711642,Marion Cotillard,Film & TV,FR,person,1129,
2026-10-01,markjcarney,2434597,Mark Carney,Public figures,GB,person,958,
2026-10-01,markruffalo,20773574,Mark Ruffalo,Film & TV,US,person,269,
2026-10-01,markwahlberg,30448285,Mark Wahlberg,Film & TV,US,person,198,Music
2026-10-01,martinanavratilova,159321,Martina Navratilova,Sports,US,person,2071,
2026-10-01,marvel,65131820,Marvel Entertainment,Brands,US,org,80,
2026-10-01,maryfer_centeno,1000954,MaryFer Centeno Grafologa,Public figures,MX,person,1414,
2026-10-01,masielalusha,131506,Ｍａｓｉｅｌａ．,Film & TV,US,person,2095,
2026-10-01,massimobottura,1634553,Massimo Bottura,Public figures,IT,person,1168,
2026-10-01,matthewcookofficial,735513,Matthew Cook,Film & TV,AU,person,1552,
2026-10-01,matthewlillard,2598462,Matthew Lillard,Film & TV,US,person,936,
2026-10-01,matthewolivierx,1294365,Matthew Olivier,Public figures,CA,person,1303,
2026-10-01,mattyperry4,8635687,Matthew Perry,Film & TV,US,person,518,
2026-10-01,mauriciomacri,1209552,Mauricio Macri,Public figures,IT,person,1337,
2026-10-01,maxverstappen1,19099629,Max Verstappen,Sports,NL,person,289,
2026-10-01,mb459,11925501,Mario Balotelli Barwuah +=,Sports,GH,person,425,
2026-10-01,mechisoy,1609217,ℳ𝑒𝓇𝒸𝑒𝒹𝑒𝓈 ℒ𝒶𝓂𝒷𝓇𝑒,Music,AR,person,1176,
2026-10-01,megadeth,3379905,Megadeth,Music,US,org,831,
2026-10-01,meganfox,23946569,Megan Fox,Film & TV,US,person,246,
2026-10-01,meghan,4913338,"Meghan, Duchess of Sussex",Film & TV,US,person,706,
2026-10-01,melindafrenchgates,1210872,Melinda French Gates,Public figures,,person,1336,
2026-10-01,mercedesamgf1,16799136,Mercedes-AMG PETRONAS F1 Team,Sports,GB,org,325,
2026-10-01,mercedesbenz,39080445,Mercedes-Benz,Brands,DE,org,168,
2026-10-01,mercosurint,64374,Mercosurint,Public figures,VE,org,2175,
2026-10-01,meta,6185547,Meta,Brands,US,org,631,
2026-10-01,metallica,14691542,Metallica,Music,US,org,364,
2026-10-01,metmuseum,4731412,The Metropolitan Museum of Art,Brands,US,org,719,
2026-10-01,mette,507327,Mette Frederiksen,Public figures,,person,1742,
2026-10-01,miakhalifa,28913483,Mia K.,Creators,US,person,208,
2026-10-01,miatalerico101,1369056,Mia Talerico,Film & TV,US,person,1271,
2026-10-01,michaelballackofficial,1153530,Michael Ballack,Sports,DE,person,1356,
2026-10-01,michaelbjordan,25869912,Michael B. Jordan,Film & TV,US,person,236,
2026-10-01,michaelcrichton_official,31115,Michael Crichton,Sports,US,person,2219,
2026-10-01,michaeljackson,17131255,Michael Jackson,Music,US,person,318,
2026-10-01,michaelkeatondouglas,1134121,Michael Keaton,Film & TV,US,person,1360,
2026-10-01,michelleobama,57177057,Michelle Obama,Public figures,US,person,103,
2026-10-01,micheltemer,221413,Michel Temer,Public figures,BR,person,2029,
2026-10-01,mickjagger,3562635,Mick Jagger,Music,GB,person,811,
2026-10-01,mikebloomberg,527526,Mike Bloomberg,Public figures,US,person,1713,
2026-10-01,miketyson,33555213,Mike Tyson,Sports,US,person,187,
2026-10-01,millajovovich,4971708,Milla Jovovich,Film & TV,US,person,703,
2026-10-01,minalkhan.official,10608689,Minal khan,Film & TV,PK,person,456,
2026-10-01,minecraft,15289299,Minecraft,Sports,SE,org,350,
2026-10-01,mingey,7087335,Amanda Seyfried,Film & TV,US,person,571,
2026-10-01,minniedlamini,5200022,Minnie Dlamini,Film & TV,ZA,person,690,
2026-10-01,minniemouse,897968,Minnie Mouse,Film & TV,US,org,1465,
2026-10-01,mirziyoyev_sh,6462484,Shavkat Mirziyoyev,Public figures,UZ,person,608,
2026-10-01,miseleccionmx,10488023,Selección Nacional de México,Sports,MX,org,461,
2026-10-01,misslivalittle,2594620,Liv Tyler,Film & TV,US,person,937,
2026-10-01,missuniverse,6835707,Miss Universe,Fashion & beauty,US,org,589,
2026-10-01,mitpics,738,Faces of MIT,Brands,US,org,2298,
2026-10-01,mollymae,8703796,Molly-Mae,Creators,GB,person,513,
2026-10-01,monicabellucciofficiel,6362170,Monica Bellucci,Film & TV,IT,person,619,
2026-10-01,monroviaboy,1047081,Mon Rovîa,Music,,person,1394,
2026-10-01,montaner,8813651,Ricardo Montaner,Music,VE,person,511,
2026-10-01,moonjaein,1157399,문재인,Public figures,KR,person,1354,
2026-10-01,mosalah,67918403,Mohamed Salah,Sports,EG,person,73,
2026-10-01,mossad_career,60034,Mossad-Career,Public figures,IL,org,2184,
2026-10-01,mrancelotti,18597077,Carlo Ancelotti,Sports,IT,person,296,
2026-10-01,mrbean,10162403,Mr Bean,Film & TV,GB,org,466,
2026-10-01,mrbeast,89982677,MrBeast,Creators,US,person,42,
2026-10-01,mrkrudd,127068,Kevin Rudd,Public figures,AU,person,2099,
2026-10-01,mrodofficial,8831063,Michelle Rodriguez,Film & TV,US,person,510,
2026-10-01,mrs.julezz,438,Julezz.offiziell,Creators,DE,person,2306,
2026-10-01,msblairewhite,523063,BLAIRE WHITE,Creators,US,person,1720,
2026-10-01,mtv,21233077,MTV,Media,US,org,266,
2026-10-01,muhammadubuhari,461349,Muhammadu Buhari,Public figures,NG,person,1787,
2026-10-01,museband,2810658,MUSE,Music,GB,org,895,
2026-10-01,museelouvre,5342787,Musée du Louvre,Other,FR,org,677,
2026-10-01,museoprado,1529899,Museo Nacional del Prado,Public figures,ES,org,1204,
2026-10-01,my_songjihyo,3889395,송지효(Song Ji Hyo),Film & TV,KR,person,786,
2026-10-01,myanc_,315274,MyANC,Public figures,ZA,org,1955,
2026-10-01,myspace,11666,Myspace,Media,US,org,2266,
2026-10-01,nadia_murad,511873,Nadia Murad,Public figures,IQ,person,1736,
2026-10-01,naftalibennett,415047,נפתלי בנט Naftali Bennett,Public figures,IL,person,1838,
2026-10-01,nanon_korapat,5877095,NANON,Film & TV,TH,person,653,
2026-10-01,naomi,15194308,DR. Naomi Campbell,Fashion & beauty,GB,person,351,
2026-10-01,naomiosaka,3450814,大坂なおみ,Sports,JP,person,821,
2026-10-01,naomiwatts,2149787,Naomi Watts,Film & TV,GB,person,1018,
2026-10-01,naosalvo,393900,Cid NaoSalvo,Creators,BR,person,1860,
2026-10-01,narendramodi,106740212,Narendra Modi,Public figures,IN,person,34,
2026-10-01,nasa,104310514,NASA,Media,US,org,36,
2026-10-01,nasahubble,6715446,Hubble Space Telescope,Public figures,US,org,593,
2026-10-01,nasdaq,697449,Nasdaq,Public figures,US,org,1581,
2026-10-01,natalieportman,9314106,Natalie Portman,Film & TV,IL,person,488,
2026-10-01,natgeo,268477999,National Geographic,Media,US,org,15,
2026-10-01,nathaliadill,4277390,Nathalia Dill,Film & TV,BR,person,750,
2026-10-01,nato,2462547,NATO,Public figures,BE,org,956,
2026-10-01,navahang,638354,Navahang,Media,FI,org,1624,
2026-10-01,nayibbukele,13706075,Nayib Bukele,Public figures,SV,person,389,
2026-10-01,nba,87939596,NBA,Sports,US,org,45,
2026-10-01,nbc,2112369,NBC Entertainment,Film & TV,US,org,1026,
2026-10-01,neasalamis_ammochostos_a.c,10781,NEA SALAMIS AMMOCHOSTOS A.C.,Sports,CY,org,2269,
2026-10-01,nehakakkar,76110740,Neha Kakkar,Music,IN,person,62,
2026-10-01,neildegrassetyson,2841900,Neil deGrasse Tyson,Public figures,US,person,891,
2026-10-01,neilhimself,822945,Neil Gaiman,Film & TV,GB,person,1502,
2026-10-01,neilyoungarchives,287784,Neil Young Archives,Music,US,person,1981,
2026-10-01,nellyfurtado,2088204,Nelly Furtado,Music,PT,person,1033,
2026-10-01,nestle,485553,Nestlé,Brands,CH,org,1764,
2026-10-01,net_siraphop,2166475,Siraphop Manithikhun 陈欣博,Film & TV,TH,person,1015,
2026-10-01,netflix,42418778,Netflix US,Film & TV,US,org,159,
2026-10-01,newhorizonsmission,12548,New Horizons,Other,US,org,2263,
2026-10-01,news.rebel,384199,Rebel News,Media,CA,org,1874,
2026-10-01,neymarjr,241754396,Neymar Jr,Sports,BR,person,16,
2026-10-01,nfl,32762294,NFL,Sports,US,org,191,
2026-10-01,nhl,7386860,NHL,Sports,US,org,565,
2026-10-01,nickelodeon,7484134,Nickelodeon,Media,US,org,560,
2026-10-01,nicolekidman,11455128,Nicole Kidman,Film & TV,AU,person,437,
2026-10-01,nigel_farage,1034155,Nigel Farage,Public figures,GB,person,1400,
2026-10-01,nightwish,523615,Nightwish,Music,FI,org,1718,
2026-10-01,nike,291068125,Nike,Brands,US,org,11,
2026-10-01,nikolpashinyan_official,996137,Nikol Pashinyan,Public figures,AM,person,1418,
2026-10-01,nina,27882674,Nina Dobrev,Film & TV,CA,person,217,
2026-10-01,ninasimone,624677,Nina Simone,Music,US,person,1637,
2026-10-01,nissanjapan,418700,日産自動車株式会社,Brands,JP,org,1834,
2026-10-01,nli_israel,42351,הספרייה הלאומית,Brands,IL,org,2204,
2026-10-01,nvidia,2993128,NVIDIA,Brands,US,org,874,
2026-10-01,nyse,701672,NYSE,Brands,US,org,1577,
2026-10-01,nytimes,20477222,The New York Times,Media,US,org,272,
2026-10-01,o.dembele7,22404940,Ousmane Dembélé,Sports,FR,person,253,
2026-10-01,odegaard.98,7759411,Martin Ødegaard,Sports,NO,person,553,
2026-10-01,oea_oficial,210339,OEA - OAS,Public figures,US,org,2037,
2026-10-01,official_kard,3450523,KARD,Music,KR,org,822,
2026-10-01,officialasroma,7258677,AS Roma,Sports,IT,org,566,
2026-10-01,officiallizaminnelli,317707,Liza Minnelli,Film & TV,US,person,1949,
2026-10-01,officiallymcconaughey,11706437,Matthew McConaughey,Film & TV,US,person,432,
2026-10-01,officialmarvingayemusic,285525,Marvin Gaye,Music,US,person,1983,
2026-10-01,officialnffc,1451151,Nottingham Forest,Sports,GB,org,1236,
2026-10-01,officialoliverstone,59993,Oliver Stone,Film & TV,FR,person,2185,
2026-10-01,officialpaulallen,8945,Paul G. Allen,Music,US,person,2271,
2026-10-01,officialphilcollins,2240958,Phil Collins,Music,GB,person,995,
2026-10-01,officialqueenmusic,6446159,Queen,Music,GB,org,609,
2026-10-01,officialshirleytemple,7187,Shirley Temple,Music,US,person,2274,
2026-10-01,officialslystallone,19509491,Sly Stallone,Film & TV,US,person,280,
2026-10-01,officialsscnapoli,5330086,SSC Napoli,Sports,IT,org,678,
2026-10-01,officialthewho,580844,The Who,Music,GB,org,1665,
2026-10-01,oficialrc3,10589854,Roberto Carlos,Sports,BR,person,457,
2026-10-01,oktoberfest,242375,Oktoberfest,Other,DE,org,2010,
2026-10-01,ol,3251548,Olympique Lyonnais,Sports,FR,org,847,
2026-10-01,olamide,11051668,Olamidé,Music,NG,person,448,
2026-10-01,oliverkahn,1985035,Oliver Kahn,Sports,DE,person,1060,
2026-10-01,oliviarodrigo,42326718,Olivia Rodrigo,Music,US,person,160,
2026-10-01,oliviergiroud,3439551,Olivier Giroud,Sports,FR,person,823,
2026-10-01,olympics,16030132,The Olympic Games,Sports,,org,338,
2026-10-01,olympiquedemarseille,3956304,OM | Olympique de Marseille,Sports,FR,org,775,
2026-10-01,omah_lay,4952699,OMAH LAY,Music,NG,person,704,
2026-10-01,onedirection,22652984,One Direction,Music,GB,org,250,
2026-10-01,oohsehun,22080472,SEHUN,Music,KR,person,259,
2026-10-01,opel,877310,Opel,Brands,DE,org,1477,
2026-10-01,openai,6644209,OpenAI,Brands,US,org,597,
2026-10-01,opera,343077,Opera,Brands,NO,org,1922,
2026-10-01,oppenheimermovie,229937,Oppenheimer,Film & TV,GB,org,2018,
2026-10-01,oprah,22100334,Oprah,Film & TV,US,person,258,
2026-10-01,orderofmalta_official,27939,Order of Malta,Public figures,MT,org,2228,
2026-10-01,orlandobloom,6835950,Orlando Bloom,Film & TV,GB,person,588,
2026-10-01,osceorg,26855,OSCE,Public figures,AT,org,2231,
2026-10-01,ozgecangurelofficial,6006974,Özge Gürel,Film & TV,TR,person,645,
2026-10-01,ozzyosbourne,8409725,Ozzy Osbourne,Music,GB,person,526,
2026-10-01,pamelaanderson,5431976,Pamela Anderson,Film & TV,US,person,670,
2026-10-01,paologentiloni,60070,Paolo Gentiloni,Media,IT,person,2183,
2026-10-01,paolomaldini,4001995,Paolo Maldini,Sports,IT,person,773,
2026-10-01,papa_het_,385,James Hetfield,Music,US,person,2309,
2026-10-01,paralympics,1434293,Paralympics,Sports,,org,1241,
2026-10-01,paramore,3871115,paramore,Music,US,org,789,
2026-10-01,paramountpics,2016210,Paramount Pictures,Film & TV,US,org,1049,
2026-10-01,parasitemovie,63000,Parasite,Film & TV,KR,org,2181,
2026-10-01,parishilton,26437859,Paris Hilton,Film & TV,US,person,227,Music
2026-10-01,parmacalcio1913,749627,Parma Calcio 1913,Sports,IT,org,1543,
2026-10-01,patriciamanterola,1401933,𝐏𝐚𝐭𝐫𝐢𝐜𝐢𝐚 𝐌𝐚𝐧𝐭𝐞𝐫𝐨𝐥𝐚,Music,MX,person,1254,
2026-10-01,paulkagame,1783471,President Paul Kagame,Public figures,RW,person,1113,
2026-10-01,paulmccartney,5272501,Paul McCartney,Music,GB,person,683,
2026-10-01,paulpogba,63484935,Paul Labile Shakur Pogba,Sports,FR,person,84,
2026-10-01,paulscholesaaa,1204239,Paul Scholes,Sports,GB,person,1340,
2026-10-01,paulwalker,19187312,Paul Walker,Film & TV,US,person,287,
2026-10-01,paypal,695522,PayPal,Brands,US,org,1583,
2026-10-01,peachjars,441196,Peach Jars,Creators,US,person,1807,
2026-10-01,pele,18234160,Pelé,Sports,BR,person,301,
2026-10-01,penelopecruzoficial,7252159,Penélope Cruz,Film & TV,ES,person,567,
2026-10-01,perspolis,10022388,Persepolis,Sports,IR,org,470,
2026-10-01,peugeot,1094995,Peugeot,Public figures,FR,org,1378,
2026-10-01,pewdiepie,19304120,PewDiePie,Creators,SE,person,285,
2026-10-01,philipplahm,8378791,Philipp Lahm,Sports,DE,person,529,
2026-10-01,photoshop,6140840,Adobe Photoshop,Brands,,org,634,
2026-10-01,pink,11780917,P!NK,Music,US,person,429,
2026-10-01,pinkfloyd,5221409,Pink Floyd,Music,GB,org,688,
2026-10-01,pixar,11850807,Pixar,Film & TV,US,org,427,
2026-10-01,pizzahutfr,17714,Pizza Hut France,Brands,,org,2248,
2026-10-01,pku1898,238081,Peking University,Public figures,CN,org,2011,
2026-10-01,playboy,8956418,Playboy,Media,US,org,507,
2026-10-01,playstation_jp,382475,プレイステーション PlayStation,Fashion & beauty,,org,1877,
2026-10-01,plengasavahame,449269,Pleng Chontida,Music,TH,person,1795,
2026-10-01,porsche,33632474,Porsche,Brands,DE,org,186,
2026-10-01,portugal,24785011,Portugal,Sports,PT,org,248,
2026-10-01,postmalone,26383841,postmalone,Music,US,person,228,
2026-10-01,potus,18759988,President Donald J. Trump,Public figures,US,org,293,
2026-10-01,pouyingluck_shin,550405,Yingluck Shinawatra,Public figures,TH,person,1690,
2026-10-01,prattprattpratt,43090562,Chris Pratt,Film & TV,US,person,157,
2026-10-01,premierleague,80412148,Premier League,Sports,GB,org,52,
2026-10-01,presidentofindia,6403299,President of India,Public figures,IN,person,613,
2026-10-01,presidentofindia14,1693544,Ram Nath Kovind,Public figures,IN,person,1142,
2026-10-01,prezident.sveta,95177,Святлана Ціханоўская,Public figures,BY,person,2128,
2026-10-01,princeandprincessofwales,17458286,The Prince and Princess of Wales,Public figures,GB,person,310,
2026-10-01,prisonbreak,1322535,Prison Break: Black Creek,Film & TV,US,org,1295,
2026-10-01,priyankachopra,92861727,Priyanka,Film & TV,IN,person,41,
2026-10-01,psg,67368297,Paris Saint-Germain,Sports,FR,org,75,
2026-10-01,psv,1505923,PSV,Sports,,org,1212,
2026-10-01,rachel_mypark,11940514,박민영 Park Min Young,Film & TV,KR,person,424,
2026-10-01,radiohead,4878070,Radiohead,Music,GB,org,709,
2026-10-01,rafaelnadal,21071319,Rafa Nadal,Sports,ES,person,267,
2026-10-01,rajnathsinghbjp,2686851,Rajnath Singh,Public figures,IN,person,916,
2026-10-01,rammsteinofficial,4035545,Rammstein,Music,DE,org,768,
2026-10-01,raulgonzalez,2950824,Raúl González,Sports,ES,person,879,
2026-10-01,rayssalealsk8,8240823,Rayssa Leal,Sports,BR,person,537,
2026-10-01,raznatovicanastasija,1008532,Anastasija Gudelj,Music,RS,person,1409,
2026-10-01,rcdespanyol,550302,RCD Espanyol de Barcelona,Sports,ES,org,1691,
2026-10-01,real_jinhyuk,1202102,최진혁,Film & TV,KR,person,1342,
2026-10-01,realdonaldtrump,44138658,President Donald J. Trump,Public figures,US,person,152,
2026-10-01,realmadrid,181169137,Real Madrid C.F.,Sports,ES,org,20,
2026-10-01,realpz,13406403,Preity G Zinta,Film & TV,IN,person,394,
2026-10-01,realsociedad,1370286,Real Sociedad de Fútbol,Sports,ES,org,1270,
2026-10-01,realstraykids,33666198,Stray Kids,Music,KR,org,185,
2026-10-01,reddit,885976,Reddit,Brands,US,org,1473,
2026-10-01,redvelvet.smtown,11541629,Red Velvet Official,Music,KR,org,435,
2026-10-01,reesewitherspoon,30253890,Reese Witherspoon,Film & TV,US,person,200,
2026-10-01,refugees,2094644,"UNHCR, the UN Refugee Agency",Public figures,DE,org,1031,
2026-10-01,reuters,6063081,Reuters,Media,GB,org,642,
2026-10-01,reveramess_,917620,강소라,Film & TV,KR,person,1457,
2026-10-01,riccigrams,1861105,Christina Ricci,Film & TV,US,person,1087,
2026-10-01,richardbranson,4987735,Richard Branson,Public figures,GB,person,702,
2026-10-01,ricky_martin,19695162,Ricky Martin,Music,US,person,279,
2026-10-01,rimowa,1602551,RIMOWA,Brands,DE,org,1179,
2026-10-01,ringostarrmusic,1662534,Ringo Starr,Music,GB,person,1154,
2026-10-01,ritaora,15955652,RITA ORA,Music,GB,person,339,
2026-10-01,rkive,53734129,RM,Music,KR,person,120,
2026-10-01,robbiewilliams,3944902,Robbie Williams,Music,GB,person,778,
2026-10-01,robert.fico,63723,Robert Fico,Public figures,SK,person,2177,
2026-10-01,robertdowneyjr,58898680,Robert Downey Jr.,Film & TV,US,person,95,
2026-10-01,robinvanpersie,5309709,Robin van Persie,Sports,NL,person,679,
2026-10-01,rogerfederer,13348439,Roger Federer,Sports,CH,person,397,
2026-10-01,rohyoonseo,3365033,노윤서,Film & TV,KR,person,835,
2026-10-01,rolandgarros,5189032,Roland-Garros,Sports,FR,org,692,
2026-10-01,romelulukaku,8530128,Romelu Lukaku Bolingoli,Sports,BE,person,522,
2026-10-01,ronaldinho,81088190,Ronaldo de Assis Moreira,Sports,BR,person,51,
2026-10-01,rosalia.vt,27829946,LA ROSALÍA,Music,ES,person,218,
2026-10-01,roses_are_rosie,83003519,ROSÉ,Music,NZ,person,49,
2026-10-01,royalnasty__,404670,𝑨𝑺𝑲 𝑶𝑭 𝑹𝑶𝒀𝑨𝑳,Film & TV,NG,person,1851,
2026-10-01,rozgajelenaofficial,499186,Jelena Rozga,Music,HR,person,1749,
2026-10-01,rterdogan,11580853,Recep Tayyip Erdoğan,Public figures,TR,person,433,
2026-10-01,rupertgrint,5244051,Rupert Grint,Film & TV,GB,person,687,
2026-10-01,russian_kremlin,729060,President of Russia Vladimir Putin,Public figures,RU,org,1556,
2026-10-01,ryanjgiggs,126012,Ryan Giggs OBE,Sports,GB,person,2101,
2026-10-01,ryusdb,2870951,RYUJUNYEOL,Film & TV,KR,person,886,
2026-10-01,s04,1481201,FC Schalke 04,Sports,DE,org,1221,
2026-10-01,sabrinacarpenter,51257325,Sabrina Carpenter,Music,US,person,125,
2026-10-01,sachintendulkar,51713253,Sachin Tendulkar,Sports,IN,person,124,
2026-10-01,sadiesink_,35090317,Sadie Sink,Film & TV,US,person,182,
2026-10-01,sadiomaneofficiel,17390805,Sadio Mane,Sports,,person,312,
2026-10-01,sadiq,226180,Sadiq Khan,Public figures,GB,person,2022,
2026-10-01,saint_basils_cathedral,20382,Moscow Храм Василия Блаженного,Other,RU,org,2243,
2026-10-01,sallyfield,294015,Sally Field,Film & TV,US,person,1974,
2026-10-01,salmahayek,29259630,Salma Hayek Pinault,Film & TV,FR,person,205,
2026-10-01,salome_zourabichvili,51462,Salome Zourabichvili,Public figures,GE,person,2192,
2026-10-01,sampdoria,396038,U.C. Sampdoria,Sports,IT,org,1857,
2026-10-01,samuelljackson,9074585,Samuel L Jackson,Film & TV,GA,person,501,
2026-10-01,sandrabullock,7201499,Sandra Bullock,Film & TV,US,person,568,
2026-10-01,sangrejaponesa,7458964,EUGENIA,Film & TV,AR,person,563,
2026-10-01,saopaulofc,6973904,São Paulo Futebol Clube,Sports,BR,org,578,
2026-10-01,sarahjessicaparker,9947340,SJP,Film & TV,US,person,473,
2026-10-01,sarahkhanofficial,12728112,Mrs.Falak,Film & TV,PK,person,403,
2026-10-01,sarajoofficial,449890,Sara Jo,Music,RS,person,1793,
2026-10-01,saraya,5919389,Saraya Bevis,Sports,GB,person,649,
2026-10-01,sascha_huber_official,688889,SASCHA HUBER | FITNESS,Creators,AT,person,1590,
2026-10-01,schloesserverwaltung.bayern,83403,Bayerische Schlösserverwaltung,Public figures,DE,org,2151,
2026-10-01,schwarzenegger,26763884,Arnold Schwarzenegger,Film & TV,AT,person,223,Sports; Public figures
2026-10-01,scorpions,2400418,SCORPIONS,Music,DE,org,965,
2026-10-01,scotlandnationalteam,756385,Scotland National Team,Sports,GB,org,1538,
2026-10-01,sea_tawinan,2647372,𝐓𝐚𝐰𝐢𝐧𝐚𝐧 𝐀. 小海,Film & TV,TH,person,920,
2026-10-01,seanmikekelly,12046367,Sean Kelly,Public figures,US,person,419,
2026-10-01,sebastiankurz,306290,Sebastian Kurz,Public figures,AT,person,1961,
2026-10-01,secblinken,205096,Secretary Antony Blinken,Media,US,person,2040,
2026-10-01,secpompeo,322857,Secretary Pompeo,Public figures,US,person,1939,
2026-10-01,sefutbol,9377736,Selección Española Masculina de Fútbol,Sports,ES,org,487,
2026-10-01,segoleneroyal,41465,Ségolène Royal,Public figures,FR,person,2206,
2026-10-01,selenagomez,403028782,Selena Gomez,Music,US,person,4,Film & TV
2026-10-01,senators,441702,Ottawa Senators,Sports,CA,org,1804,
2026-10-01,seokj1012,5110995,서강준,Film & TV,KR,person,696,
2026-10-01,seonho__kim,12948520,김선호,Film & TV,KR,person,402,
2026-10-01,serenawilliams,17800947,Serena Williams,Sports,US,person,307,
2026-10-01,sergioramos,69842503,Sergio Ramos,Sports,ES,person,69,
2026-10-01,seriea,12005489,Lega Serie A,Sports,IT,org,421,
2026-10-01,sesamestreet,2172445,Sesame Street,Film & TV,US,org,1013,
2026-10-01,sevillafc,3609271,Sevilla FC,Sports,ES,org,805,
2026-10-01,sexpistols,327355,Sex Pistols Official,Music,GB,org,1933,
2026-10-01,shakira,103321731,Shakira,Music,CO,person,39,
2026-10-01,shaq,35152467,DR. SHAQUILLE O'NEAL Ed.D.,Sports,US,person,181,
2026-10-01,sharonstone,4310495,Sharon Stone,Film & TV,US,person,746,
2026-10-01,shawnmendes,68606906,Shawn Mendes,Music,CA,person,72,
2026-10-01,shindohyunn,360882,신도현,Film & TV,KR,person,1904,
2026-10-01,shinhs831,5271582,신혜선 Shin hae sun,Film & TV,KR,person,684,
2026-10-01,shraddhakapoor,92916137,Shraddha,Film & TV,IN,person,40,
2026-10-01,siamusic,8268830,SIA,Music,AU,person,533,
2026-10-01,sidhu_moosewala,18117063,Sidhu Moosewala (ਮੂਸੇ ਆਲਾ),Music,IN,person,304,
2026-10-01,simgesagin,1826631,Simge,Music,TR,person,1095,
2026-10-01,simonebiles,11809941,SIMONE BILES,Sports,US,person,428,
2026-10-01,sineadoconnorofficial,23465,Sinead O'Connor,Music,IE,person,2239,
2026-10-01,sirpatstew,1691700,Patrick Stewart,Film & TV,GB,person,1143,
2026-10-01,skodauk,52215,Škoda UK,Brands,CZ,org,2190,
2026-10-01,slbenfica,3504404,Sport Lisboa e Benfica,Sports,PT,org,815,
2026-10-01,smtown,13915626,SM Entertainment Group,Music,KR,org,386,
2026-10-01,snapchat,430541,Snapchat,Creators,,org,1819,
2026-10-01,snoopdogg,86744955,snoopdogg,Music,US,person,47,
2026-10-01,somin_jj,6322879,정소민,Film & TV,KR,person,621,
2026-10-01,sonygroup.global,83067,Sony Group – Global,Brands,JP,org,2152,
2026-10-01,sooyaaa__,80045735,JISOO,Music,KR,person,53,Film & TV
2026-10-01,sophiep0wers,843969,sophie powers,Music,CA,person,1496,
2026-10-01,souhilamallem,5829309,سهيلة معلم | Souhila Mallem,Film & TV,DZ,person,655,
2026-10-01,southamptonfc,1380960,Southampton FC,Sports,GB,org,1265,
2026-10-01,southpark,6379311,South America,Film & TV,US,org,616,
2026-10-01,spacex,17370950,SpaceX,Brands,US,org,314,
2026-10-01,spdde,171544,SPD,Public figures,DE,org,2058,
2026-10-01,spicegirls,2469922,Spice Girls,Music,GB,org,955,
2026-10-01,sportingcp,2966061,Sporting CP,Sports,PT,org,875,
2026-10-01,spotify,14559794,Spotify,Music,SE,org,367,
2026-10-01,spursofficial,17002141,Tottenham Hotspur,Sports,GB,org,322,
2026-10-01,ssinz7,14940314,박신혜/Shin Hye Park,Film & TV,KR,person,358,
2026-10-01,starbucks,17562998,Starbucks,Brands,US,org,309,
2026-10-01,starwars,17099149,Star Wars,Film & TV,US,org,320,
2026-10-01,stephanielee199,524141,Stephanie Lee,Film & TV,US,person,1717,
2026-10-01,stevengerrard,11311618,Steven Gerrard,Sports,GB,person,441,
2026-10-01,sukyeol.yoon,160885,윤석열,Public figures,KR,person,2068,
2026-10-01,sunderlandafc,1456232,Sunderland AFC,Sports,GB,org,1232,
2026-10-01,sunnyleone,54632078,Sunny Leone,Film & TV,US,person,117,
2026-10-01,susanboylemusic,213192,Susan Boyle,Music,GB,person,2033,
2026-10-01,sussexroyal,8539215,The Duke and Duchess of Sussex,Public figures,GB,person,521,
2026-10-01,swansofficial,488414,Swansea City AFC,Sports,GB,org,1760,
2026-10-01,sydney_sweeney,25880394,Sydney Sweeney,Film & TV,US,person,235,
2026-10-01,tagesschau,6979897,tagesschau,Media,DE,org,577,
2026-10-01,takaichi_sanae,1297477,高市 早苗,Public figures,JP,person,1302,
2026-10-01,tatawerneck,54535513,Tata Werneck,Film & TV,BR,person,118,
2026-10-01,tatemcrae,10006317,Tate McRae,Music,CA,person,471,
2026-10-01,tavicastro,5024822,Tavi Castro,Creators,NL,person,699,
2026-10-01,taylorlautner,11237931,Taylor Lautner,Music,US,person,443,
2026-10-01,taylorswift,272741820,Taylor Swift,Music,US,person,13,
2026-10-01,tchalamet,21270987,Timothée Chalamet,Film & TV,FR,person,265,
2026-10-01,teammellifootball,1345317,TeamMelli,Sports,IR,org,1284,
2026-10-01,teamrussia,933909,Сборная России по футболу,Sports,RU,org,1451,
2026-10-01,teddysphotos,47233704,Ed Sheeran,Music,GB,person,139,
2026-10-01,telemundo,14847586,Telemundo,Media,US,org,360,
2026-10-01,teletubbieshq,1165802,Teletubbies,Film & TV,GB,org,1352,
2026-10-01,teoyoo,517246,Teo Yoo / 유태오,Film & TV,DE,person,1730,
2026-10-01,teprovocaonline,477702,Teprovoca,Other,,org,1768,
2026-10-01,teresateng.official,7570,鄧麗君 邓丽君 Teresa Teng テレサ・テン,Music,TW,person,2273,
2026-10-01,terryvgilliam,29661,Terry Gilliam,Film & TV,US,person,2223,
2026-10-01,teslamotors,9541598,Tesla,Brands,US,org,483,
2026-10-01,tetris_official,75198,Tetris,Sports,,org,2164,
2026-10-01,thatdanielwu,1898897,Daniel Wu 吴 彦 祖,Film & TV,US,person,1081,
2026-10-01,theacademy,5714288,The Academy,Film & TV,US,org,661,
2026-10-01,theafchub,2246873,AFC,Sports,MY,org,993,
2026-10-01,thebeachboys,299129,The Beach Boys,Music,US,org,1965,
2026-10-01,thebeatles,5926769,The Beatles,Music,GB,org,648,
2026-10-01,thebursin,11211001,Kerem Bürsin,Film & TV,TR,person,444,
2026-10-01,thechurchofengland,104289,The Church of England,Public figures,GB,org,2118,
2026-10-01,thehughjackman,33142146,Hugh Jackman,Film & TV,AU,person,189,Music
2026-10-01,thejeffbridges,629544,Jeff Bridges,Film & TV,US,person,1632,
2026-10-01,thekfa,1061428,대한민국 축구국가대표팀,Sports,KR,org,1385,
2026-10-01,thelastofus,1730252,The Last of Us,Film & TV,US,org,1122,
2026-10-01,themichaelowen,529638,Michael Owen,Sports,GB,person,1710,
2026-10-01,themuseumofmodernart,6134056,MoMA The Museum of Modern Art,Other,US,org,636,
2026-10-01,theoceancleanup,2585429,The Ocean Cleanup,Public figures,,org,940,
2026-10-01,theoffice,2723602,The Office,Film & TV,US,org,904,
2026-10-01,theofficialsting,1915634,STING,Music,GB,person,1076,
2026-10-01,therealjohncale,85696,John Cale,Music,GB,person,2146,
2026-10-01,therealstanlee,12028944,Stan Lee,Film & TV,US,person,420,
2026-10-01,therock,381030816,Dwayne Johnson,Film & TV,US,person,5,Sports
2026-10-01,therollingstones,4302895,The Rolling Stones,Music,GB,org,747,
2026-10-01,theroyalsociety,195808,The Royal Society,Media,GB,org,2046,
2026-10-01,thetimes,1920174,The Times and Sunday Times,Media,GB,org,1075,
2026-10-01,theweeknd,77390454,Abel,Music,CA,person,59,
2026-10-01,theweightsaint,30700,Richard Simmons,Sports,US,person,2221,
2026-10-01,thibautcourtois,18554770,Thibaut Courtois,Sports,BE,person,298,
2026-10-01,thierryhenry,6107025,Thierry Henry,Sports,FR,person,638,
2026-10-01,thisisbillgates,12051513,Bill Gates,Public figures,US,person,416,
2026-10-01,thv,76822873,V,Music,KR,person,60,
2026-10-01,tiaraandini,8255341,TIARA,Music,ID,person,536,
2026-10-01,tigerjackieshroff,39196722,Tiger shroff,Film & TV,IN,person,167,
2026-10-01,tiktok,24838667,TikTok,Brands,CN,org,241,
2026-10-01,timburton,4106008,Tim Burton,Film & TV,US,person,762,
2026-10-01,tina_karol,1948542,Tina Karol,Music,UA,person,1067,
2026-10-01,tinistoessel,21717989,tini,Music,AR,person,261,Film & TV
2026-10-01,tobeymaguir,423579,Tobey Maguire,Film & TV,US,person,1829,
2026-10-01,tokayev_online,2840821,QASYM-JOMART TOQAYEV,Public figures,KZ,person,892,
2026-10-01,tokyodisneyresort_official,4456434,東京ディズニーリゾート,Brands,JP,org,734,
2026-10-01,tomcruise,15596961,Tom Cruise,Film & TV,US,person,347,
2026-10-01,tomhanks,9805474,Tom Hanks,Film & TV,GR,person,475,
2026-10-01,tomhardy,11565948,Tom Hardy,Film & TV,GB,person,434,
2026-10-01,tomholland2013,68666078,Tom Holland,Film & TV,GB,person,71,
2026-10-01,toni.kr8s,48845310,Toni Kroos,Sports,DE,person,135,
2026-10-01,toniruediger,13220201,Antonio Rüdiger,Sports,DE,person,399,
2026-10-01,tonistorm_,940948,Timeless Toni Storm,Sports,NZ,person,1449,
2026-10-01,torinofc1906,520420,Torino Football Club,Sports,IT,org,1725,
2026-10-01,toyota,10137565,TOYOTA,Brands,JP,org,467,
2026-10-01,travelzoo_de,78630,Travelzoo Deutschland,Brands,GB,org,2159,
2026-10-01,travisscott,58704083,flame,Music,US,person,98,
2026-10-01,turkishairlines,3161794,Turkish Airlines,Brands,TR,org,855,
2026-10-01,tvglobo,19303964,TV Globo,Media,BR,org,284,
2026-10-01,twhiddleston,10682403,Tom Hiddleston,Film & TV,GB,person,455,
2026-10-01,twicetagram,29917037,TWICE,Music,KR,org,202,
2026-10-01,tyrabanks,7026658,T Y R A • B A N K S,Fashion & beauty,US,person,574,Film & TV
2026-10-01,uarmyhope,56747086,jhope,Music,KR,person,106,
2026-10-01,ucberkeleyofficial,457528,UC Berkeley,Public figures,US,org,1790,
2026-10-01,uchicago,279656,The University Of Chicago,Public figures,US,org,1987,
2026-10-01,ucla,541211,UCLA,Public figures,US,org,1700,
2026-10-01,ufc,50882858,UFC,Sports,US,org,128,
2026-10-01,ufg_oficial,184660,Universidade Federal de Goiás,Media,BR,org,2052,
2026-10-01,ufrb_edu,68620,UFRB,Media,BR,org,2173,
2026-10-01,uklabour,380546,The Labour Party,Public figures,GB,org,1879,
2026-10-01,umathurman,1824422,Uma Thurman,Film & TV,US,person,1097,
2026-10-01,unesco,3501467,UNESCO,Public figures,FR,org,816,
2026-10-01,unibo,210107,Alma Mater Studiorum – Università di Bologna,Media,IT,org,2038,
2026-10-01,unicef,11201855,UNICEF,Public figures,US,org,445,
2026-10-01,unigoettingen,37841,Uni Göttingen,Public figures,DE,org,2211,
2026-10-01,uniheidelberg,52154,Universität Heidelberg,Media,DE,org,2191,
2026-10-01,universalpictures,5276760,Universal Pictures,Film & TV,US,org,682,
2026-10-01,universitaet.tuebingen,36781,Universität Tübingen,Public figures,DE,org,2213,
2026-10-01,universiteitleiden,89853,Universiteit Leiden,Public figures,,org,2138,
2026-10-01,univienna,91508,Universität Wien,Public figures,AT,org,2133,
2026-10-01,uofmichigan,544391,University of Michigan,Public figures,US,org,1698,
2026-10-01,uofpenn,400999,University of Pennsylvania,Public figures,US,org,1855,
2026-10-01,uoft,386638,University of Toronto,Public figures,CA,org,1870,
2026-10-01,uppoompat,1527325,up,Film & TV,TH,person,1206,
2026-10-01,ursulavonderleyen,799709,Ursula von der Leyen,Public figures,DE,person,1516,
2026-10-01,usainbolt,14059206,Usain St.Leo Bolt,Sports,JM,person,381,
2026-10-01,usarmy,3090733,United States Army,Public figures,US,org,863,
2026-10-01,usher,14026052,Usher,Music,US,person,382,
2026-10-01,usnavy,2917278,US Navy,Public figures,US,org,882,
2026-10-01,usopen,4270620,US Open,Sports,US,org,751,
2026-10-01,ussoccer,626142,U.S. Soccer,Sports,US,org,1636,
2026-10-01,uvsq_universite,13739,UVSQ,Public figures,FR,org,2259,
2026-10-01,valenciacf,1493726,Valencia CF,Sports,ES,org,1218,
2026-10-01,valkilmerofficial,667711,Val Kilmer,Film & TV,US,person,1605,
2026-10-01,vancityreynolds,49180368,Ryan Reynolds,Film & TV,US,person,134,
2026-10-01,vanderbellen,366550,Alexander Van der Bellen,Public figures,AT,person,1896,
2026-10-01,vanessahudgens,47721619,Vanessa Hudgens,Film & TV,US,person,138,Music
2026-10-01,varundvn,45075863,VarunDhawan,Film & TV,IN,person,147,
2026-10-01,vegetta777,6483596,Samuel De Luque,Creators,ES,person,604,
2026-10-01,venuswilliams,2202016,Venus Williams,Sports,US,person,1005,
2026-10-01,vfb,790014,VfB Stuttgart 1893,Sports,DE,org,1520,
2026-10-01,vfl.wolfsburg,909457,VfL Wolfsburg,Sports,DE,org,1460,
2026-10-01,vickyvette,1972627,Vicky Vette,Film & TV,NO,person,1062,
2026-10-01,victon1109,567449,VICTON (빅톤),Music,KR,org,1670,
2026-10-01,victoriabeckham,33093903,Victoria Beckham,Fashion & beauty,GB,person,190,Music
2026-10-01,victoriassecret,76799776,Victoria's Secret,Fashion & beauty,US,org,61,
2026-10-01,vietjet,36508,Vietjet,Brands,VN,org,2214,
2026-10-01,viktor_hovland,805848,Viktor Hovland,Sports,NO,person,1512,
2026-10-01,villarrealcf,1753150,Villarreal CF,Sports,ES,org,1119,
2026-10-01,vindiesel,103453262,Vin Diesel,Film & TV,US,person,37,
2026-10-01,vinijr,64005943,Vinicius Jr.,Sports,BR,person,82,
2026-10-01,violadavis,12195487,VIOLA DAVIS,Film & TV,US,person,413,
2026-10-01,virat.kohli,271514281,Virat Kohli,Sports,IN,person,14,
2026-10-01,vk,140567,VK Музыка,Music,RU,org,2088,
2026-10-01,voanews,702071,Voice of America,Media,US,org,1576,
2026-10-01,voxdotcom,1017993,Vox,Media,US,org,1405,
2026-10-01,vp,15423440,Vice President JD Vance,Public figures,US,person,349,
2026-10-01,vp44,784334,Vice President Joe Biden,Public figures,US,person,1525,
2026-10-01,walmart,4017477,Walmart,Brands,US,org,770,
2026-10-01,warcraft,990511,World of Warcraft,Sports,US,org,1425,
2026-10-01,warnerbrosentertainment,3549449,Warner Bros. Entertainment,Film & TV,US,org,813,
2026-10-01,washingtonpost,7614737,The Washington Post,Media,US,org,556,
2026-10-01,waynerooney,15711538,Wayne Rooney,Sports,GB,person,344,
2026-10-01,wba,429851,West Bromwich Albion,Sports,GB,org,1821,
2026-10-01,wdohwan,8382763,우도환,Film & TV,KR,person,528,
2026-10-01,werderbremen,617719,SV Werder Bremen,Sports,DE,org,1639,
2026-10-01,westham,4446549,West Ham United,Sports,GB,org,737,
2026-10-01,westminsterabbeylondon,212441,Westminster Abbey,Public figures,GB,org,2035,
2026-10-01,whatsapp,5366432,WhatsApp,Brands,,org,676,
2026-10-01,whinderssonnunes,54308731,Whindersson Nunes,Creators,BR,person,119,
2026-10-01,whitehouse,12503537,The White House,Public figures,US,org,409,
2026-10-01,who,11754870,World Health Organization,Public figures,CH,org,431,
2026-10-01,wikipedia,835584,Wikipedia,Media,US,org,1498,
2026-10-01,wikipediaasianmonth,211,Wikipedia Asian Month,Media,,org,2311,
2026-10-01,wikivoyage.id,314,Wikivoyage Bahasa Indonesia,Media,US,org,2310,
2026-10-01,willsmith,67654609,Will Smith,Film & TV,US,person,74,Music
2026-10-01,wimbledon,8318252,Wimbledon,Sports,GB,org,531,
2026-10-01,wmo_omm,139946,World Meteorological Organization - WMO,Public figures,CH,org,2090,
2026-10-01,wolves,3012976,Wolves,Sports,GB,org,871,
2026-10-01,wonderwoman,359314,Wonder Woman,Film & TV,US,org,1908,
2026-10-01,worldeconomicforum,5168497,World Economic Forum,Public figures,CH,org,695,
2026-10-01,worldfoodprogramme,1346703,WFP | World Food Programme,Public figures,IT,org,1283,
2026-10-01,woutvanaert,1448954,Wout van Aert,Sports,BE,person,1237,
2026-10-01,wsj,5973129,The Wall Street Journal,Media,US,org,646,
2026-10-01,wwe,35434776,WWE,Brands,US,org,180,
2026-10-01,wwf,2643365,WWF International,Public figures,CH,org,922,
2026-10-01,xabialonso,13488307,Xabi Alonso,Sports,ES,person,391,
2026-10-01,xavi,11862269,Xavi Hernández,Sports,ES,person,426,
2026-10-01,xeesoxee,16711894,한소희,Film & TV,KR,person,328,
2026-10-01,xiaomi.global,5032748,Xiaomi Global,Brands,CN,org,698,
2026-10-01,xtina,10310128,Christina Aguilera,Music,US,person,464,
2026-10-01,yamahamotorusa,847101,YamahaMotorUSA,Brands,JP,org,1491,
2026-10-01,yangasc,5191109,Young Africans Sports Club,Sports,TZ,org,691,
2026-10-01,ye,20441045,Ye,Music,US,person,273,Fashion & beauty
2026-10-01,yeyeji_seo,2342450,SEO YEA JI,Film & TV,KR,person,975,
2026-10-01,yim_siwang,4287207,임시완,Film & TV,KR,person,748,
2026-10-01,yong.lixx,36439399,Felix,Music,AU,person,177,
2026-10-01,yoonhyunmin,818830,윤현민,Film & TV,KR,person,1505,
2026-10-01,youtube,30442940,YouTube,Brands,US,org,199,
2026-10-01,yubi_190,1202252,이유비 𝐘𝐮𝐛𝐢 𝐋𝐞𝐞,Film & TV,KR,person,1341,
2026-10-01,yui.sakurai_7,797086,櫻井優衣,Music,JP,person,1517,
2026-10-01,yungmiami305,6405353,Caresha Brownlee,Music,US,person,612,
2026-10-01,yuval_noah_harari,1194277,Yuval Noah Harari,Public figures,IL,person,1345,
2026-10-01,zacefron,57539235,Zac Efron,Film & TV,US,person,102,
2026-10-01,zachking,31929616,Zach King,Creators,US,person,195,
2026-10-01,zara,61658294,ZARA,Fashion & beauty,ES,org,85,
2026-10-01,zaralarsson,13357450,Zara Larsson,Music,SE,person,395,
2026-10-01,zeepruk,4952346,Z,Film & TV,TH,person,705,
2026-10-01,zelenskyy_official,16045326,Володимир Зеленський,Public figures,UA,person,337,
2026-10-01,zendaya,178621110,Zendaya,Film & TV,US,person,21,
2026-10-01,zenit_spb,999609,FC Zenit,Sports,RU,org,1416,
2026-10-01,zidane,44466176,zidane,Sports,FR,person,150,
2026-10-01,zoesaldana,11539698,Zoe Saldaña,Film & TV,US,person,436,
2026-10-01,zohrankmamdani,12534092,Zohran Kwame Mamdani,Public figures,US,person,408,
2026-10-01,zuck,17266792,Mark Zuckerberg,Public figures,US,person,316,
2026-10-02,216jung,1069941,이민정,Film & TV,KR,person,1382,
2026-10-02,2janejane,601174,이재인,Film & TV,KR,person,1652,
2026-10-02,2pac,10913618,Tupac Shakur,Music,US,person,453,
2026-10-02,39daph,278709,daphne,Creators,CA,person,1989,
2026-10-02,3gerardpique,20964586,Gerard Piqué,Sports,ES,person,268,
2026-10-02,42psy42,4452935,PSY,Music,KR,person,735,
2026-10-02,433,79660130,433,Media,,org,54,
2026-10-02,50cent,38697147,50 Cent,Music,US,person,171,
2026-10-02,9gag,51927163,9GAG: Go Fun The World,Media,HK,org,123,
2026-10-02,__carlitostevez,2173199,Carlitos Tevez,Sports,AR,person,1012,
2026-10-02,_choiiii__,8915844,최현욱,Film & TV,KR,person,508,
2026-10-02,_rl9,38774679,Robert Lewandowski,Sports,PL,person,170,
2026-10-02,_ryeoun,3457317,려운,Film & TV,KR,person,820,
2026-10-02,_seorina,10035374,설인아 sᴇᴏʀɪɴᴀ,Film & TV,KR,person,469,
2026-10-02,a_n_o2mass,1494142,aNo2mass,Music,JP,person,1217,
2026-10-02,aaliyah,587987,Aaliyah Haughton,Music,US,person,1662,
2026-10-02,ab,15467197,Yawah Ben,Sports,US,person,348,
2026-10-02,abba,2239474,ABBA,Music,SE,org,997,
2026-10-02,abcnews,5826376,ABC News,Media,US,org,656,
2026-10-02,abdevilliers17,29530740,AB de Villiers,Sports,ZA,person,204,
2026-10-02,abscbn,3336995,ABS-CBN,Media,PH,org,837,
2026-10-02,achrafhakimi,25276470,Achraf Hakimi,Sports,ES,person,238,
2026-10-02,acmilan,18189324,AC Milan,Sports,IT,org,302,
2026-10-02,actorleeminho,33490879,이민호 leeminho,Film & TV,KR,person,188,
2026-10-02,actorvijay,19117831,Vijay,Film & TV,IN,person,288,
2026-10-02,adamlevine,14174667,Adam Levine,Music,US,person,377,
2026-10-02,adamsandler,26507802,Adam Sandler,Film & TV,US,person,226,
2026-10-02,adb_hq,40737,Asian Development Bank,Brands,PH,org,2207,
2026-10-02,adele,55932199,Adele,Music,GB,person,111,
2026-10-02,adidas,29727858,adidas,Brands,DE,org,203,
2026-10-02,adrianalima,19475307,Adriana Lima,Fashion & beauty,BR,person,282,
2026-10-02,adrienbrody,2255444,Adrien Brody,Film & TV,US,person,990,
2026-10-02,aeroflot,629330,Аэрофлот,Brands,RU,org,1633,
2026-10-02,afaseleccion,18494228,Selección Argentina,Sports,AR,org,299,
2026-10-02,afcajax,8666892,AFC Ajax,Sports,,org,516,
2026-10-02,afcb,1382819,AFC Bournemouth,Sports,GB,org,1264,
2026-10-02,agnezmo,31126114,AGNEZ MO,Music,ID,person,197,
2026-10-02,agustd,55093057,SUGA of BTS 민윤기,Music,KR,person,115,
2026-10-02,ahmet_davutoglu,374430,Ahmet Davutoğlu,Public figures,TR,person,1886,
2026-10-02,aishwaryaraibachchan_arb,14792028,AishwaryaRaiBachchan,Film & TV,IN,person,362,
2026-10-02,akawilliamhbonney,94196,Emilio Estèvez,Film & TV,US,person,2129,
2026-10-02,akira.toriyama,983032,Akira Toriyama ( 鳥山 明 ),Film & TV,JP,person,1429,
2026-10-02,akon,11338969,AKON,Music,US,person,438,
2026-10-02,akshaykumar,64907493,Akshay Kumar,Film & TV,IN,person,81,
2026-10-02,alexbodi,362662,Bodi Alex,Public figures,RO,person,1899,
2026-10-02,alexis_officia1,16377500,Sanchez Alexis,Sports,CL,person,333,
2026-10-02,alfaromeoofficial,1939367,Alfa Romeo,Brands,IT,org,1070,
2026-10-02,alferdezok,1961710,Alberto Fernández,Public figures,AR,person,1066,
2026-10-02,aliaabhatt,85269247,Alia Bhatt,Film & TV,IN,person,48,
2026-10-02,alicecooper,1806887,Alice Cooper,Music,US,person,1102,
2026-10-02,aliciakeys,27218609,Alicia Keys,Music,US,person,222,
2026-10-02,alishalehmann7,14997769,Alisha Lehmann,Sports,CH,person,355,
2026-10-02,aljazeera,14482582,الجزيرة,Media,QA,org,370,
2026-10-02,alla_orfey,3771219,ALLA PUGACHEVA,Music,RU,person,797,
2026-10-02,almazbek_atambaev_official,169243,Алмазбек Атамбаев,Public figures,KG,person,2060,
2026-10-02,amd,2094429,AMD,Brands,US,org,1032,
2026-10-02,amitabhbachchan,36305405,Amitabh Bachchan,Film & TV,IN,person,178,
2026-10-02,anabrnabic,68132,Ana Brnabić,Public figures,RS,person,2174,
2026-10-02,anamenaoficial,1581289,Ana Mena,Music,ES,person,1188,
2026-10-02,ananyapanday,26205873,Ananya,Film & TV,IN,person,232,
2026-10-02,andreapirlo21,9582804,Andrea Pirlo Official,Sports,IT,person,481,
2026-10-02,andresiniesta8,42333205,Andres Iniesta,Sports,ES,person,161,
2026-10-02,andriyshevchenko,1498863,Andriy Shevchenko,Sports,UA,person,1215,
2026-10-02,android,2016186,Android,Brands,,org,1050,
2026-10-02,andyle_official,704677,ANDY LE 武館,Film & TV,US,person,1573,
2026-10-02,andyserkis,506012,Andrew Serkis,Film & TV,GB,person,1744,
2026-10-02,angeldimariajm,26341420,Ángel Di María,Sports,IT,person,231,
2026-10-02,angelinajolie,16365668,Angelina Jolie,Film & TV,KH,person,334,
2026-10-02,angelique_rockas_official,84,Angelique Rockas,Film & TV,GB,person,2316,
2026-10-02,anitta,61066001,Anitta,Music,BR,person,88,
2026-10-02,annakendrick47,24043597,Anna Kendrick,Film & TV,US,person,245,
2026-10-02,annamtendler,272198,Anna Marie Tendler,Creators,US,person,1996,
2026-10-02,annehathaway,44580466,Anne Hathaway,Film & TV,US,person,149,
2026-10-02,antogriezmann,39048220,Antoine Griezmann,Sports,FR,person,169,
2026-10-02,anushkasharma,67274202,AnushkaSharma1588,Film & TV,IN,person,76,
2026-10-02,anyataylorjoy,12043135,Anya Taylor-Joy,Film & TV,GB,person,417,
2026-10-02,aoc,9759535,Alexandria Ocasio-Cortez,Public figures,US,person,477,
2026-10-02,apnabhidu,2024799,Jackie Shroff,Film & TV,IN,person,1047,
2026-10-02,apple,38020760,apple,Brands,US,org,174,
2026-10-02,arethafranklin,281095,Aretha Franklin,Music,US,person,1986,
2026-10-02,arianagrande,362550445,Ariana Grande,Music,US,person,7,Film & TV
2026-10-02,arsenal,32527044,Arsenal,Sports,GB,org,192,
2026-10-02,asmonaco,3103614,AS Monaco,Sports,MC,org,861,
2026-10-02,atleticodemadrid,17922917,Atlético de Madrid,Sports,ES,org,305,
2026-10-02,atlhawks,2690410,Atlanta Hawks,Sports,US,org,914,
2026-10-02,audi_de,1415238,Audi Deutschland,Brands,DE,org,1252,
2026-10-02,aussenrist15,4995468,Mats Hummels,Sports,DE,person,701,
2026-10-02,avani,14822221,avani,Creators,US,person,361,
2026-10-02,avengers,14097430,Avengers,Film & TV,US,org,378,
2026-10-02,avocat.avi.bitton,408793,AVI BITTON,Other,,person,1845,
2026-10-02,avrillavigne,13981507,Avril Lavigne,Music,FR,person,385,
2026-10-02,avucic,295344,Александар Вучић,Public figures,RS,person,1971,
2026-10-02,ayezakhan.ak,14629701,Ayeza Khan,Film & TV,PK,person,366,
2026-10-02,bachchan,12135224,Abhishek Bachchan,Film & TV,IN,person,414,
2026-10-02,backstreetboys,6400260,Backstreet Boys,Music,US,org,614,
2026-10-02,badbunnypr,53359390,Benito Antonio,Music,PR,person,121,
2026-10-02,badgalriri,145768692,badgalriri,Music,BB,person,27,Fashion & beauty
2026-10-02,banksy,14083746,Banksy,Other,GB,person,379,
2026-10-02,barackobama,42742048,Barack Obama,Public figures,US,person,158,
2026-10-02,bastianschweinsteiger,16495758,Bastian Schweinsteiger,Sports,DE,person,331,
2026-10-02,batman,2577098,Batman,Film & TV,US,org,942,
2026-10-02,bcfc,367258,Birmingham City Football Club,Sports,GB,org,1894,
2026-10-02,beingsalmankhan,72726875,Salman Khan,Film & TV,IN,person,65,
2026-10-02,bekvalceva,908548,Nataša Bekvalac,Music,RS,person,1461,
2026-10-02,bellahadid,59075271,Bella,Fashion & beauty,US,person,92,
2026-10-02,bellathorne,22318359,Bella Thorne,Music,US,person,255,
2026-10-02,bettemidler,1993380,Bette Midler,Music,US,person,1057,
2026-10-02,beyonce,298936094,Beyoncé,Music,US,person,9,
2026-10-02,billboard,17594122,billboard,Media,US,org,308,
2026-10-02,billieeilish,123774496,BILLIE EILISH,Music,US,person,32,
2026-10-02,billiejeanking,1321661,Billie Jean King,Sports,US,person,1296,
2026-10-02,blackpanther,1667689,Black Panther,Film & TV,US,org,1152,
2026-10-02,blackpinkofficial,57704417,BLΛƆKPIИK,Music,KR,org,101,
2026-10-02,blakelively,40364892,Blake Lively,Film & TV,US,person,163,
2026-10-02,bleona,635026,B L E O N A,Music,US,person,1627,
2026-10-02,blklivesmatter,3193178,Black Lives Matter (BLM),Public figures,US,org,852,
2026-10-02,bni46,1969073,Bank Negara Indonesia,Brands,ID,org,1063,
2026-10-02,bocajrs,10584844,Boca Juniors,Sports,AR,org,458,
2026-10-02,boeing,2185915,The Boeing Company,Brands,US,org,1008,
2026-10-02,bolshoi_theatre,369250,Большой театр / The Bolshoi theatre,Brands,RU,org,1892,
2026-10-02,boniver,1065623,Bon Iver,Music,US,org,1383,
2026-10-02,borisbeckerofficial,433419,Boris Becker,Sports,DE,person,1815,
2026-10-02,borussia,1224485,Borussia Mönchengladbach | Bundesliga,Sports,DE,org,1330,
2026-10-02,borutpahor,161598,Borut Pahor,Public figures,SI,person,2067,
2026-10-02,boyko.borissov,43031,Boyko Borissov,Sports,BG,person,2203,
2026-10-02,bpagester,1812836,BRIAN PAGE,Public figures,US,person,1101,
2026-10-02,brasil,26373270,CBF • Seleção Brasileira de Futebol,Sports,BR,org,229,
2026-10-02,breakingbad,2418814,Breaking Bad,Film & TV,US,org,962,
2026-10-02,britishlibrary,514409,British Library,Public figures,GB,org,1732,
2026-10-02,britneyspears,41875961,Britney Spears,Music,US,person,162,
2026-10-02,brookeshields,2854595,Brooke Shields,Film & TV,US,person,889,
2026-10-02,brownu,351521,Brown University,Media,US,org,1914,
2026-10-02,brucelee,12573297,Bruce Lee,Film & TV,US,person,406,Sports
2026-10-02,brunomars,43670172,Bruno Mars,Music,US,person,156,
2026-10-02,bts.bighitofficial,81653089,BTS official,Music,KR,org,50,
2026-10-02,budspencerofficial,441549,Bud Spencer,Film & TV,IT,person,1806,
2026-10-02,bundeskanzlerinmerkel,1534146,Bundeskanzlerin a.D. Merkel,Public figures,DE,person,1201,
2026-10-02,bundesliga,16983922,Bundesliga,Sports,DE,org,324,
2026-10-02,bunnings,510471,Bunnings Warehouse,Brands,AU,org,1738,
2026-10-02,burjalarab,673,Burj Al Arab,Brands,AE,org,2301,
2026-10-02,burnleyofficial,954911,Burnley Football Club,Sports,GB,org,1439,
2026-10-02,bvb09,20767953,Borussia Dortmund,Sports,DE,org,270,
2026-10-02,by,1214772,Binali Yıldırım,Public figures,TR,person,1335,
2026-10-02,cagliaricalcio,564293,Cagliari Calcio,Sports,IT,org,1674,
2026-10-02,callmikenzy,513418,Ezike uche Kelvin,Film & TV,NG,person,1734,
2026-10-02,callofduty,12099314,Call of Duty,Brands,US,org,415,
2026-10-02,camerondiaz,12368018,Cameron Diaz,Film & TV,US,person,412,
2026-10-02,camila_cabello,61596602,camila,Music,US,person,86,
2026-10-02,canal_in,346025,Canal IN,Media,BR,org,1920,
2026-10-02,candiceking,12040235,Candice King,Film & TV,US,person,418,
2026-10-02,caradelevingne,38179448,Cara Delevingne,Fashion & beauty,GB,person,172,Film & TV
2026-10-02,carl_lewis_official,51456,Carl Lewis,Sports,US,person,2193,
2026-10-02,carles5puyol,14016448,Carles Puyol,Sports,ES,person,383,
2026-10-02,casemiro,22526986,Casemiro,Sports,BR,person,251,
2026-10-02,cavaniofficial21,9794659,Edinson Cavani,Sports,UY,person,476,
2026-10-02,cavs,15804932,Cleveland Cavaliers,Sports,US,org,341,
2026-10-02,cecaraznatovic,1218274,C E C A,Music,RS,person,1333,
2026-10-02,celinedion,11951626,Céline Dion,Music,CA,person,422,
2026-10-02,celtics,8264024,Boston Celtics,Sports,US,org,534,
2026-10-02,cesar_cultureg,2319341,César Roussel,Creators,FR,person,983,
2026-10-02,cescf4bregas,14407619,Cesc Fàbregas,Sports,ES,person,372,
2026-10-02,chadwickboseman,10980272,Chadwick Boseman,Film & TV,US,person,451,
2026-10-02,champagnepapi,139963695,champagnepapi,Music,US,person,28,
2026-10-02,championsleague,120595204,UEFA Champions League,Sports,,org,33,
2026-10-02,chanelofficial,59025910,CHANEL,Brands,FR,org,93,
2026-10-02,chappellroan,7704040,･ﾟ: * Chappell Roan *:･ﾟ,Music,US,person,554,
2026-10-02,charlesmichel,95363,Charles Michel,Public figures,BE,person,2127,
2026-10-02,charlidamelio,40115899,charli,Creators,US,person,164,
2026-10-02,charliebirdparkerofficial,111387,Charlie Parker,Music,US,person,2111,
2026-10-02,charliekirk1776,13469306,Charlie Kirk,Public figures,US,person,392,
2026-10-02,charlizeafrica,8326890,Charlize Theron,Film & TV,US,person,530,
2026-10-02,chelseafc,44414966,Chelsea FC,Sports,GB,org,151,
2026-10-02,chicagobulls,9957091,Chicago Bulls,Sports,US,org,472,
2026-10-02,chilipeppers,6568104,Red Hot Chili Peppers,Music,US,org,599,
2026-10-02,chitpas,948169,Tant Chitpas Kridakon,Public figures,TH,person,1444,
2026-10-02,chrisbrownofficial,139919792,BROWN,Music,US,person,29,
2026-10-02,chrisevans,16991153,Chris Evans,Film & TV,US,person,323,
2026-10-02,chrishemsworth,58178827,Chris Hemsworth,Film & TV,AU,person,99,
2026-10-02,christucker,4850540,Chris Tucker,Film & TV,US,person,711,
2026-10-02,cindycrawford,8269620,Cindy Crawford,Fashion & beauty,US,person,532,
2026-10-02,citroenuk,28787,Citroën UK,Brands,FR,org,2226,
2026-10-02,city_shibuya_official,16520,渋谷区【公式】,Other,JP,org,2252,
2026-10-02,claudia_shein,3566095,Claudia Sheinbaum Pardo,Public figures,MX,person,810,
2026-10-02,clutchpoints,993706,ClutchPoints,Media,US,org,1419,
2026-10-02,cnn,23678876,CNN,Media,US,org,247,
2026-10-02,coldplay,28745924,Coldplay,Music,GB,org,210,
2026-10-02,comedycentral,2536425,Comedy Central,Film & TV,US,org,947,
2026-10-02,concacaf,947454,Concacaf,Sports,,org,1446,
2026-10-02,condoleezzarice,122203,Condoleezza Rice,Music,US,person,2107,
2026-10-02,conservatives,315650,Conservatives,Public figures,GB,org,1953,
2026-10-02,cooperativa,1342116,Cooperativa,Media,CL,org,1287,
2026-10-02,copticorthodox.church,201140,Coptic Orthodox Church,Public figures,EG,org,2042,
2026-10-02,corbinbleu,1037838,Corbin Bleu,Film & TV,US,person,1398,
2026-10-02,corinthians,15744188,Corinthians,Sports,BR,org,343,
2026-10-02,cornelluniversity,433290,Cornell University,Public figures,US,org,1817,
2026-10-02,courteneycoxofficial,14995480,Courteney Cox,Film & TV,US,person,356,
2026-10-02,cristiano,679275602,Cristiano Ronaldo,Sports,PT,person,2,
2026-10-02,crvenazvezdafk,754200,FK Crvena zvezda,Sports,RS,org,1541,
2026-10-02,ctdk,9020372,Siti Nurhaliza Tarudin,Music,MY,person,504,
2026-10-02,cw_supernatural,3403904,Supernatural,Film & TV,CA,org,827,
2026-10-02,cyndilauper,2120259,Cyndi Lauper,Music,US,person,1024,
2026-10-02,d_degeaofficial,15109386,David De Gea,Sports,ES,person,352,
2026-10-02,daddyyankee,50584135,DY,Music,US,person,130,
2026-10-02,dainava1935,3682,DFK Dainava,Sports,LT,org,2283,
2026-10-02,dakotafanning,4470932,Dakota Fanning,Film & TV,US,person,733,
2026-10-02,dakotajohnson,8391345,Dakota Johnson,Film & TV,US,person,527,
2026-10-02,danbilzerian,28641683,Dan Bilzerian,Creators,US,person,211,
2026-10-02,danialves,34203769,daniEL,Sports,BR,person,184,
2026-10-02,danishtaimoor16,8864700,Danish Taimoor,Film & TV,PK,person,509,
2026-10-02,david21lva,1599346,David Silva,Sports,ES,person,1180,
2026-10-02,davidalaba,15024020,David Alaba,Sports,AT,person,354,
2026-10-02,davidattenborough,5584817,A Life On Our Planet,Film & TV,GB,person,664,
2026-10-02,davidbeckham,87684634,David Beckham,Sports,GB,person,46,
2026-10-02,daviddobrik,9197544,DAVID DOBRIK,Creators,US,person,493,
2026-10-02,davidduchovny,669819,David Duchovny,Film & TV,US,person,1604,
2026-10-02,davidgilmour,1817491,David Gilmour,Music,GB,person,1099,
2026-10-02,davidguetta,12434049,DAVID GUETTA,Music,FR,person,411,
2026-10-02,davidluiz23,22377737,David Luiz,Sports,BR,person,254,
2026-10-02,davidvilla,8689566,David Villa,Sports,ES,person,514,
2026-10-02,ddlovato,147573410,Demi Lovato,Music,US,person,26,Film & TV
2026-10-02,deanmartinofficial,259569,Dean Martin,Sports,US,person,2003,
2026-10-02,deepikapadukone,78005609,दीपिका पादुकोण,Film & TV,IN,person,57,
2026-10-02,defrijuliant,346823,Defri Juliant,Music,ID,person,1917,
2026-10-02,delta,1696857,Delta Air Lines,Brands,US,org,1139,
2026-10-02,depthsofwikipedia,1652014,Wikipedia is weird!,Creators,US,org,1157,
2026-10-02,der_weinek,1559,Martin Weinek,Film & TV,AT,person,2293,
2026-10-02,diana_mondino,374883,Diana Mondino,Public figures,AR,person,1885,
2026-10-02,dianekruger,1148425,Diane Kruger,Film & TV,DE,person,1357,
2026-10-02,didierdrogba,14947265,Didier Drogba,Sports,CI,person,357,
2026-10-02,die_gruenen,442696,BÜNDNIS 90/DIE GRÜNEN,Public figures,DE,org,1802,
2026-10-02,diegogodin,1621200,Diego Godín,Sports,UY,person,1174,
2026-10-02,diljitdosanjh,26642596,DILJIT DOSANJH,Music,IN,person,224,Film & TV
2026-10-02,dior,46649218,Dior Official,Fashion & beauty,FR,org,141,
2026-10-02,dishapatani,60305507,disha patani (paatni),Film & TV,IN,person,89,
2026-10-02,disney,40047037,Disney,Film & TV,US,org,165,
2026-10-02,disneychannel,9501526,Disney Channel,Media,US,org,484,
2026-10-02,djokernole,16795078,Novak Djokovic,Sports,RS,person,327,
2026-10-02,dojacat,24328369,Doja Cat,Music,US,person,243,
2026-10-02,dollyparton,10176152,Dolly Parton,Music,US,person,465,
2026-10-02,donaldtusk,692831,Donald Tusk,Public figures,PL,person,1587,
2026-10-02,dovecameron,47027016,DOVE,Music,US,person,140,Film & TV
2026-10-02,drewbarrymore,18795809,Drew Barrymore,Film & TV,US,person,292,
2026-10-02,drseuss,1777849,Dr. Seuss,Film & TV,US,person,1115,
2026-10-02,drtedros,295720,Tedros Adhanom Ghebreyesus,Public figures,ET,person,1969,
2026-10-02,dualipa,88791650,DUA LIPA,Music,GB,person,44,
2026-10-02,dukeuniversity,336444,Duke University,Public figures,US,org,1930,
2026-10-02,durefishans,8581012,Durefishan Saleem,Film & TV,PK,person,520,
2026-10-02,dw_deutschlernen,990674,DW - Deutsch lernen,Media,DE,org,1424,
2026-10-02,earthhourofficial,110461,Earth Hour,Other,,org,2112,
2026-10-02,easymoneysniper,13411319,easymoneysniper,Sports,US,person,393,
2026-10-02,edwinvandersar1,1525896,Edwin van der Sar,Sports,NL,person,1207,
2026-10-02,egyptnt,3416197,Egypt National Team,Sports,EG,org,825,
2026-10-02,eincyclopedia,41,איןציקלופדיה,Media,CA,org,2320,
2026-10-02,elalfaeljefe,13717322,Emanuel Herrera Batista,Music,DO,person,388,
2026-10-02,elbasy_nazarbayev,153541,Тұңғыш Президенттің Баспасөз қызметі,Public figures,KZ,person,2075,
2026-10-02,ellendegeneres,129850483,Ellen DeGeneres,Film & TV,US,person,31,
2026-10-02,elliegoulding,13158896,elliegoulding,Music,GB,person,401,
2026-10-02,elrubiuswtf,17390080,el rubius WTF,Creators,ES,person,313,
2026-10-02,elsabois,1626011,Elsa Bois,Film & TV,FR,person,1172,
2026-10-02,eltonjohn,6037597,Elton John,Music,GB,person,644,
2026-10-02,emilia_clarke,27816301,Emilia Clarke,Film & TV,GB,person,219,
2026-10-02,eminem,43870991,Marshall Mathers,Music,US,person,155,
2026-10-02,emirates,9081293,Emirates,Brands,AE,org,500,
2026-10-02,emmaroberts,19844438,Emma Roberts,Film & TV,US,person,278,
2026-10-02,emmawatson,70887665,Emma Watson,Film & TV,GB,person,66,
2026-10-02,emmy,4593478,Emmy Rossum,Film & TV,US,person,726,
2026-10-02,england,14059780,England football team,Sports,GB,org,380,
2026-10-02,enhypen,22455736,ENHYPEN,Music,KR,org,252,
2026-10-02,enricoletta,93680,Enrico Letta,Public figures,IT,person,2130,
2026-10-02,enriqueiglesias,18583960,Enrique Iglesias,Music,ES,person,297,
2026-10-02,equipedefrance,19209079,Equipe de France de Football,Sports,FR,org,286,
2026-10-02,equipedumaroc,8257159,Équipe du Maroc,Sports,MA,org,535,
2026-10-02,ericworre,869041,Eric Worre,Film & TV,US,person,1482,
2026-10-02,esmuellert,14556637,Thomas Müller,Sports,DE,person,368,
2026-10-02,espn,28792141,ESPN,Media,US,org,209,
2026-10-02,ethzurich,163476,ETH Zurich,Brands,CH,org,2066,
2026-10-02,europaleague,14643826,UEFA Europa League,Sports,,org,365,
2026-10-02,europeanspaceagency,3420600,ESA - European Space Agency,Public figures,FR,org,824,
2026-10-02,evalongoria,10864841,Eva Longoria Baston,Film & TV,US,person,454,
2026-10-02,evamendes,7500191,Eva Mendes,Film & TV,US,person,559,
2026-10-02,evanescenceofficial,3219154,Evanescence,Music,US,org,850,
2026-10-02,evgenygrinko,520335,Evgeny Grinko,Music,RU,person,1726,
2026-10-02,f1,44070835,FORMULA 1,Sports,,org,153,
2026-10-02,fabiocannavaroofficial,2337361,Fabio Cannavaro,Sports,IT,person,978,
2026-10-02,fasiauliai,4495,Futbolo akademija „Šiauliai“,Sports,LT,org,2281,
2026-10-02,fawales,12109,FA Wales,Sports,GB,org,2264,
2026-10-02,fc_hegelmann,13493,FC Hegelmann,Sports,LT,org,2260,
2026-10-02,fcaugsburg1907,320448,FC Augsburg,Sports,DE,org,1945,
2026-10-02,fcbarcelona,148904379,FC Barcelona,Sports,ES,org,25,
2026-10-02,fcbayern,45641963,FC Bayern,Sports,DE,org,146,
2026-10-02,fcdziugas,3845,FC Džiugas - oficialus,Sports,LT,org,2282,
2026-10-02,fckoeln,705185,1. FC Köln,Sports,DE,org,1572,
2026-10-02,fcporto,3144548,FC Porto,Sports,PT,org,857,
2026-10-02,feel_kiyomizudera,175272,音羽山 清水寺Kiyomizu-dera temple,Other,JP,org,2056,
2026-10-02,fenerbahce,11947411,Fenerbahçe,Sports,TR,org,423,
2026-10-02,fergie,4749317,Fergie,Music,US,person,717,
2026-10-02,fernandotorres,12439327,𝙵𝙴𝚁𝙽𝙰𝙽𝙳𝙾 𝚃𝙾𝚁𝚁𝙴𝚂,Sports,ES,person,410,
2026-10-02,ferrari,32413239,Ferrari,Brands,IT,org,193,
2026-10-02,festivaldecannes,1666908,Festival de Cannes,Film & TV,FR,org,1153,
2026-10-02,fiat,634931,Fiat,Brands,IT,org,1628,
2026-10-02,fide_chess,674617,FIDE,Sports,CH,org,1601,
2026-10-02,fifawomensworldcup,2354558,FIFA Women's World Cup,Sports,,org,971,
2026-10-02,fifaworldcup,66998181,FIFA World Cup,Sports,,org,78,
2026-10-02,fkriteriai,5429,FK RITERIAI,Sports,LT,org,2278,
2026-10-02,flamengo,25163827,Flamengo,Sports,BR,org,239,
2026-10-02,flickr,107342,Flickr,Media,,org,2114,
2026-10-02,flynorwegian,472038,Norwegian,Brands,NO,org,1777,
2026-10-02,ford,6759220,Ford Motor Company,Brands,US,org,592,
2026-10-02,franciscus,9724881,Pope Francis,Public figures,AR,person,478,
2026-10-02,franckribery7,8739005,Franck Ribéry,Sports,FR,person,512,
2026-10-02,franzbeckenbauer,565627,Franz Beckenbauer,Sports,DE,person,1671,
2026-10-02,freidapinto,446571,Freida Pinto,Film & TV,IN,person,1799,
2026-10-02,friends,12579664,Friends,Film & TV,US,org,405,
2026-10-02,fsfofficielle,1481815,FSF,Sports,SN,org,1220,
2026-10-02,futuramaonhulu,63396,Futurama on Hulu,Film & TV,US,org,2178,
2026-10-02,g20org,199386,G20 USA,Public figures,,org,2044,
2026-10-02,gal_gadot,103395444,Gal Gadot,Film & TV,IL,person,38,
2026-10-02,galatasaray,18150032,Galatasaray,Sports,TR,org,303,
2026-10-02,gameofthrones,9230858,Game of Thrones,Film & TV,US,org,492,
2026-10-02,garethbale11,51083143,Gareth Bale,Sports,GB,person,126,
2026-10-02,garysiniseofficial,388872,Gary Sinise,Film & TV,US,person,1867,
2026-10-02,geertwilders,407455,Geert Wilders,Public figures,NL,person,1847,
2026-10-02,geewonii,14249202,김지원,Film & TV,KR,person,375,
2026-10-02,genewilder_official,87771,Gene Wilder,Music,US,person,2143,
2026-10-02,georgeharrisonofficial,1398980,George Harrison,Music,GB,person,1255,
2026-10-02,georgehtakei,1395378,George Takei,Film & TV,US,person,1258,
2026-10-02,georgerussell63,9266336,George Russell,Sports,GB,person,489,
2026-10-02,georginagio,78268016,Georgina Rodríguez,Fashion & beauty,ES,person,56,
2026-10-02,gerardbutler,3586802,Gerard Butler,Film & TV,GB,person,808,
2026-10-02,gianluigibuffon,11032644,Gianluigi Buffon,Sports,IT,person,450,
2026-10-02,gigihadid,73539984,Gigi Hadid,Fashion & beauty,US,person,64,
2026-10-02,ginta,981110,GINTA,Music,CH,person,1432,
2026-10-02,gippygrewal,7935208,𝗚𝗶𝗽𝗽𝘆 𝗚𝗿𝗲𝘄𝗮𝗹,Film & TV,IN,person,546,Music
2026-10-02,giroditalia,1416612,Giro d'Italia,Sports,IT,org,1251,
2026-10-02,gisele,22749554,Gisele Bündchen,Fashion & beauty,BR,person,249,
2026-10-02,givemesport,559447,GiveMeSport,Sports,,org,1679,
2026-10-02,gloriaestefan,1039160,Gloria Estefan,Music,US,person,1396,
2026-10-02,gloriasteinem,707261,Gloria Steinem,Public figures,US,person,1571,
2026-10-02,glorykickboxing,1570755,GLORY Kickboxing,Brands,,org,1193,
2026-10-02,google,15776758,Google,Brands,US,org,342,
2026-10-02,googlemaps,1522084,Google Maps,Media,US,org,1208,
2026-10-02,gordongram,19486965,Gordon Ramsay,Film & TV,GB,person,281,
2026-10-02,gorin,449017,オリンピック (The Olympic Games),Sports,CH,org,1796,
2026-10-02,govpritzker,545947,Governor JB Pritzker,Public figures,US,org,1697,
2026-10-02,goyounjung,13203167,고윤정,Film & TV,KR,person,400,
2026-10-02,greenday,7601273,Green Day,Music,US,org,557,
2026-10-02,greenpeace,4028353,Greenpeace International,Public figures,,org,769,
2026-10-02,gretathunberg,17088299,Greta Thunberg,Public figures,SE,person,321,
2026-10-02,greysabc,7889349,Grey's Anatomy Official,Film & TV,US,org,549,
2026-10-02,gucci,50585366,GUCCI,Fashion & beauty,IT,org,129,
2026-10-02,guerlain,2476297,Guerlain,Fashion & beauty,FR,org,952,
2026-10-02,guinnessworldrecords,11048272,Guinness World Records,Media,GB,org,449,
2026-10-02,gunsnroses,9248449,Guns N' Roses,Music,US,org,490,
2026-10-02,gustavopetrourrego,3256310,Gustavo Petro,Public figures,IT,person,846,
2026-10-02,guy2bezbarofficial,613975,C O C O J O J O R9 #LaJeunesseDorée,Music,FR,person,1641,
2026-10-02,gwenstefani,17430712,Gwen Stefani,Music,US,person,311,
2026-10-02,gwynethpaltrow,9179705,Gwyneth Paltrow,Film & TV,US,person,495,
2026-10-02,haileesteinfeld,20305255,hailee steinfeld,Film & TV,US,person,275,
2026-10-02,haileybieber,58775769,Hailey Rhode Bieber,Fashion & beauty,US,person,96,
2026-10-02,halimahyacob,80589,Halimah Yacob,Public figures,SG,person,2153,
2026-10-02,halleberry,9566104,Halle Berry,Film & TV,US,person,482,
2026-10-02,han_bling_,509587,한보름 Han BoReum,Film & TV,KR,person,1740,
2026-10-02,handemiyy,32232604,Hande Erçel,Film & TV,TR,person,194,
2026-10-02,harrykane,20207471,Harry Kane,Sports,GB,person,276,
2026-10-02,harrystyles,45749857,Harry Styles,Music,GB,person,145,
2026-10-02,hazardeden_10,26192772,Eden Hazard,Sports,BE,person,233,
2026-10-02,hegdepooja,28041744,Pooja Hegde,Film & TV,IN,person,216,
2026-10-02,heidiklum,12627519,Heidi Klum,Fashion & beauty,DE,person,404,Film & TV
2026-10-02,helenhunt,674380,Helen Hunt,Film & TV,US,person,1602,
2026-10-02,henrycavill,28984583,Henry Cavill,Film & TV,GB,person,207,
2026-10-02,hernancrespo,978910,Hernán Crespo,Sports,IT,person,1435,
2026-10-02,hi_high_hiy,24100822,황인엽,Film & TV,KR,person,244,
2026-10-02,hilaryduff,28280795,Hilary Duff,Film & TV,US,person,215,Music
2026-10-02,hilaryswank,1639463,Hilary Swank,Film & TV,US,person,1164,
2026-10-02,himejicastle_operations_office,17929,姫路城運営事務所【公式】,Other,JP,org,2246,
2026-10-02,hm_son7,14455631,Son HeungMin(손흥민),Sports,KR,person,371,
2026-10-02,honeymoon,24880578,LANA DEL REY,Music,US,person,240,
2026-10-02,hoteldefamosos,333685,El hotel de los famosos,Film & TV,AR,org,1931,
2026-10-02,hrvy,3377308,HRVY,Music,GB,person,833,
2026-10-02,hsv,782443,Hamburger SV,Sports,DE,org,1529,
2026-10-02,hudabeauty,56242598,HUDA BEAUTY,Brands,,org,110,
2026-10-02,hyello._.o,855072,Hyejun Kim,Film & TV,KR,person,1488,
2026-10-02,hyundai,1648657,Hyundai Worldwide,Brands,KR,org,1158,
2026-10-02,iamcardib,160931243,Cardi B,Music,US,person,23,
2026-10-02,iamjamiefoxx,17366282,Jamie Foxx,Film & TV,US,person,315,Music
2026-10-02,iamsrk,48387855,Shah Rukh Khan,Film & TV,IN,person,136,
2026-10-02,ianmckellen,3103155,Ian McKellen,Film & TV,GB,person,862,
2026-10-02,icecube,30006627,Ice Cube,Music,US,person,201,
2026-10-02,idfonline,527203,"צה""ל - צבא ההגנה לישראל",Public figures,IL,org,1714,
2026-10-02,ikercasillas,20380075,Iker Casillas,Sports,ES,person,274,
2026-10-02,imaginedragons,10063114,Imagine Dragons,Music,US,org,468,
2026-10-02,imhyoseop,14205653,안효섭,Film & TV,KR,person,376,
2026-10-02,imrankhan.pti,10311340,Imran Khan,Public figures,PK,person,463,
2026-10-02,incindia,15645197,Congress,Public figures,IN,org,346,
2026-10-02,instagram,686584866,Instagram,Brands,US,org,1,
2026-10-02,instantpotofficial,547878,Instant Pot,Brands,,org,1694,
2026-10-02,inter,14728119,Inter,Sports,IT,org,363,
2026-10-02,iplt20,13355190,IPL,Sports,IN,org,396,
2026-10-02,irmasongs,1123278,Irma,Music,CM,person,1365,
2026-10-02,isaacherzog,142551,Isaac Herzog | יצחק הרצוג,Public figures,IL,person,2087,
2026-10-02,isabel.s.larosa,821844,Isabel LaRosa,Music,US,person,1503,
2026-10-02,ishankishan23,11332578,Ishan Kishan,Sports,IN,person,439,
2026-10-02,ishowspeed,55237879,IShowSpeed,Creators,US,person,114,
2026-10-02,iss,9145374,International Space Station,Public figures,,org,498,
2026-10-02,itspetergabriel,374240,Peter Gabriel,Music,GB,person,1887,
2026-10-02,iupac.global.womens.breakfast,2901,IUPAC Global Women's Breakfast,Public figures,,org,2287,
2026-10-02,ivankatrump,8677205,Ivanka Trump,Film & TV,US,person,515,
2026-10-02,ivanrakitic,16581262,Ivan Rakitic,Sports,CH,person,329,
2026-10-02,ivantapiav,359574,Ivan Tapia,Other,MX,person,1905,
2026-10-02,j.m,60147216,JIMIN,Music,KR,person,90,
2026-10-02,jackblack,16534852,Jack Black,Film & TV,US,person,330,
2026-10-02,jackiechan,8515195,Jackie Chan 成龍,Film & TV,US,person,524,
2026-10-02,jagiellonian_university,37228,Uniwersytet Jagielloński,Public figures,PL,org,2212,
2026-10-02,jahdedios,834917,Justin De Dios,Music,PH,person,1499,
2026-10-02,jairmessiasbolsonaro,26370449,Jair M. Bolsonaro,Public figures,BR,person,230,
2026-10-02,jakegyllenhaal,9119636,Jake Gyllenhaal,Film & TV,US,person,499,
2026-10-02,jalabrat,877440,Jala Brat,Music,BA,person,1476,
2026-10-02,jamesrodriguez10,50154059,James Rodríguez,Sports,CO,person,131,
2026-10-02,jamieoliver,10581539,Jamie Oliver,Film & TV,GB,person,460,
2026-10-02,janetjackson,8516168,Janet Jackson,Music,US,person,523,
2026-10-02,jannik.schuemann,362812,Jannik Schümann,Film & TV,DE,person,1898,
2026-10-02,jaredleto,11322508,JARED LETO,Film & TV,US,person,440,Music
2026-10-02,jasonstatham,46050298,Jason Statham,Film & TV,GB,person,144,
2026-10-02,jaxajp,299504,JAXA（宇宙航空研究開発機構）,Public figures,JP,org,1964,
2026-10-02,jbalvin,49225301,J Balvin,Music,CO,person,133,
2026-10-02,jbayleaf,6630111,JONATHAN BAILEY,Film & TV,GB,person,598,
2026-10-02,jcastexpm,83429,Jean Castex,Public figures,FR,person,2150,
2026-10-02,jcvd,8982333,Jean-Claude Van Damme,Film & TV,BE,person,505,
2026-10-02,jdvance,3003517,JD Vance,Sports,US,person,873,
2026-10-02,jeffgoldblum,3297840,Jeff Goldblum,Film & TV,US,person,839,
2026-10-02,jennacantlose,557377,Jenna Jameson,Film & TV,US,person,1681,
2026-10-02,jennaortega,37502643,Jenna Ortega,Film & TV,US,person,175,
2026-10-02,jennierubyjane,89430065,J,Music,KR,person,43,
2026-10-02,jennifer.garner,17233428,Jennifer Garner,Film & TV,US,person,317,
2026-10-02,jenniferaniston,44671301,Jennifer Aniston,Film & TV,US,person,148,
2026-10-02,jensonbutton_22,14,Jenson Button,Sports,GB,person,2322,
2026-10-02,jeremycorbyn,1098865,Jeremy Corbyn,Public figures,GB,person,1376,
2026-10-02,jeremyrenner,19466730,Jeremy Renner,Film & TV,US,person,283,
2026-10-02,jeromeboateng,8962227,Jérôme Boateng,Sports,DE,person,506,
2026-10-02,jessicaalba,22007963,Jessica Alba,Film & TV,FR,person,260,
2026-10-02,jessicabiel,13760994,Jessica Biel,Film & TV,US,person,387,
2026-10-02,jessicachastain,5393499,Jessica Chastain,Film & TV,US,person,673,
2026-10-02,jetli,4666291,Jet Li,Film & TV,SG,person,723,
2026-10-02,jguaido,3891060,Juan Guaidó,Public figures,VE,person,785,
2026-10-02,jhallyday,234645,Johnny Hallyday,Music,FR,person,2014,
2026-10-02,jichangwook,27539003,지창욱,Film & TV,KR,person,221,
2026-10-02,jimmypage,1797149,Jimmy Page,Music,GB,person,1109,
2026-10-02,jin,56625659,Jin of BTS,Music,KR,person,107,
2026-10-02,jintara_poonlarp,181557,Jintara Poonlarp,Music,TH,person,2054,
2026-10-02,jlo,240008070,Jennifer Lopez,Music,US,person,17,Film & TV
2026-10-02,joeyking,17118343,Joey King,Film & TV,US,person,319,
2026-10-02,johanneshk,746310,Johannes Høsflot Klæbo,Sports,NO,person,1546,
2026-10-02,johncena,21314639,John Cena,Sports,US,person,264,Film & TV
2026-10-02,johncleeseofficial,678446,John Cleese,Film & TV,GB,person,1596,
2026-10-02,johnkeypm,18799,John Key,Public figures,NZ,person,2245,
2026-10-02,johnnydepp,29240423,Johnny Depp,Film & TV,US,person,206,Music
2026-10-02,johnshopkinsu,268674,Johns Hopkins University,Media,US,org,1998,
2026-10-02,johnterry.26,8465054,John Terry,Sports,GB,person,525,
2026-10-02,jojoruski,1308005,jojoruski,Music,US,person,1300,
2026-10-02,jokermovie,700079,Joker Movie,Film & TV,US,org,1578,
2026-10-02,jokowi,55749531,Joko Widodo,Public figures,ID,person,112,
2026-10-02,jonimitchell,1120210,Joni Mitchell,Music,US,person,1369,
2026-10-02,jordan.b.peterson,9157784,Dr. Jordan B. Peterson,Public figures,CA,person,496,
2026-10-02,jordanhenderson,5269905,Jordan Henderson,Sports,GB,person,686,
2026-10-02,jordialbaoficial,16426123,Jordi Alba,Sports,ES,person,332,
2026-10-02,josh_cullen_s,709285,JOSH CULLEN,Music,PH,person,1569,
2026-10-02,joshuatbassett,1944322,Joshua Taylor Bassett,Music,US,person,1068,
2026-10-02,jovenelmoise,171780,Président Jovenel Moïse,Public figures,HT,person,2057,
2026-10-02,juanes,5611087,JUANES,Music,CO,person,662,
2026-10-02,juanmanuelsantos,495799,Juan Manuel Santos,Public figures,CO,person,1752,
2026-10-02,juanmatagarcia,6654551,Juan Mata,Sports,ES,person,596,
2026-10-02,judebellingham,56321870,Jude Bellingham,Sports,GB,person,109,
2026-10-02,juliagillard,151071,Julia Gillard,Public figures,AU,person,2077,
2026-10-02,juliaroberts,14269637,Julia Roberts,Film & TV,US,person,374,
2026-10-02,juliettebinoche,507090,Juliette Binoche,Film & TV,FR,person,1743,
2026-10-02,jumpman23,25711682,Jordan,Sports,US,person,237,
2026-10-02,jungyumigram,517923,jungyumi,Film & TV,KR,person,1729,
2026-10-02,justintimberlake,68885013,Justin Timberlake,Music,US,person,70,Film & TV
2026-10-02,juttaleerdam,6297586,Jutta Leerdam,Sports,NL,person,626,
2026-10-02,juventus,58987006,Juventus,Sports,IT,org,94,
2026-10-02,k.kbeom,6894099,김범 kimbum,Film & TV,KR,person,586,
2026-10-02,k.mbappe,136893771,Kylian Mbappé,Sports,FR,person,30,
2026-10-02,kagramana,4110817,Роман Каграманов,Music,RU,person,761,
2026-10-02,kajol,18726071,Kajol Devgan,Film & TV,IN,person,295,
2026-10-02,kaka,28361493,Kaká,Sports,BR,person,213,
2026-10-02,kaleycuoco,7932436,Kaley Cuoco,Film & TV,US,person,547,
2026-10-02,kareenakapoorkhan,14014155,Kareena Kapoor Khan,Film & TV,IN,person,384,
2026-10-02,karimbenzema,74403232,Karim Benzema,Sports,FR,person,63,
2026-10-02,karllagerfeld,6526756,KARL LAGERFELD,Fashion & beauty,DE,person,601,
2026-10-02,karolg,70450710,KAROL G,Music,CO,person,68,
2026-10-02,karolinakurkova,1084464,Karolina Kurkova,Film & TV,SK,person,1380,
2026-10-02,karza0n,549785,Karzan Hisham,Creators,IQ,person,1692,
2026-10-02,katebushmusic,289346,Kate Bush,Music,GB,person,1978,
2026-10-02,katehudson,18734828,Kate Hudson,Film & TV,US,person,294,
2026-10-02,katieholmes,3261048,Katie Holmes,Film & TV,US,person,844,
2026-10-02,katrinakaif,78641323,Katrina Kaif,Film & TV,IN,person,55,
2026-10-02,katyperry,195273090,KATY PERRY,Music,US,person,19,
2026-10-02,kayavine,1269741,Kay Lertsittichai,Creators,TH,person,1312,
2026-10-02,kdecommunity,16589,KDE,Brands,,org,2251,
2026-10-02,keirstarmer,846458,Keir Starmer,Public figures,GB,person,1492,
2026-10-02,keisukehonda,1126927,Keisuke Honda (本田 圭佑),Sports,JP,person,1364,
2026-10-02,kelliegerardi,1425311,Kellie Gerardi,Media,US,person,1247,
2026-10-02,kelogsloops,1429536,the art of hieu,Creators,,person,1246,
2026-10-02,kendalljenner,277618468,Kendall,Fashion & beauty,US,person,12,Film & TV
2026-10-02,kesha,3765407,Kesha,Music,US,person,798,
2026-10-02,kevindebruyne,26107199,Kevin De Bruyne,Sports,BE,person,234,
2026-10-02,kevinhart4real,171953525,Kevin Hart,Film & TV,US,person,22,
2026-10-02,kevinspacey,698752,Kevin Spacey,Film & TV,US,person,1579,
2026-10-02,khaby00,78001622,Khabane Lame,Creators,IT,person,58,
2026-10-02,khloekardashian,291516204,Khloé Kardashian,Film & TV,US,person,10,
2026-10-02,kiefersutherland,607659,Kiefer Sutherland,Music,CA,person,1648,
2026-10-02,kikkafede88,2004534,Federica Pellegrini,Sports,IT,person,1053,
2026-10-02,kim.basinger,377169,Kim Basinger,Film & TV,US,person,1883,
2026-10-02,kimimatiasraikkonen,3148285,Kimi Räikkönen,Sports,FI,person,856,
2026-10-02,kimjiseok16,377642,김지석,Film & TV,KR,person,1882,
2026-10-02,kimkardashian,343825323,Kim Kardashian,Film & TV,US,person,8,Fashion & beauty
2026-10-02,kingjames,153802555,kingjames,Sports,US,person,24,
2026-10-02,kingjigmekhesar,264257,His Majesty King Jigme Khesar,Public figures,BT,person,2000,
2026-10-02,klausiohannis,120455,Președintele României,Public figures,RO,person,2109,
2026-10-02,klm,1700935,KLM Royal Dutch Airlines,Brands,,org,1135,
2026-10-02,kobebryant,20105325,Kobe Bryant,Sports,US,person,277,
2026-10-02,koelnerdomofficial,63236,Kölner Dom - Cologne Cathedral,Other,DE,org,2179,
2026-10-02,kollegahderboss,2104241,FELIX BLUME,Music,DE,person,1029,
2026-10-02,kourtneykardash,209151217,Kourtney Kardashian Barker,Film & TV,US,person,18,
2026-10-02,krisjenner,50118261,Kris Jenner,Film & TV,US,person,132,
2026-10-02,kristenanniebell,15817528,kristen bell,Film & TV,US,person,340,
2026-10-02,kritisanon,57897651,Kriti Sanon,Film & TV,IN,person,100,
2026-10-02,kto940620,2717472,강태오,Film & TV,KR,person,905,
2026-10-02,kunaguero,27588312,Sergio Leonel Agüero,Sports,AR,person,220,
2026-10-02,kyliejenner,380780022,Kylie,Fashion & beauty,US,person,6,Film & TV
2026-10-02,lacasadepapel,9153031,La casa de papel - BERLÍN,Film & TV,ES,org,497,
2026-10-02,ladygaga,61169419,Lady Gaga,Music,US,person,87,Film & TV
2026-10-02,lakers,24498370,Los Angeles Lakers,Sports,US,org,242,
2026-10-02,lalalalisa_m,105969227,LISA,Music,TH,person,35,Film & TV
2026-10-02,lalaland,472659,La La Land,Film & TV,US,org,1775,
2026-10-02,laliga,55622614,LALIGA,Sports,ES,org,113,
2026-10-02,lamborghini,36419548,Lamborghini,Brands,IT,org,176,
2026-10-02,lamineyamal,59188918,Lamine Yamal,Sports,GQ,person,91,
2026-10-02,lanacondor,10582202,Lana Condor,Film & TV,US,person,459,
2026-10-02,lanzanipeter,697812,Peter Lanzani,Film & TV,AR,person,1580,
2026-10-02,laroja,2349349,Chile men's national football team,Sports,CL,org,973,
2026-10-02,larsulrich,1886106,Lars Ulrich,Music,,person,1083,
2026-10-02,laterkader,654445,EHG,Other,,person,1612,
2026-10-02,laurapausini,6282187,Laura Pausini Official,Music,IT,person,627,
2026-10-02,ledzeppelin,1837297,Led Zeppelin,Music,,org,1092,
2026-10-02,leehsienloong,874178,Lee Hsien Loong,Public figures,SG,person,1481,
2026-10-02,lelepons,52094164,Lele Pons,Creators,VE,person,122,
2026-10-02,lemondefr,2905443,Le Monde,Media,FR,org,883,
2026-10-02,lennykravitz,6374276,Lenny Kravitz,Music,US,person,617,
2026-10-02,leomessi,516896092,Leo Messi,Sports,AR,person,3,
2026-10-02,leonardodicaprio,58733892,Leonardo DiCaprio,Film & TV,US,person,97,
2026-10-02,lestikejora,28417478,Lestikejora,Music,ID,person,212,
2026-10-02,letterman,845998,David Letterman,Film & TV,US,person,1493,
2026-10-02,lewishamilton,44063517,Lewis Hamilton,Sports,GB,person,154,
2026-10-02,liberlandofficial,12617,Liberland Official,Other,,org,2262,
2026-10-02,lilianthuramofficiel,182992,Lilian Thuram,Sports,FR,person,2053,
2026-10-02,liltunechi,19100067,Lil Wayne,Music,US,person,290,
2026-10-02,lilyallen,2148754,Lily Allen,Music,GB,person,1019,
2026-10-02,lilyjcollins,28331058,Lily Collins,Film & TV,US,person,214,
2026-10-02,lindsaylohan,16233723,Lindsay Lohan,Music,US,person,336,
2026-10-02,lindseyvonn,3614940,L I N D S E Y • V O N N,Sports,US,person,804,
2026-10-02,linkedin,1934145,LinkedIn,Media,US,org,1072,
2026-10-02,linkinpark,11767640,LINKIN PARK,Music,US,org,430,
2026-10-02,lisa_buckwitz,451305,Lιѕa Вυcĸwιтz OLY,Sports,DE,person,1792,
2026-10-02,lisakudrow,9703445,Lisa Kudrow,Film & TV,US,person,479,
2026-10-02,liverpoolfc,48314720,Liverpool Football Club,Sports,GB,org,137,
2026-10-02,lizzobeeating,11176546,Lizzo,Music,US,person,446,
2026-10-02,lmu.muenchen,89244,Ludwig-Maximilians-Universität,Public figures,DE,org,2139,
2026-10-02,logitech,885235,Logitech,Brands,US,org,1474,
2026-10-02,logitechg,4340098,Logitech G,Brands,,org,743,
2026-10-02,londoneye,127556,The London Eye,Other,GB,org,2098,
2026-10-02,londonschoolofeconomics,637517,London School of Economics,Public figures,GB,org,1625,
2026-10-02,lorde,11134216,Lorde,Music,NZ,person,447,
2026-10-02,loreenofficial,987004,LOREEN,Music,SE,person,1427,
2026-10-02,losclive,1254545,LOSC,Sports,FR,org,1318,
2026-10-02,louist91,18484872,Louis Tomlinson,Music,GB,person,300,
2026-10-02,louisvuitton,55090634,Louis Vuitton,Fashion & beauty,FR,org,116,
2026-10-02,loveyoonsea,551702,윤세아,Film & TV,KR,person,1688,
2026-10-02,luciadelapuerta,1087808,Lucia de la puerta,Sports,ES,person,1379,
2026-10-02,luissuarez9,46633074,Luis Suárez,Sports,UY,person,142,
2026-10-02,lukamodric10,39662523,Luka Modric,Sports,HR,person,166,
2026-10-02,lulaoficial,15646852,Luiz Inácio Lula da Silva,Public figures,BR,person,345,
2026-10-02,lululemon,5885023,lululemon,Fashion & beauty,CA,org,652,
2026-10-02,lunga_49,510192,Lung-A ลุงเอ,Creators,TH,person,1739,
2026-10-02,lupitanyongo,11278216,Lupita Nyong'o,Film & TV,MX,person,442,
2026-10-02,luzvaldezmx,468795,Luz Valdez,Creators,MX,person,1782,
2026-10-02,m10_official,26611224,Mesut Özil,Sports,DE,person,225,
2026-10-02,m_kayoung,13489225,MUN KA YOUNG,Film & TV,KR,person,390,
2026-10-02,macfarlaneseth,1172768,Seth MacFarlane,Film & TV,US,person,1350,
2026-10-02,madhuridixitnene,38157366,Madhuri Dixit,Film & TV,IN,person,173,
2026-10-02,madonna,20504724,Madonna,Music,US,person,271,
2026-10-02,magdalenanderssons,310458,Magdalena Andersson,Public figures,SE,person,1958,
2026-10-02,maligoshik,2643113,Anna Malygon,Creators,UA,person,924,
2026-10-02,maluma,63557477,MALUMA,Music,CO,person,83,
2026-10-02,mancity,57053314,Manchester City,Sports,GB,org,104,
2026-10-02,maneskinofficial,6477440,Måneskin,Music,IT,org,606,
2026-10-02,manuelneuer,15029490,Manuel Neuer,Sports,DE,person,353,
2026-10-02,manurios,9055206,Manu Rios,Film & TV,ES,person,503,
2026-10-02,manutd,66136374,Manchester United,Sports,GB,org,79,
2026-10-02,maradona,8211730,Diego Maradona,Sports,AR,person,538,
2026-10-02,marcelotwelve,67196439,Marcelo Vieira,Sports,BR,person,77,
2026-10-02,marcinho11,14373708,Marco Reus,Sports,DE,person,373,
2026-10-02,marcusrashford,22288613,MR,Sports,GB,person,256,
2026-10-02,marekhamsik17,863510,Marek Hamšík,Sports,SK,person,1484,
2026-10-02,mariacorinamachado,9462731,María Corina Machado,Public figures,VE,person,486,
2026-10-02,mariahcarey,14883311,Mariah Carey,Music,US,person,359,
2026-10-02,marianorajoy,86591,Mariano Rajoy Brey,Public figures,ES,person,2145,
2026-10-02,mariasmrngkr,321539,Maria Simorangkir,Music,ID,person,1942,
2026-10-02,mariogotze,7435739,MARIO GÖTZE,Sports,DE,person,564,
2026-10-02,markruffalo,20775048,Mark Ruffalo,Film & TV,US,person,269,
2026-10-02,markwahlberg,30448120,Mark Wahlberg,Film & TV,US,person,198,Music
2026-10-02,maroon5,9234566,Maroon 5,Music,US,org,491,
2026-10-02,marvel,65135160,Marvel Entertainment,Brands,US,org,80,
2026-10-02,mascherano14,5742948,Javi Mascherano,Sports,IT,person,659,
2026-10-02,mattyperry4,8634926,Matthew Perry,Film & TV,US,person,518,
2026-10-02,maxverstappen1,19104774,Max Verstappen,Sports,NL,person,289,
2026-10-02,mb459,11924668,Mario Balotelli Barwuah +=,Sports,GH,person,425,
2026-10-02,mcconnellpress,13955,Senator Mitch McConnell,Public figures,US,person,2257,
2026-10-02,meennicha8,1794650,ᵂ ˡ † ᴴ,Sports,TH,person,1110,
2026-10-02,meganfox,23942525,Megan Fox,Film & TV,US,person,246,
2026-10-02,meghan,4912733,"Meghan, Duchess of Sussex",Film & TV,US,person,706,
2026-10-02,megryan,894805,Meg Ryan,Film & TV,US,person,1468,
2026-10-02,mercedesamgf1,16812636,Mercedes-AMG PETRONAS F1 Team,Sports,GB,org,325,
2026-10-02,mercedesbenz,39079828,Mercedes-Benz,Brands,DE,org,168,
2026-10-02,merzcdu,342193,Friedrich Merz,Public figures,DE,person,1923,
2026-10-02,metallica,14697645,Metallica,Music,US,org,364,
2026-10-02,mgm_studios,8,Metro-Goldwyn-Mayer,Film & TV,US,org,2325,
2026-10-02,mgmstudios,81,kazamnjnkop36,Film & TV,US,org,2317,
2026-10-02,miakhalifa,28910993,Mia K.,Creators,US,person,208,
2026-10-02,michaelballackofficial,1153532,Michael Ballack,Sports,DE,person,1356,
2026-10-02,michaelbjordan,25867282,Michael B. Jordan,Film & TV,US,person,236,
2026-10-02,michaelfmoore,980106,Michael Moore,Film & TV,US,person,1434,
2026-10-02,michaeljackson,17131163,Michael Jackson,Music,US,person,318,
2026-10-02,michelleobama,57174124,Michelle Obama,Public figures,US,person,103,
2026-10-02,michellepfeifferofficial,3910287,Michelle Pfeiffer,Film & TV,US,person,783,
2026-10-02,micki_taryan,2535504,Henrikh Mkhitaryan,Sports,AM,person,948,
2026-10-02,microsoft,4556844,Microsoft,Brands,US,org,730,
2026-10-02,miketyson,33551715,Mike Tyson,Sports,US,person,187,
2026-10-02,milesdavis,357501,Miles Davis,Music,US,person,1909,
2026-10-02,milliebobbybrown,70693302,Millie Bobby Brown,Film & TV,ES,person,67,
2026-10-02,minalkhan.official,10608520,Minal khan,Film & TV,PK,person,456,
2026-10-02,minecraft,15299777,Minecraft,Sports,SE,org,350,
2026-10-02,minhakim__,532421,Minha Kim,Film & TV,KR,person,1707,
2026-10-02,mirziyoyev_sh,6464175,Shavkat Mirziyoyev,Public figures,UZ,person,608,
2026-10-02,miseleccionmx,10489269,Selección Nacional de México,Sports,MX,org,461,
2026-10-02,mishaetalex,532448,𝑴𝒊𝒔𝒉𝒂 & 𝑨𝒍𝒆𝒙,Creators,FR,person,1706,
2026-10-02,missworld,1120418,Miss World,Fashion & beauty,,org,1367,
2026-10-02,mixxiw,3780472,Mixxiw,Film & TV,TH,person,795,
2026-10-02,mleblanc,9628231,Matt LeBlanc,Film & TV,US,person,480,
2026-10-02,moderntalking.official,269403,Modern Talking Official,Music,DE,org,1997,
2026-10-02,mollymae,8703596,Molly-Mae,Creators,GB,person,513,
2026-10-02,montaner,8813825,Ricardo Montaner,Music,VE,person,511,
2026-10-02,morganfreeman,4241703,Morgan Freeman,Film & TV,US,person,754,
2026-10-02,mosalah,67916189,Mohamed Salah,Sports,EG,person,73,
2026-10-02,moshereuven,1700379,𝗠𝗢𝗦𝗛𝗘 𝗥𝗘𝗨𝗩𝗘𝗡,Music,US,person,1137,
2026-10-02,mother_see_of_holy_etchmiadzin,9430,Mother See of Holy Etchmiadzin,Other,AM,org,2270,
2026-10-02,motorola,647100,Motorola,Brands,US,org,1616,
2026-10-02,mrancelotti,18595748,Carlo Ancelotti,Sports,IT,person,296,
2026-10-02,mrbean,10162076,Mr Bean,Film & TV,GB,org,466,
2026-10-02,mrbeast,90022499,MrBeast,Creators,US,person,42,
2026-10-02,mrodofficial,8830808,Michelle Rodriguez,Film & TV,US,person,510,
2026-10-02,mspike,1362755,Rosamund Pike,Film & TV,GB,person,1276,
2026-10-02,mtv,21232736,MTV,Media,US,org,266,
2026-10-02,mylovekbs,323759,KBS 한국방송공사,Media,KR,org,1938,
2026-10-02,mynameis_yim,1316716,mynameis_yim,Film & TV,TH,person,1298,
2026-10-02,nakufoaddo,1480012,Nana Akufo-Addo,Public figures,GH,person,1222,
2026-10-02,nanon_korapat,5876516,NANON,Film & TV,TH,person,653,
2026-10-02,naomi,15193368,DR. Naomi Campbell,Fashion & beauty,GB,person,351,
2026-10-02,naomiosaka,3450822,大坂なおみ,Sports,JP,person,821,
2026-10-02,narendramodi,106759496,Narendra Modi,Public figures,IN,person,34,
2026-10-02,nasa,104288243,NASA,Media,US,org,36,
2026-10-02,nasakennedy,991287,NASA's Kennedy Space Center,Media,US,org,1423,
2026-10-02,natalieportman,9313210,Natalie Portman,Film & TV,IL,person,488,
2026-10-02,nataliewood,99828,Natalie Wood,Film & TV,US,person,2123,
2026-10-02,natgeo,268464498,National Geographic,Media,US,org,15,
2026-10-02,nations_unies,211446,Nations Unies,Public figures,US,org,2036,
2026-10-02,nawrockipl,788385,Karol Nawrocki,Public figures,PL,person,1522,
2026-10-02,nayibbukele,13706776,Nayib Bukele,Public figures,SV,person,389,
2026-10-02,nba,87934197,NBA,Sports,US,org,45,
2026-10-02,nehakakkar,76107965,Neha Kakkar,Music,IN,person,62,
2026-10-02,neilpatel,678096,Neil Patel,Creators,US,person,1597,
2026-10-02,neilyoungarchives,287783,Neil Young Archives,Music,US,person,1981,
2026-10-02,nestle,485702,Nestlé,Brands,CH,org,1764,
2026-10-02,netflix,42428021,Netflix US,Film & TV,US,org,159,
2026-10-02,new_cwr,4333712,NuNew Chawarin,Music,TH,person,744,
2026-10-02,neymarjr,241750932,Neymar Jr,Sports,BR,person,16,
2026-10-02,nfl,32765809,NFL,Sports,US,org,191,
2026-10-02,nglkante,16308448,N'Golo Kanté,Sports,FR,person,335,
2026-10-02,nicholashoult,1904328,Nicholas Hoult,Film & TV,GB,person,1079,
2026-10-02,nickjonas,34805249,Nick Jonas,Music,US,person,183,
2026-10-02,nicolasturgeon,139082,Nicola Sturgeon,Public figures,GB,person,2091,
2026-10-02,nicolekidman,11458517,Nicole Kidman,Film & TV,AU,person,437,
2026-10-02,nicolescherzinger,7462984,Nicole Scherzinger,Music,US,person,562,
2026-10-02,nike,291059827,Nike,Brands,US,org,11,
2026-10-02,nikita__mikhalkov,87566,Никита Михалков,Music,RU,person,2144,
2026-10-02,nikkihaley,718957,Nikki Haley,Public figures,US,person,1564,
2026-10-02,nikolaynoskov_official,93179,Nikolay Noskov,Music,RU,person,2131,
2026-10-02,nina,27881010,Nina Dobrev,Film & TV,CA,person,217,
2026-10-02,nissanjapan,418834,日産自動車株式会社,Brands,JP,org,1834,
2026-10-02,noahschnacky,1190775,Noah Schnacky,Music,US,person,1346,
2026-10-02,nodayoshi2024,1284,野田佳彦 立憲民主党2024代表選挙,Public figures,JP,person,2294,
2026-10-02,noemiofficial,831337,NOEMI,Music,IT,person,1500,
2026-10-02,norahjones,778881,Norah Jones,Music,US,person,1530,
2026-10-02,novah.music,2474399,Novah,Music,BE,person,954,
2026-10-02,nsausgov,143359,National Security Agency,Public figures,US,org,2086,
2026-10-02,nyknicks,5737340,New York Knicks,Sports,US,org,660,
2026-10-02,nytimes,20481234,The New York Times,Media,US,org,272,
2026-10-02,o.dembele7,22404220,Ousmane Dembélé,Sports,FR,person,253,
2026-10-02,oasis,5783946,Oasis,Music,GB,org,658,
2026-10-02,oclc_global,3025,OCLC,Public figures,US,org,2285,
2026-10-02,official_enya,306504,Enya,Music,IE,person,1960,
2026-10-02,official_pepe,18993691,Pepe,Sports,BR,person,291,
2026-10-02,officialagathachristie,323955,Agatha Christie Ltd,Public figures,GB,person,1937,
2026-10-02,officialbhafc,2172137,Brighton & Hove Albion FC,Sports,GB,org,1014,
2026-10-02,officialdonnasummer,198435,Donna Summer,Music,US,person,2045,
2026-10-02,officiallymcconaughey,11712777,Matthew McConaughey,Film & TV,US,person,432,
2026-10-02,officialmotorhead,1477208,Motörhead,Music,GB,org,1224,
2026-10-02,officialpeppa,1880261,Peppa Pig,Film & TV,GB,org,1085,
2026-10-02,officialqueenmusic,6446434,Queen,Music,GB,org,609,
2026-10-02,officialslystallone,19510238,Sly Stallone,Film & TV,US,person,280,
2026-10-02,oficialrc3,10589549,Roberto Carlos,Sports,BR,person,457,
2026-10-02,ohsheglows,556793,Angela Liddon / Oh She Glows,Media,,person,1683,
2026-10-02,ohvely22,2207056,오연서,Film & TV,KR,person,1003,
2026-10-02,olafscholz,293491,Olaf Scholz,Public figures,DE,person,1975,
2026-10-02,olamide,11053022,Olamidé,Music,NG,person,448,
2026-10-02,oliviarodrigo,42342101,Olivia Rodrigo,Music,US,person,160,
2026-10-02,oliviawilde,4011805,Olivia Wilde,Film & TV,US,person,771,
2026-10-02,olympics,16030045,The Olympic Games,Sports,,org,338,
2026-10-02,omah_lay,4953391,OMAH LAY,Music,NG,person,704,
2026-10-02,omarherzshow,1368627,Mohammed and Omar Show,Creators,PS,org,1272,
2026-10-02,onedirection,22651971,One Direction,Music,GB,org,250,
2026-10-02,onlyfans,2699960,OnlyFans,Media,GB,org,912,
2026-10-02,oohsehun,22079275,SEHUN,Music,KR,person,259,
2026-10-02,openai,6646913,OpenAI,Brands,US,org,597,
2026-10-02,oprah,22101037,Oprah,Film & TV,US,person,258,
2026-10-02,oracle,401258,Oracle,Brands,US,org,1854,
2026-10-02,otunbaevarozaisakovna,1810,Отунбаева Роза Исаковна,Public figures,KG,person,2292,
2026-10-02,oxford_uni,2359504,The University of Oxford,Public figures,GB,org,969,
2026-10-02,oxygen,336493,Oxygen True Crime,Media,US,org,1929,
2026-10-02,ozgecangurelofficial,6006496,Özge Gürel,Film & TV,TR,person,645,
2026-10-02,ozzyosbourne,8409656,Ozzy Osbourne,Music,GB,person,526,
2026-10-02,p_hyemin_,369628,박혜민,Sports,KR,person,1890,
2026-10-02,pamelaanderson,5431873,Pamela Anderson,Film & TV,US,person,670,
2026-10-02,parishilton,26437564,Paris Hilton,Film & TV,US,person,227,Music
2026-10-02,patriarchkirill,186087,Святейший Патриарх Кирилл,Public figures,RU,person,2051,
2026-10-02,paulmccartney,5273136,Paul McCartney,Music,GB,person,683,
2026-10-02,paulodybala,56358339,Paulo Dybala,Sports,IT,person,108,
2026-10-02,paulpogba,63484581,Paul Labile Shakur Pogba,Sports,FR,person,84,
2026-10-02,paulwalker,19185556,Paul Walker,Film & TV,US,person,287,
2026-10-02,pavolhabera,319110,Pavol Habera,Music,SK,person,1947,
2026-10-02,pearljam,3918284,Pearl Jam,Music,US,org,780,
2026-10-02,pele,18231733,Pelé,Sports,BR,person,301,
2026-10-02,pepsi,2379723,pepsi,Brands,US,org,968,
2026-10-02,perspolis,10022312,Persepolis,Sports,IR,org,470,
2026-10-02,petrcech,2557825,Petr Cech,Sports,CZ,person,945,
2026-10-02,peugeot,1094985,Peugeot,Public figures,FR,org,1378,
2026-10-02,pewdiepie,19303207,PewDiePie,Creators,SE,person,285,
2026-10-02,pfizerinc,125055,Pfizer Inc.,Brands,US,org,2104,
2026-10-02,phil.coutinho,22229151,Philippe Coutinho,Sports,PT,person,257,
2026-10-02,philipplahm,8378508,Philipp Lahm,Sports,DE,person,529,
2026-10-02,philips,274308,Philips,Brands,,org,1994,
2026-10-02,pink,11780578,P!NK,Music,US,person,429,
2026-10-02,pinterestjp,13894,Pinterest Japan / ピンタレスト,Brands,US,org,2258,
2026-10-02,pixar,11849977,Pixar,Film & TV,US,org,427,
2026-10-02,pku1898,238846,Peking University,Public figures,CN,org,2011,
2026-10-02,pokemon_jpn,2475669,ポケモン公式,Media,JP,org,953,
2026-10-02,pokemongoapp,2760433,Pokémon GO,Brands,US,org,901,
2026-10-02,porsche,33632899,Porsche,Brands,DE,org,186,
2026-10-02,portalmigalhas,801384,Migalhas,Brands,BR,org,1515,
2026-10-02,portugal,23649051,Portugal,Sports,PT,org,248,
2026-10-02,postmalone,26382357,postmalone,Music,US,person,228,
2026-10-02,potus,18761196,President Donald J. Trump,Public figures,US,org,293,
2026-10-02,prabowo,14546273,Prabowo Subianto,Public figures,ID,person,369,
2026-10-02,prattprattpratt,43133473,Chris Pratt,Film & TV,US,person,157,
2026-10-02,pravitelstvo_rd,225192,Правительство РД,Media,RU,org,2025,
2026-10-02,preinaofficial,433774,Pepe Reina,Sports,ES,person,1813,
2026-10-02,premierleague,80413047,Premier League,Sports,GB,org,52,
2026-10-02,premierliga,712842,РПЛ,Sports,RU,org,1566,
2026-10-02,president_armensarkissian,79190,Armen Sarkissian,Public figures,GB,person,2156,
2026-10-02,president_serzhsargsyan,123192,Serzh Sargsyan,Public figures,AM,person,2106,
2026-10-02,presidentaz,1700729,Ilham Aliyev,Public figures,AZ,person,1136,
2026-10-02,presidentpaulbiya,91203,Paul Biya (Page Officielle),Public figures,CM,person,2136,
2026-10-02,presidentruvi,79117,ראובן רובי ריבלין Ruvi Rivlin,Public figures,IL,person,2157,
2026-10-02,prezident.sveta,95174,Святлана Ціханоўская,Public figures,BY,person,2128,
2026-10-02,prideofgypsies,16796075,Jason Momoa,Film & TV,US,person,326,
2026-10-02,princeandprincessofwales,17459312,The Prince and Princess of Wales,Public figures,GB,person,310,
2026-10-02,priyankachopra,92853451,Priyanka,Film & TV,IN,person,41,
2026-10-02,psg,67363514,Paris Saint-Germain,Sports,FR,org,75,
2026-10-02,pubg_us,69840,PUBG: BATTLEGROUNDS US,Sports,KR,org,2171,
2026-10-02,pussyriot,320955,Pussy Riot,Music,RU,org,1944,
2026-10-02,queenrania,10950993,Queen Rania Al Abdullah,Public figures,PS,person,452,
2026-10-02,quincyjones,1009407,Quincy Jones,Music,US,person,1408,
2026-10-02,rachel_mypark,11939333,박민영 Park Min Young,Film & TV,KR,person,424,
2026-10-02,rachellevinberg,245882,Rachelle,Film & TV,US,person,2009,
2026-10-02,raf_camora,1801722,RAF Camora,Music,AT,person,1107,
2026-10-02,rafaelnadal,21070249,Rafa Nadal,Sports,ES,person,267,
2026-10-02,raisi.ir,3033157,سید ابراهیم رئیسی,Public figures,IR,person,867,
2026-10-02,ramones,913732,Ramones,Music,US,org,1458,
2026-10-02,rangersfc,805369,Rangers Football Club,Sports,GB,org,1514,
2026-10-02,raphaelvarane,21673642,Raphael Varane,Sports,FR,person,262,
2026-10-02,raptors,4139260,Toronto Raptors,Sports,CA,org,758,
2026-10-02,rayssalealsk8,8239294,Rayssa Leal,Sports,BR,person,537,
2026-10-02,real_scrip,2043273,Скриптонит,Music,KZ,person,1043,
2026-10-02,realbetisbalompie,3396298,Real Betis Balompié,Sports,ES,org,828,
2026-10-02,realdonaldtrump,44150740,President Donald J. Trump,Public figures,US,person,152,
2026-10-02,realgdt,4925,RealGDT,Film & TV,MX,person,2279,
2026-10-02,realmadrid,181167800,Real Madrid C.F.,Sports,ES,org,20,
2026-10-02,realmiafarrow,143804,Mia Farrow,Music,US,person,2085,
2026-10-02,realpz,13404541,Preity G Zinta,Film & TV,IN,person,394,
2026-10-02,realstraykids,33666980,Stray Kids,Music,KR,org,185,
2026-10-02,redvelvet.smtown,11541107,Red Velvet Official,Music,KR,org,435,
2026-10-02,reesewitherspoon,30253579,Reese Witherspoon,Film & TV,US,person,200,
2026-10-02,richardbachofficial,2537,Richard Bach,Public figures,US,person,2288,
2026-10-02,richardbuettner,405633,Richard Buettner,Public figures,DE,person,1849,
2026-10-02,rickandmorty,6078102,Rick and Morty,Film & TV,US,org,640,
2026-10-02,ricky_martin,19695693,Ricky Martin,Music,US,person,279,
2026-10-02,rioferdy5,6806224,Rio Ferdinand OBE,Sports,GB,person,591,
2026-10-02,ritaora,15955390,RITA ORA,Music,GB,person,339,
2026-10-02,rivaldo,5430443,Rivaldo Ferreira,Sports,BR,person,671,
2026-10-02,riverplate,9187437,River Plate,Sports,AR,org,494,
2026-10-02,riyadmahrez26.7,12544324,RM26,Sports,FR,person,407,
2026-10-02,rkive,53736184,RM,Music,KR,person,120,
2026-10-02,robertdowneyjr,58902956,Robert Downey Jr.,Film & TV,US,person,95,
2026-10-02,robertocarlomx,645560,Roberto Carlo,Film & TV,MX,person,1618,
2026-10-02,robertplantofficial,1001231,Robert Plant,Music,GB,person,1413,
2026-10-02,rogerfederer,13348365,Roger Federer,Sports,CH,person,397,
2026-10-02,rogerwaters,1512436,Roger Waters,Music,GB,person,1210,
2026-10-02,romelulukaku,8528908,Romelu Lukaku Bolingoli,Sports,BE,person,522,
2026-10-02,ronaldinho,81087658,Ronaldo de Assis Moreira,Sports,BR,person,51,
2026-10-02,rosalia.vt,27828293,LA ROSALÍA,Music,ES,person,218,
2026-10-02,roses_are_rosie,82997635,ROSÉ,Music,NZ,person,49,
2026-10-02,rottentomatoes,2922537,Rotten Tomatoes,Film & TV,US,org,881,
2026-10-02,round2hell,3462927,Round2hell Official,Creators,IN,org,818,
2026-10-02,rovers,216976,Blackburn Rovers,Sports,GB,org,2031,
2026-10-02,rterdogan,11580550,Recep Tayyip Erdoğan,Public figures,TR,person,433,
2026-10-02,ruslana.lyzhychko,80194,Ruslana,Music,UA,person,2154,
2026-10-02,ruudgullit,1062374,Ruud Gullit,Sports,NL,person,1384,
2026-10-02,rvnistelrooy,86,Ruud van Nistelrooy,Sports,NL,person,2315,
2026-10-02,ryanair,1908104,Ryanair_European_Airline,Brands,IE,org,1077,
2026-10-02,s.v.lavrov,254981,Сергей Лавров Sergey Lavrov,Public figures,RU,person,2004,
2026-10-02,saakashvilim,132429,Mikheil Saakashvili,Public figures,,person,2093,
2026-10-02,sabrinacarpenter,51253268,Sabrina Carpenter,Music,US,person,125,
2026-10-02,sachabaroncohen,1392825,Sacha Baron Cohen,Film & TV,GB,person,1261,
2026-10-02,sachintendulkar,51711992,Sachin Tendulkar,Sports,IN,person,124,
2026-10-02,sacramentokings,2247575,Sacramento Kings,Sports,US,org,992,
2026-10-02,sadiesink_,35086329,Sadie Sink,Film & TV,US,person,182,
2026-10-02,sadiomaneofficiel,17392774,Sadio Mane,Sports,,person,312,
2026-10-02,salmahayek,29257821,Salma Hayek Pinault,Film & TV,FR,person,205,
2026-10-02,sami_khedira6,9463135,Sami Khedira,Sports,DE,person,485,
2026-10-02,samuelljackson,9075162,Samuel L Jackson,Film & TV,GA,person,501,
2026-10-02,samuliesword,2122126,김민석,Film & TV,KR,person,1023,
2026-10-02,sanchezcastejon,2081767,Pedro Sánchez,Public figures,ES,person,1035,
2026-10-02,santipenapy,609148,Santiago Peña,Public figures,PY,person,1646,
2026-10-02,santosfc,8655585,Santos Futebol Clube,Sports,BR,org,517,
2026-10-02,sarahjessicaparker,9948382,SJP,Film & TV,US,person,473,
2026-10-02,sarahkhanofficial,12727926,Mrs.Falak,Film & TV,PK,person,403,
2026-10-02,saraya,5918936,Saraya Bevis,Sports,GB,person,649,
2026-10-02,saudi_airlines,1119656,Saudia,Brands,SA,org,1370,
2026-10-02,schwarzenegger,26762805,Arnold Schwarzenegger,Film & TV,AT,person,223,Sports; Public figures
2026-10-02,scorpions,2400689,SCORPIONS,Music,DE,org,965,
2026-10-02,seanmikekelly,12036728,Sean Kelly,Public figures,US,person,419,
2026-10-02,seantuck,373041,Sean Tucker,Creators,,person,1888,
2026-10-02,sebastianvettel,3814071,Sebastian Vettel,Sports,DE,person,792,
2026-10-02,sefutbol,9380203,Selección Española Masculina de Fútbol,Sports,ES,org,487,
2026-10-02,segaofficial,425346,セガ公式アカウント,Brands,JP,org,1825,
2026-10-02,selenagomez,402999720,Selena Gomez,Music,US,person,4,Film & TV
2026-10-02,selenaqofficial,2205965,Selena,Music,US,person,1004,
2026-10-02,selly,2243484,Andrei Șelaru,Music,RO,person,994,
2026-10-02,senjohnmccain,64041,John McCain,Sports,US,person,2176,
2026-10-02,seonho__kim,12948385,김선호,Film & TV,KR,person,402,
2026-10-02,serenawilliams,17798905,Serena Williams,Sports,US,person,307,
2026-10-02,sergioramos,69847430,Sergio Ramos,Sports,ES,person,69,
2026-10-02,seriea,12005781,Lega Serie A,Sports,IT,org,421,
2026-10-02,shaegilll,436401,S H A E,Music,PK,person,1811,
2026-10-02,shafakelif,489753,Elif Shafak / Elif Şafak,Media,TR,person,1758,
2026-10-02,shakira,103317752,Shakira,Music,CO,person,39,
2026-10-02,shaniatwain,3131618,Shania Twain,Music,CA,person,860,
2026-10-02,shaq,35151036,DR. SHAQUILLE O'NEAL Ed.D.,Sports,US,person,181,
2026-10-02,shawnmendes,68606753,Shawn Mendes,Music,CA,person,72,
2026-10-02,shehbazsharif,362454,Shehbaz Sharif,Public figures,PK,person,1900,
2026-10-02,sheikhaboobacker,275630,Sheikh Abubakr Ahmad,Public figures,IN,person,1993,
2026-10-02,shell,497493,Shell,Brands,GB,org,1750,
2026-10-02,shengwangtime,345529,Sheng Wang,Film & TV,TW,person,1921,
2026-10-02,shervinine,4409109,Shervin Hajipour,Music,IR,person,739,
2026-10-02,shraddhakapoor,92909966,Shraddha,Film & TV,IN,person,40,
2026-10-02,siamusic,8268626,SIA,Music,AU,person,533,
2026-10-02,sidhu_moosewala,18123267,Sidhu Moosewala (ਮੂਸੇ ਆਲਾ),Music,IN,person,304,
2026-10-02,sidvicious,307038,sid vicious,Music,GB,person,1959,
2026-10-02,siemens,361930,Siemens,Brands,DE,org,1902,
2026-10-02,simonebiles,11808560,SIMONE BILES,Sports,US,person,428,
2026-10-02,simonwill,313844,SIMON WILL,Creators,DE,person,1956,
2026-10-02,simonyte.ingrida,23755,Ingrida Šimonytė,Public figures,LT,person,2237,
2026-10-02,slipknot,9065861,Slipknot,Music,US,org,502,
2026-10-02,smtown,13915459,SM Entertainment Group,Music,KR,org,386,
2026-10-02,smurfsofficial,186583,Smurfs,Film & TV,BE,org,2050,
2026-10-02,snoopdogg,86738402,snoopdogg,Music,US,person,47,
2026-10-02,sofiarotaru.official,431847,София Ротару / Sofia Rotaru,Music,UA,person,1818,
2026-10-02,sofiavergara,35782945,Sofia Vergara,Film & TV,CO,person,179,
2026-10-02,songyoona2015,311839,yoona,Film & TV,KR,person,1957,
2026-10-02,soniaperonaci,1108624,Sonia Peronaci,Creators,IT,person,1374,
2026-10-02,soojunglim_,427651,임수정,Film & TV,KR,person,1823,
2026-10-02,soominn_jo,1582089,조수민 Jo Soo Min,Film & TV,KR,person,1187,
2026-10-02,sooyaaa__,80039995,JISOO,Music,KR,person,53,Film & TV
2026-10-02,sophiemarceau,748088,Sophie Marceau,Film & TV,FR,person,1544,
2026-10-02,sophiet,13251514,S O P H I E T U R N E R,Film & TV,GB,person,398,
2026-10-02,spacex,17374540,SpaceX,Brands,US,org,314,
2026-10-02,spb_university,16229,Официальный аккаунт СПбГУ,Media,RU,org,2254,
2026-10-02,sportschau,853699,Sportschau,Sports,DE,org,1489,
2026-10-02,spotify,14561226,Spotify,Music,SE,org,367,
2026-10-02,spurs,6251010,San Antonio Spurs,Sports,US,org,629,
2026-10-02,spursofficial,17000509,Tottenham Hotspur,Sports,GB,org,322,
2026-10-02,sr.ventura,1513683,Eddy Ventura,Music,US,person,1209,
2026-10-02,sridevi.kapoor,945104,Sridevi Kapoor,Film & TV,IN,person,1447,
2026-10-02,sriritajensen,4117579,Sririta Jensen Narongdej,Film & TV,TH,person,760,
2026-10-02,ssinz7,14939334,박신혜/Shin Hye Park,Film & TV,KR,person,358,
2026-10-02,starbucks,17564026,Starbucks,Brands,US,org,309,
2026-10-02,starwars,17099016,Star Wars,Film & TV,US,org,320,
2026-10-02,stefanlofven,99136,Stefan Löfven,Public figures,SE,person,2124,
2026-10-02,stephencurry30,56917168,Wardell Curry,Sports,US,person,105,
2026-10-02,sterling7,9937594,Raheem Sterling MBE,Sports,GB,person,474,
2026-10-02,stevengerrard,11311034,Steven Gerrard,Sports,GB,person,441,
2026-10-02,stokecity,442055,Stoke City FC,Sports,GB,org,1803,
2026-10-02,strangerthingstv,21507292,Stranger Things Netflix,Film & TV,US,org,263,
2026-10-02,sukyeol.yoon,160922,윤석열,Public figures,KR,person,2068,
2026-10-02,sunbin_eyesmag,1540357,이선빈,Film & TV,KR,person,1200,
2026-10-02,sunderlandafc,1456439,Sunderland AFC,Sports,GB,org,1232,
2026-10-02,sunnyleone,54620525,Sunny Leone,Film & TV,US,person,117,
2026-10-02,susemee,1745220,임세미 Lim Semi,Film & TV,KR,person,1120,
2026-10-02,sussexroyal,8538829,The Duke and Duchess of Sussex,Public figures,GB,person,521,
2026-10-02,suzanneschulting,875237,Suzanne Schulting,Sports,NL,person,1479,
2026-10-02,swr3online,359537,SWR3,Media,DE,org,1906,
2026-10-02,sydney_sweeney,25877850,Sydney Sweeney,Film & TV,US,person,235,
2026-10-02,systemofadown,6380314,System Of A Down,Music,US,org,615,
2026-10-02,sysysy1102,1691459,김소연 kim so yeon,Film & TV,KR,person,1144,
2026-10-02,tadejpogacar,3137183,Tadej Pogačar,Sports,SI,person,859,
2026-10-02,tagesschau,6980949,tagesschau,Media,DE,org,577,
2026-10-02,tamim,2762415,تميم بن حمد آل ثاني,Public figures,QA,person,900,
2026-10-02,taron.egerton,4164645,Taron Egerton,Film & TV,GB,person,756,
2026-10-02,tatawerneck,54531737,Tata Werneck,Film & TV,BR,person,118,
2026-10-02,tatemcrae,10014432,Tate McRae,Music,CA,person,471,
2026-10-02,tavicastro,5023935,Tavi Castro,Creators,NL,person,699,
2026-10-02,taylorlautner,11236980,Taylor Lautner,Music,US,person,443,
2026-10-02,taylorswift,272736137,Taylor Swift,Music,US,person,13,
2026-10-02,tchalamet,21270708,Timothée Chalamet,Film & TV,FR,person,265,
2026-10-02,teddysphotos,47229093,Ed Sheeran,Music,GB,person,139,
2026-10-02,telemundo,14847838,Telemundo,Media,US,org,360,
2026-10-02,templeinstitute,49460,Temple Institute,Public figures,PS,org,2196,
2026-10-02,teslamotors,9542452,Tesla,Brands,US,org,483,
2026-10-02,that_snowden,100366,Edward Snowden,Public figures,RU,person,2122,
2026-10-02,the_clash,404924,The Clash,Music,GB,org,1850,
2026-10-02,the_imf,321655,International Monetary Fund,Public figures,US,org,1941,
2026-10-02,theacademy,5715509,The Academy,Film & TV,US,org,661,
2026-10-02,thebursin,11208697,Kerem Bürsin,Film & TV,TR,person,444,
2026-10-02,thecocacolaco,226032,The Coca-Cola Company,Brands,US,org,2023,
2026-10-02,theeconomist,8634828,The Economist,Media,GB,org,519,
2026-10-02,thehughjackman,33140774,Hugh Jackman,Film & TV,AU,person,189,Music
2026-10-02,theismaili,234272,The Ismaili,Public figures,,org,2015,
2026-10-02,thekfa,1061453,대한민국 축구국가대표팀,Sports,KR,org,1385,
2026-10-02,themuseumofmodernart,6134488,MoMA The Museum of Modern Art,Other,US,org,636,
2026-10-02,thenotoriousmma,46327377,Conor McGregor Official,Sports,IE,person,143,
2026-10-02,theoffice,2723665,The Office,Film & TV,US,org,904,
2026-10-02,theofficialsting,1915662,STING,Music,GB,person,1076,
2026-10-02,theprodigyofficial,788800,The Prodigy Official,Music,GB,org,1521,
2026-10-02,therakankhalifa,500317,Rakan Khalifa راكان خليفة | WEALTH & INVESTMENT COACH,Public figures,,person,1746,
2026-10-02,therealjimparsons,10400573,Jim Parsons,Film & TV,US,person,462,
2026-10-02,therealjohncale,85703,John Cale,Music,GB,person,2146,
2026-10-02,therealkiyosaki,3916256,Robert Kiyosaki,Creators,US,person,781,
2026-10-02,therealonj,806303,Olivia Newton-John,Music,GB,person,1511,
2026-10-02,therealstanlee,12029465,Stan Lee,Film & TV,US,person,420,
2026-10-02,therock,381001556,Dwayne Johnson,Film & TV,US,person,5,Sports
2026-10-02,thesimpsons,2111024,The Simpsons,Film & TV,US,org,1027,
2026-10-02,thevelvetundergroundofficial,107509,The Velvet Underground,Music,US,org,2113,
2026-10-02,theweeknd,77344493,Abel,Music,CA,person,59,
2026-10-02,thibautcourtois,18556520,Thibaut Courtois,Sports,BE,person,298,
2026-10-02,thisisbillgates,12050631,Bill Gates,Public figures,US,person,416,
2026-10-02,thisispattismith,1595918,This is Patti Smith,Music,US,person,1181,
2026-10-02,thv,76834482,V,Music,KR,person,60,
2026-10-02,tiaraandini,8254988,TIARA,Music,ID,person,536,
2026-10-02,tigerjackieshroff,39193100,Tiger shroff,Film & TV,IN,person,167,
2026-10-02,tiktok,24837218,TikTok,Brands,CN,org,241,
2026-10-02,timwalz,2274706,Tim Walz,Public figures,US,person,986,
2026-10-02,tinistoessel,21717177,tini,Music,AR,person,261,Film & TV
2026-10-02,tokayev_online,2841075,QASYM-JOMART TOQAYEV,Public figures,KZ,person,892,
2026-10-02,tomcruise,15603686,Tom Cruise,Film & TV,US,person,347,
2026-10-02,tomhanks,9805455,Tom Hanks,Film & TV,GR,person,475,
2026-10-02,tomhardy,11566345,Tom Hardy,Film & TV,GB,person,434,
2026-10-02,tomholland2013,68670123,Tom Holland,Film & TV,GB,person,71,
2026-10-02,toni.kr8s,48847279,Toni Kroos,Sports,DE,person,135,
2026-10-02,toniruediger,13218988,Antonio Rüdiger,Sports,DE,person,399,
2026-10-02,top.physical,529457,윤성빈 Yun sungbin,Sports,KR,person,1711,
2026-10-02,toshibausa,78214,Toshiba USA,Brands,JP,org,2161,
2026-10-02,totocutugnoofficial,27557,Toto Cutugno Official,Music,IT,person,2230,
2026-10-02,toyota,10137318,TOYOTA,Brands,JP,org,467,
2026-10-02,toystory,782927,Toy Story,Film & TV,US,org,1528,
2026-10-02,travisscott,58695572,flame,Music,US,person,98,
2026-10-02,trussliz,145246,Liz Truss,Public figures,GB,person,2084,
2026-10-02,tsai_ingwen,1208939,蔡英文,Public figures,TW,person,1338,
2026-10-02,tsghoffenheim,539027,TSG Hoffenheim,Sports,DE,org,1703,
2026-10-02,turnbullmalcolm,104778,Malcolm Turnbull,Public figures,AU,person,2116,
2026-10-02,tvglobo,19307996,TV Globo,Media,BR,org,284,
2026-10-02,twhiddleston,10683317,Tom Hiddleston,Film & TV,GB,person,455,
2026-10-02,twicetagram,29916766,TWICE,Music,KR,org,202,
2026-10-02,uarmyhope,56750424,jhope,Music,KR,person,106,
2026-10-02,ucberkeleyofficial,457754,UC Berkeley,Public figures,US,org,1790,
2026-10-02,uchicago,279888,The University Of Chicago,Public figures,US,org,1987,
2026-10-02,udinesecalcio,451385,Udinese Calcio,Sports,IT,org,1791,
2026-10-02,ufc,50884215,UFC,Sports,US,org,128,
2026-10-02,undp,875157,UN Development Programme,Public figures,US,org,1480,
2026-10-02,unicef,11201671,UNICEF,Public figures,US,org,445,
2026-10-02,unigeneve,48824,Université de Genève (UNIGE),Media,CH,org,2197,
2026-10-02,united,1443392,United Airlines,Brands,US,org,1238,
2026-10-02,universite_paris_saclay,50433,Université Paris-Saclay,Public figures,FR,org,2194,
2026-10-02,university_of_copenhagen,63081,Københavns Universitet,Public figures,DK,org,2180,
2026-10-02,uofmichigan,544504,University of Michigan,Public figures,US,org,1698,
2026-10-02,uofpenn,401165,University of Pennsylvania,Public figures,US,org,1855,
2026-10-02,uofwa,286229,University of Washington,Public figures,US,org,1982,
2026-10-02,uppsalauniversity,58120,Uppsala universitet,Public figures,SE,org,2187,
2026-10-02,usainbolt,14058147,Usain St.Leo Bolt,Sports,JM,person,381,
2026-10-02,usher,14025715,Usher,Music,US,person,382,
2026-10-02,usnavy,2917366,US Navy,Public figures,US,org,882,
2026-10-02,vancityreynolds,49175937,Ryan Reynolds,Film & TV,US,person,134,
2026-10-02,vanessa.paradis,382805,Vanessa Paradis,Music,FR,person,1876,
2026-10-02,vanessahudgens,47718844,Vanessa Hudgens,Film & TV,US,person,138,Music
2026-10-02,varundvn,45071587,VarunDhawan,Film & TV,IN,person,147,
2026-10-02,venevision,2389883,VENEVISION,Media,VE,org,967,
2026-10-02,verafarmiga,1608859,Vera Farmiga,Film & TV,US,person,1177,
2026-10-02,vichka35,691164,Victoria Azarenka,Sports,BY,person,1588,
2026-10-02,victoriabeckham,33091895,Victoria Beckham,Fashion & beauty,GB,person,190,Music
2026-10-02,victoriassecret,76808889,Victoria's Secret,Fashion & beauty,US,org,61,
2026-10-02,vicvaldes1,68,Vic valdes,Sports,ES,person,2318,
2026-10-02,vindiesel,103448680,Vin Diesel,Film & TV,US,person,37,
2026-10-02,vinijr,64006206,Vinicius Jr.,Sports,BR,person,82,
2026-10-02,violadavis,12195516,VIOLA DAVIS,Film & TV,US,person,413,
2026-10-02,virat.kohli,271492894,Virat Kohli,Sports,IN,person,14,
2026-10-02,virgilvandijk,17876436,Virgil,Sports,NL,person,306,
2026-10-02,visca96barca,862981,Anton / ViscaBarca,Creators,DE,person,1485,
2026-10-02,visitthecapitol,17491,U.S. Capitol,Public figures,US,org,2249,
2026-10-02,vitaliyklitschko,514756,Віталій Кличко,Public figures,UA,person,1731,
2026-10-02,vp,15423383,Vice President JD Vance,Public figures,US,person,349,
2026-10-02,warriors,31499690,Golden State Warriors,Sports,US,org,196,
2026-10-02,watfordfcofficial,1199740,Watford FC,Sports,GB,org,1344,
2026-10-02,waynerooney,15712973,Wayne Rooney,Sports,GB,person,344,
2026-10-02,wdohwan,8380914,우도환,Film & TV,KR,person,528,
2026-10-02,wesleysneijder,3014289,Wesley Sneijder,Sports,NL,person,870,
2026-10-02,whichuk,526234,Which?,Media,GB,org,1716,
2026-10-02,whinderssonnunes,54304763,Whindersson Nunes,Creators,BR,person,119,
2026-10-02,whitehouse,12504741,The White House,Public figures,US,org,409,
2026-10-02,who,11754613,World Health Organization,Public figures,CH,org,431,
2026-10-02,willsmith,67649944,Will Smith,Film & TV,US,person,74,Music
2026-10-02,wimbledon,8317619,Wimbledon,Sports,GB,org,531,
2026-10-02,wonjianolive,982287,원지안,Film & TV,KR,person,1431,
2026-10-02,woodyharrelson,3946142,Woody Harrelson,Film & TV,US,person,777,
2026-10-02,worldeconomicforum,5168705,World Economic Forum,Public figures,CH,org,695,
2026-10-02,worldtradeorganization,89014,WTO OMC,Public figures,CH,org,2141,
2026-10-02,wwe,35433248,WWE,Brands,US,org,180,
2026-10-02,wwf,2643372,WWF International,Public figures,CH,org,922,
2026-10-02,xabialonso,13486919,Xabi Alonso,Sports,ES,person,391,
2026-10-02,xavi,11861335,Xavi Hernández,Sports,ES,person,426,
2026-10-02,xeesoxee,16710744,한소희,Film & TV,KR,person,328,
2026-10-02,xtina,10310227,Christina Aguilera,Music,US,person,464,
2026-10-02,yaemina,632445,Emina Jahovic,Music,TR,person,1629,
2026-10-02,yairlapid,168066,Yair Lapid - יאיר לפיד,Public figures,IL,person,2062,
2026-10-02,ye,20440481,Ye,Music,US,person,273,Fashion & beauty
2026-10-02,yong.lixx,36397819,Felix,Music,AU,person,177,
2026-10-02,youtube,30442291,YouTube,Brands,US,org,199,
2026-10-02,zacefron,57535293,Zac Efron,Film & TV,US,person,102,
2026-10-02,zachking,31933322,Zach King,Creators,US,person,195,
2026-10-02,zara,61658433,ZARA,Fashion & beauty,ES,org,85,
2026-10-02,zaralarsson,13368569,Zara Larsson,Music,SE,person,395,
2026-10-02,zayn,50991724,Zayn Malik,Music,GB,person,127,
2026-10-02,zelenskyy_official,16050198,Володимир Зеленський,Public figures,UA,person,337,
2026-10-02,zendaya,178619844,Zendaya,Film & TV,US,person,21,
2026-10-02,zhirinovskiy,477543,Владимир Жириновский,Public figures,RU,person,1770,
2026-10-02,zico,4052519,Arthur Antunes Coimbra,Sports,BR,person,766,
2026-10-02,zidane,44467568,zidane,Sports,FR,person,150,
2026-10-02,zoesaldana,11540197,Zoe Saldaña,Film & TV,US,person,436,
2026-10-02,zohrankmamdani,12536481,Zohran Kwame Mamdani,Public figures,US,person,408,
2026-10-02,zooeydeschanel,8088265,Zooey Deschanel,Music,US,person,543,
2026-10-02,zuck,17268974,Mark Zuckerberg,Public figures,US,person,316,
2026-10-02,zuzana_caputova,477681,Zuzana Čaputová,Public figures,SK,person,1769,
